Pin,ITER,PARAM,TAP,Domain,Register,Field,Size,Base,ExpectedData,LowLimit,HighLimit,StringData,ItuffToken,ItuffDescriptor,ExitPort,StorageToken,Equation
CPU_TDO,0,UGB_BOT,ATOMSLICE0_DLVRLATOM,ATOM0,DLVR_TAP_TRIM_STATUS,DFX_TRIM_DONE,1,-,-,0,31,-,,,-,-,-
CPU_TDO,0,UGB_BOT,ATOMSLICE0_DLVRLATOM,ATOM0,DLVR_TAP_TRIM_STATUS,DFX_TRIM_ERR,1,-,-,0,31,-,,,-,-,-
CPU_TDO,0,UGB_BOT,ATOMSLICE0_DLVRLATOM,ATOM0,DLVR_TAP_TRIM_STATUS,DFX_TRIM_CODE,5,-,-,0,31,-,,,-,I:DUT.CPU_ATOM0_UGB_BOT_0,-
CPU_TDO,0,UGB_BOT,ATOMSLICE0_DLVRRATOM,ATOM1,DLVR_TAP_TRIM_STATUS,DFX_TRIM_DONE,1,-,-,0,31,-,,,-,-,-
CPU_TDO,0,UGB_BOT,ATOMSLICE0_DLVRRATOM,ATOM1,DLVR_TAP_TRIM_STATUS,DFX_TRIM_ERR,1,-,-,0,31,-,,,-,-,-
CPU_TDO,0,UGB_BOT,ATOMSLICE0_DLVRRATOM,ATOM1,DLVR_TAP_TRIM_STATUS,DFX_TRIM_CODE,5,-,-,0,31,-,,,-,I:DUT.CPU_ATOM1_UGB_BOT_0,-
CPU_TDO,0,UGB_BOT,ATOMSLICE1_DLVRLATOM,ATOM2,DLVR_TAP_TRIM_STATUS,DFX_TRIM_DONE,1,-,-,0,31,-,,,-,-,-
CPU_TDO,0,UGB_BOT,ATOMSLICE1_DLVRLATOM,ATOM2,DLVR_TAP_TRIM_STATUS,DFX_TRIM_ERR,1,-,-,0,31,-,,,-,-,-
CPU_TDO,0,UGB_BOT,ATOMSLICE1_DLVRLATOM,ATOM2,DLVR_TAP_TRIM_STATUS,DFX_TRIM_CODE,5,-,-,0,31,-,,,-,I:DUT.CPU_ATOM2_UGB_BOT_0,-
CPU_TDO,0,UGB_BOT,ATOMSLICE1_DLVRRATOM,ATOM3,DLVR_TAP_TRIM_STATUS,DFX_TRIM_DONE,1,-,-,0,31,-,,,-,-,-
CPU_TDO,0,UGB_BOT,ATOMSLICE1_DLVRRATOM,ATOM3,DLVR_TAP_TRIM_STATUS,DFX_TRIM_ERR,1,-,-,0,31,-,,,-,-,-
CPU_TDO,0,UGB_BOT,ATOMSLICE1_DLVRRATOM,ATOM3,DLVR_TAP_TRIM_STATUS,DFX_TRIM_CODE,5,-,-,0,31,-,,,-,I:DUT.CPU_ATOM3_UGB_BOT_0,-
CPU_TDO,0,UGB_BOT,BCSLICE0_BSL_DLVRCORE_BOT,CORE0P,DLVR_TAP_TRIM_STATUS,DFX_TRIM_DONE,1,-,-,0,31,-,,,-,-,-
CPU_TDO,0,UGB_BOT,BCSLICE0_BSL_DLVRCORE_BOT,CORE0P,DLVR_TAP_TRIM_STATUS,DFX_TRIM_ERR,1,-,-,0,31,-,,,-,-,-
CPU_TDO,0,UGB_BOT,BCSLICE0_BSL_DLVRCORE_BOT,CORE0P,DLVR_TAP_TRIM_STATUS,DFX_TRIM_CODE,5,-,-,0,31,-,,,-,I:DUT.CPU_CORE0P_UGB_BOT_0,-
CPU_TDO,0,UGB_BOT,BCSLICE0_BSR_DLVRCORE_BOT,CORE1P,DLVR_TAP_TRIM_STATUS,DFX_TRIM_DONE,1,-,-,0,31,-,,,-,-,-
CPU_TDO,0,UGB_BOT,BCSLICE0_BSR_DLVRCORE_BOT,CORE1P,DLVR_TAP_TRIM_STATUS,DFX_TRIM_ERR,1,-,-,0,31,-,,,-,-,-
CPU_TDO,0,UGB_BOT,BCSLICE0_BSR_DLVRCORE_BOT,CORE1P,DLVR_TAP_TRIM_STATUS,DFX_TRIM_CODE,5,-,-,0,31,-,,,-,I:DUT.CPU_CORE1P_UGB_BOT_0,-
CPU_TDO,0,UGB_BOT,BCSLICE1_BSL_DLVRCORE_BOT,CORE2P,DLVR_TAP_TRIM_STATUS,DFX_TRIM_DONE,1,-,-,0,31,-,,,-,-,-
CPU_TDO,0,UGB_BOT,BCSLICE1_BSL_DLVRCORE_BOT,CORE2P,DLVR_TAP_TRIM_STATUS,DFX_TRIM_ERR,1,-,-,0,31,-,,,-,-,-
CPU_TDO,0,UGB_BOT,BCSLICE1_BSL_DLVRCORE_BOT,CORE2P,DLVR_TAP_TRIM_STATUS,DFX_TRIM_CODE,5,-,-,0,31,-,,,-,I:DUT.CPU_CORE2P_UGB_BOT_0,-
CPU_TDO,0,UGB_BOT,BCSLICE1_BSR_DLVRCORE_BOT,CORE3P,DLVR_TAP_TRIM_STATUS,DFX_TRIM_DONE,1,-,-,0,31,-,,,-,-,-
CPU_TDO,0,UGB_BOT,BCSLICE1_BSR_DLVRCORE_BOT,CORE3P,DLVR_TAP_TRIM_STATUS,DFX_TRIM_ERR,1,-,-,0,31,-,,,-,-,-
CPU_TDO,0,UGB_BOT,BCSLICE1_BSR_DLVRCORE_BOT,CORE3P,DLVR_TAP_TRIM_STATUS,DFX_TRIM_CODE,5,-,-,0,31,-,,,-,I:DUT.CPU_CORE3P_UGB_BOT_0,-
CPU_TDO,0,UGB_BOT,BCSLICE0_BSL_DLVRRING,RINGPRIM,DLVR_TAP_TRIM_STATUS,DFX_TRIM_DONE,1,-,-,0,31,-,,,-,-,-
CPU_TDO,0,UGB_BOT,BCSLICE0_BSL_DLVRRING,RINGPRIM,DLVR_TAP_TRIM_STATUS,DFX_TRIM_ERR,1,-,-,0,31,-,,,-,-,-
CPU_TDO,0,UGB_BOT,BCSLICE0_BSL_DLVRRING,RINGPRIM,DLVR_TAP_TRIM_STATUS,DFX_TRIM_CODE,5,-,-,0,31,-,,,-,I:DUT.CPU_RINGPRIM_UGB_BOT_0,-
CPU_TDO,0,UGB_TOP,ATOMSLICE0_DLVRLATOM,ATOM0,DLVR_TAP_TRIM_STATUS,DFX_TRIM_DONE,1,-,-,0,31,-,,,-,-,-
CPU_TDO,0,UGB_TOP,ATOMSLICE0_DLVRLATOM,ATOM0,DLVR_TAP_TRIM_STATUS,DFX_TRIM_ERR,1,-,-,0,31,-,,,-,-,-
CPU_TDO,0,UGB_TOP,ATOMSLICE0_DLVRLATOM,ATOM0,DLVR_TAP_TRIM_STATUS,DFX_TRIM_CODE,5,-,-,0,31,-,,,-,I:DUT.CPU_ATOM0_UGB_TOP_0,-
CPU_TDO,0,UGB_TOP,ATOMSLICE0_DLVRRATOM,ATOM1,DLVR_TAP_TRIM_STATUS,DFX_TRIM_DONE,1,-,-,0,31,-,,,-,-,-
CPU_TDO,0,UGB_TOP,ATOMSLICE0_DLVRRATOM,ATOM1,DLVR_TAP_TRIM_STATUS,DFX_TRIM_ERR,1,-,-,0,31,-,,,-,-,-
CPU_TDO,0,UGB_TOP,ATOMSLICE0_DLVRRATOM,ATOM1,DLVR_TAP_TRIM_STATUS,DFX_TRIM_CODE,5,-,-,0,31,-,,,-,I:DUT.CPU_ATOM1_UGB_TOP_0,-
CPU_TDO,0,UGB_TOP,ATOMSLICE1_DLVRLATOM,ATOM2,DLVR_TAP_TRIM_STATUS,DFX_TRIM_DONE,1,-,-,0,31,-,,,-,-,-
CPU_TDO,0,UGB_TOP,ATOMSLICE1_DLVRLATOM,ATOM2,DLVR_TAP_TRIM_STATUS,DFX_TRIM_ERR,1,-,-,0,31,-,,,-,-,-
CPU_TDO,0,UGB_TOP,ATOMSLICE1_DLVRLATOM,ATOM2,DLVR_TAP_TRIM_STATUS,DFX_TRIM_CODE,5,-,-,0,31,-,,,-,I:DUT.CPU_ATOM2_UGB_TOP_0,-
CPU_TDO,0,UGB_TOP,ATOMSLICE1_DLVRRATOM,ATOM3,DLVR_TAP_TRIM_STATUS,DFX_TRIM_DONE,1,-,-,0,31,-,,,-,-,-
CPU_TDO,0,UGB_TOP,ATOMSLICE1_DLVRRATOM,ATOM3,DLVR_TAP_TRIM_STATUS,DFX_TRIM_ERR,1,-,-,0,31,-,,,-,-,-
CPU_TDO,0,UGB_TOP,ATOMSLICE1_DLVRRATOM,ATOM3,DLVR_TAP_TRIM_STATUS,DFX_TRIM_CODE,5,-,-,0,31,-,,,-,I:DUT.CPU_ATOM3_UGB_TOP_0,-
CPU_TDO,0,UGB_TOP,BCSLICE0_BSL_DLVRCORE_BOT,CORE0P,DLVR_TAP_TRIM_STATUS,DFX_TRIM_DONE,1,-,-,0,31,-,,,-,-,-
CPU_TDO,0,UGB_TOP,BCSLICE0_BSL_DLVRCORE_BOT,CORE0P,DLVR_TAP_TRIM_STATUS,DFX_TRIM_ERR,1,-,-,0,31,-,,,-,-,-
CPU_TDO,0,UGB_TOP,BCSLICE0_BSL_DLVRCORE_BOT,CORE0P,DLVR_TAP_TRIM_STATUS,DFX_TRIM_CODE,5,-,-,0,31,-,,,-,I:DUT.CPU_CORE0P_UGB_TOP_0,-
CPU_TDO,0,UGB_TOP,BCSLICE0_BSR_DLVRCORE_BOT,CORE1P,DLVR_TAP_TRIM_STATUS,DFX_TRIM_DONE,1,-,-,0,31,-,,,-,-,-
CPU_TDO,0,UGB_TOP,BCSLICE0_BSR_DLVRCORE_BOT,CORE1P,DLVR_TAP_TRIM_STATUS,DFX_TRIM_ERR,1,-,-,0,31,-,,,-,-,-
CPU_TDO,0,UGB_TOP,BCSLICE0_BSR_DLVRCORE_BOT,CORE1P,DLVR_TAP_TRIM_STATUS,DFX_TRIM_CODE,5,-,-,0,31,-,,,-,I:DUT.CPU_CORE1P_UGB_TOP_0,-
CPU_TDO,0,UGB_TOP,BCSLICE1_BSL_DLVRCORE_BOT,CORE2P,DLVR_TAP_TRIM_STATUS,DFX_TRIM_DONE,1,-,-,0,31,-,,,-,-,-
CPU_TDO,0,UGB_TOP,BCSLICE1_BSL_DLVRCORE_BOT,CORE2P,DLVR_TAP_TRIM_STATUS,DFX_TRIM_ERR,1,-,-,0,31,-,,,-,-,-
CPU_TDO,0,UGB_TOP,BCSLICE1_BSL_DLVRCORE_BOT,CORE2P,DLVR_TAP_TRIM_STATUS,DFX_TRIM_CODE,5,-,-,0,31,-,,,-,I:DUT.CPU_CORE2P_UGB_TOP_0,-
CPU_TDO,0,UGB_TOP,BCSLICE1_BSR_DLVRCORE_BOT,CORE3P,DLVR_TAP_TRIM_STATUS,DFX_TRIM_DONE,1,-,-,0,31,-,,,-,-,-
CPU_TDO,0,UGB_TOP,BCSLICE1_BSR_DLVRCORE_BOT,CORE3P,DLVR_TAP_TRIM_STATUS,DFX_TRIM_ERR,1,-,-,0,31,-,,,-,-,-
CPU_TDO,0,UGB_TOP,BCSLICE1_BSR_DLVRCORE_BOT,CORE3P,DLVR_TAP_TRIM_STATUS,DFX_TRIM_CODE,5,-,-,0,31,-,,,-,I:DUT.CPU_CORE3P_UGB_TOP_0,-
CPU_TDO,0,UGB_TOP,BCSLICE0_BSL_DLVRRING,RINGPRIM,DLVR_TAP_TRIM_STATUS,DFX_TRIM_DONE,1,-,-,0,31,-,,,-,-,-
CPU_TDO,0,UGB_TOP,BCSLICE0_BSL_DLVRRING,RINGPRIM,DLVR_TAP_TRIM_STATUS,DFX_TRIM_ERR,1,-,-,0,31,-,,,-,-,-
CPU_TDO,0,UGB_TOP,BCSLICE0_BSL_DLVRRING,RINGPRIM,DLVR_TAP_TRIM_STATUS,DFX_TRIM_CODE,5,-,-,0,31,-,,,-,I:DUT.CPU_RINGPRIM_UGB_TOP_0,-
CPU_TDO,1,UGB_BOT,ATOMSLICE0_DLVRLATOM,ATOM0,DLVR_TAP_TRIM_STATUS,DFX_TRIM_DONE,1,-,-,0,31,-,,,-,-,-
CPU_TDO,1,UGB_BOT,ATOMSLICE0_DLVRLATOM,ATOM0,DLVR_TAP_TRIM_STATUS,DFX_TRIM_ERR,1,-,-,0,31,-,,,-,-,-
CPU_TDO,1,UGB_BOT,ATOMSLICE0_DLVRLATOM,ATOM0,DLVR_TAP_TRIM_STATUS,DFX_TRIM_CODE,5,-,-,0,31,-,,,-,I:DUT.CPU_ATOM0_UGB_BOT_1,-
CPU_TDO,1,UGB_BOT,ATOMSLICE0_DLVRRATOM,ATOM1,DLVR_TAP_TRIM_STATUS,DFX_TRIM_DONE,1,-,-,0,31,-,,,-,-,-
CPU_TDO,1,UGB_BOT,ATOMSLICE0_DLVRRATOM,ATOM1,DLVR_TAP_TRIM_STATUS,DFX_TRIM_ERR,1,-,-,0,31,-,,,-,-,-
CPU_TDO,1,UGB_BOT,ATOMSLICE0_DLVRRATOM,ATOM1,DLVR_TAP_TRIM_STATUS,DFX_TRIM_CODE,5,-,-,0,31,-,,,-,I:DUT.CPU_ATOM1_UGB_BOT_1,-
CPU_TDO,1,UGB_BOT,ATOMSLICE1_DLVRLATOM,ATOM2,DLVR_TAP_TRIM_STATUS,DFX_TRIM_DONE,1,-,-,0,31,-,,,-,-,-
CPU_TDO,1,UGB_BOT,ATOMSLICE1_DLVRLATOM,ATOM2,DLVR_TAP_TRIM_STATUS,DFX_TRIM_ERR,1,-,-,0,31,-,,,-,-,-
CPU_TDO,1,UGB_BOT,ATOMSLICE1_DLVRLATOM,ATOM2,DLVR_TAP_TRIM_STATUS,DFX_TRIM_CODE,5,-,-,0,31,-,,,-,I:DUT.CPU_ATOM2_UGB_BOT_1,-
CPU_TDO,1,UGB_BOT,ATOMSLICE1_DLVRRATOM,ATOM3,DLVR_TAP_TRIM_STATUS,DFX_TRIM_DONE,1,-,-,0,31,-,,,-,-,-
CPU_TDO,1,UGB_BOT,ATOMSLICE1_DLVRRATOM,ATOM3,DLVR_TAP_TRIM_STATUS,DFX_TRIM_ERR,1,-,-,0,31,-,,,-,-,-
CPU_TDO,1,UGB_BOT,ATOMSLICE1_DLVRRATOM,ATOM3,DLVR_TAP_TRIM_STATUS,DFX_TRIM_CODE,5,-,-,0,31,-,,,-,I:DUT.CPU_ATOM3_UGB_BOT_1,-
CPU_TDO,1,UGB_BOT,BCSLICE0_BSL_DLVRCORE_BOT,CORE0P,DLVR_TAP_TRIM_STATUS,DFX_TRIM_DONE,1,-,-,0,31,-,,,-,-,-
CPU_TDO,1,UGB_BOT,BCSLICE0_BSL_DLVRCORE_BOT,CORE0P,DLVR_TAP_TRIM_STATUS,DFX_TRIM_ERR,1,-,-,0,31,-,,,-,-,-
CPU_TDO,1,UGB_BOT,BCSLICE0_BSL_DLVRCORE_BOT,CORE0P,DLVR_TAP_TRIM_STATUS,DFX_TRIM_CODE,5,-,-,0,31,-,,,-,I:DUT.CPU_CORE0P_UGB_BOT_1,-
CPU_TDO,1,UGB_BOT,BCSLICE0_BSR_DLVRCORE_BOT,CORE1P,DLVR_TAP_TRIM_STATUS,DFX_TRIM_DONE,1,-,-,0,31,-,,,-,-,-
CPU_TDO,1,UGB_BOT,BCSLICE0_BSR_DLVRCORE_BOT,CORE1P,DLVR_TAP_TRIM_STATUS,DFX_TRIM_ERR,1,-,-,0,31,-,,,-,-,-
CPU_TDO,1,UGB_BOT,BCSLICE0_BSR_DLVRCORE_BOT,CORE1P,DLVR_TAP_TRIM_STATUS,DFX_TRIM_CODE,5,-,-,0,31,-,,,-,I:DUT.CPU_CORE1P_UGB_BOT_1,-
CPU_TDO,1,UGB_BOT,BCSLICE1_BSL_DLVRCORE_BOT,CORE2P,DLVR_TAP_TRIM_STATUS,DFX_TRIM_DONE,1,-,-,0,31,-,,,-,-,-
CPU_TDO,1,UGB_BOT,BCSLICE1_BSL_DLVRCORE_BOT,CORE2P,DLVR_TAP_TRIM_STATUS,DFX_TRIM_ERR,1,-,-,0,31,-,,,-,-,-
CPU_TDO,1,UGB_BOT,BCSLICE1_BSL_DLVRCORE_BOT,CORE2P,DLVR_TAP_TRIM_STATUS,DFX_TRIM_CODE,5,-,-,0,31,-,,,-,I:DUT.CPU_CORE2P_UGB_BOT_1,-
CPU_TDO,1,UGB_BOT,BCSLICE1_BSR_DLVRCORE_BOT,CORE3P,DLVR_TAP_TRIM_STATUS,DFX_TRIM_DONE,1,-,-,0,31,-,,,-,-,-
CPU_TDO,1,UGB_BOT,BCSLICE1_BSR_DLVRCORE_BOT,CORE3P,DLVR_TAP_TRIM_STATUS,DFX_TRIM_ERR,1,-,-,0,31,-,,,-,-,-
CPU_TDO,1,UGB_BOT,BCSLICE1_BSR_DLVRCORE_BOT,CORE3P,DLVR_TAP_TRIM_STATUS,DFX_TRIM_CODE,5,-,-,0,31,-,,,-,I:DUT.CPU_CORE3P_UGB_BOT_1,-
CPU_TDO,1,UGB_BOT,BCSLICE0_BSL_DLVRRING,RINGPRIM,DLVR_TAP_TRIM_STATUS,DFX_TRIM_DONE,1,-,-,0,31,-,,,-,-,-
CPU_TDO,1,UGB_BOT,BCSLICE0_BSL_DLVRRING,RINGPRIM,DLVR_TAP_TRIM_STATUS,DFX_TRIM_ERR,1,-,-,0,31,-,,,-,-,-
CPU_TDO,1,UGB_BOT,BCSLICE0_BSL_DLVRRING,RINGPRIM,DLVR_TAP_TRIM_STATUS,DFX_TRIM_CODE,5,-,-,0,31,-,,,-,I:DUT.CPU_RINGPRIM_UGB_BOT_1,-
CPU_TDO,1,UGB_TOP,ATOMSLICE0_DLVRLATOM,ATOM0,DLVR_TAP_TRIM_STATUS,DFX_TRIM_DONE,1,-,-,0,31,-,,,-,-,-
CPU_TDO,1,UGB_TOP,ATOMSLICE0_DLVRLATOM,ATOM0,DLVR_TAP_TRIM_STATUS,DFX_TRIM_ERR,1,-,-,0,31,-,,,-,-,-
CPU_TDO,1,UGB_TOP,ATOMSLICE0_DLVRLATOM,ATOM0,DLVR_TAP_TRIM_STATUS,DFX_TRIM_CODE,5,-,-,0,31,-,,,-,I:DUT.CPU_ATOM0_UGB_TOP_1,-
CPU_TDO,1,UGB_TOP,ATOMSLICE0_DLVRRATOM,ATOM1,DLVR_TAP_TRIM_STATUS,DFX_TRIM_DONE,1,-,-,0,31,-,,,-,-,-
CPU_TDO,1,UGB_TOP,ATOMSLICE0_DLVRRATOM,ATOM1,DLVR_TAP_TRIM_STATUS,DFX_TRIM_ERR,1,-,-,0,31,-,,,-,-,-
CPU_TDO,1,UGB_TOP,ATOMSLICE0_DLVRRATOM,ATOM1,DLVR_TAP_TRIM_STATUS,DFX_TRIM_CODE,5,-,-,0,31,-,,,-,I:DUT.CPU_ATOM1_UGB_TOP_1,-
CPU_TDO,1,UGB_TOP,ATOMSLICE1_DLVRLATOM,ATOM2,DLVR_TAP_TRIM_STATUS,DFX_TRIM_DONE,1,-,-,0,31,-,,,-,-,-
CPU_TDO,1,UGB_TOP,ATOMSLICE1_DLVRLATOM,ATOM2,DLVR_TAP_TRIM_STATUS,DFX_TRIM_ERR,1,-,-,0,31,-,,,-,-,-
CPU_TDO,1,UGB_TOP,ATOMSLICE1_DLVRLATOM,ATOM2,DLVR_TAP_TRIM_STATUS,DFX_TRIM_CODE,5,-,-,0,31,-,,,-,I:DUT.CPU_ATOM2_UGB_TOP_1,-
CPU_TDO,1,UGB_TOP,ATOMSLICE1_DLVRRATOM,ATOM3,DLVR_TAP_TRIM_STATUS,DFX_TRIM_DONE,1,-,-,0,31,-,,,-,-,-
CPU_TDO,1,UGB_TOP,ATOMSLICE1_DLVRRATOM,ATOM3,DLVR_TAP_TRIM_STATUS,DFX_TRIM_ERR,1,-,-,0,31,-,,,-,-,-
CPU_TDO,1,UGB_TOP,ATOMSLICE1_DLVRRATOM,ATOM3,DLVR_TAP_TRIM_STATUS,DFX_TRIM_CODE,5,-,-,0,31,-,,,-,I:DUT.CPU_ATOM3_UGB_TOP_1,-
CPU_TDO,1,UGB_TOP,BCSLICE0_BSL_DLVRCORE_BOT,CORE0P,DLVR_TAP_TRIM_STATUS,DFX_TRIM_DONE,1,-,-,0,31,-,,,-,-,-
CPU_TDO,1,UGB_TOP,BCSLICE0_BSL_DLVRCORE_BOT,CORE0P,DLVR_TAP_TRIM_STATUS,DFX_TRIM_ERR,1,-,-,0,31,-,,,-,-,-
CPU_TDO,1,UGB_TOP,BCSLICE0_BSL_DLVRCORE_BOT,CORE0P,DLVR_TAP_TRIM_STATUS,DFX_TRIM_CODE,5,-,-,0,31,-,,,-,I:DUT.CPU_CORE0P_UGB_TOP_1,-
CPU_TDO,1,UGB_TOP,BCSLICE0_BSR_DLVRCORE_BOT,CORE1P,DLVR_TAP_TRIM_STATUS,DFX_TRIM_DONE,1,-,-,0,31,-,,,-,-,-
CPU_TDO,1,UGB_TOP,BCSLICE0_BSR_DLVRCORE_BOT,CORE1P,DLVR_TAP_TRIM_STATUS,DFX_TRIM_ERR,1,-,-,0,31,-,,,-,-,-
CPU_TDO,1,UGB_TOP,BCSLICE0_BSR_DLVRCORE_BOT,CORE1P,DLVR_TAP_TRIM_STATUS,DFX_TRIM_CODE,5,-,-,0,31,-,,,-,I:DUT.CPU_CORE1P_UGB_TOP_1,-
CPU_TDO,1,UGB_TOP,BCSLICE1_BSL_DLVRCORE_BOT,CORE2P,DLVR_TAP_TRIM_STATUS,DFX_TRIM_DONE,1,-,-,0,31,-,,,-,-,-
CPU_TDO,1,UGB_TOP,BCSLICE1_BSL_DLVRCORE_BOT,CORE2P,DLVR_TAP_TRIM_STATUS,DFX_TRIM_ERR,1,-,-,0,31,-,,,-,-,-
CPU_TDO,1,UGB_TOP,BCSLICE1_BSL_DLVRCORE_BOT,CORE2P,DLVR_TAP_TRIM_STATUS,DFX_TRIM_CODE,5,-,-,0,31,-,,,-,I:DUT.CPU_CORE2P_UGB_TOP_1,-
CPU_TDO,1,UGB_TOP,BCSLICE1_BSR_DLVRCORE_BOT,CORE3P,DLVR_TAP_TRIM_STATUS,DFX_TRIM_DONE,1,-,-,0,31,-,,,-,-,-
CPU_TDO,1,UGB_TOP,BCSLICE1_BSR_DLVRCORE_BOT,CORE3P,DLVR_TAP_TRIM_STATUS,DFX_TRIM_ERR,1,-,-,0,31,-,,,-,-,-
CPU_TDO,1,UGB_TOP,BCSLICE1_BSR_DLVRCORE_BOT,CORE3P,DLVR_TAP_TRIM_STATUS,DFX_TRIM_CODE,5,-,-,0,31,-,,,-,I:DUT.CPU_CORE3P_UGB_TOP_1,-
CPU_TDO,1,UGB_TOP,BCSLICE0_BSL_DLVRRING,RINGPRIM,DLVR_TAP_TRIM_STATUS,DFX_TRIM_DONE,1,-,-,0,31,-,,,-,-,-
CPU_TDO,1,UGB_TOP,BCSLICE0_BSL_DLVRRING,RINGPRIM,DLVR_TAP_TRIM_STATUS,DFX_TRIM_ERR,1,-,-,0,31,-,,,-,-,-
CPU_TDO,1,UGB_TOP,BCSLICE0_BSL_DLVRRING,RINGPRIM,DLVR_TAP_TRIM_STATUS,DFX_TRIM_CODE,5,-,-,0,31,-,,,-,I:DUT.CPU_RINGPRIM_UGB_TOP_1,-
CPU_TDO,2,UGB_BOT,ATOMSLICE0_DLVRLATOM,ATOM0,DLVR_TAP_TRIM_STATUS,DFX_TRIM_DONE,1,-,-,0,31,-,,,-,-,-
CPU_TDO,2,UGB_BOT,ATOMSLICE0_DLVRLATOM,ATOM0,DLVR_TAP_TRIM_STATUS,DFX_TRIM_ERR,1,-,-,0,31,-,,,-,-,-
CPU_TDO,2,UGB_BOT,ATOMSLICE0_DLVRLATOM,ATOM0,DLVR_TAP_TRIM_STATUS,DFX_TRIM_CODE,5,-,-,0,31,-,,,-,I:DUT.CPU_ATOM0_UGB_BOT_2,-
CPU_TDO,2,UGB_BOT,ATOMSLICE0_DLVRRATOM,ATOM1,DLVR_TAP_TRIM_STATUS,DFX_TRIM_DONE,1,-,-,0,31,-,,,-,-,-
CPU_TDO,2,UGB_BOT,ATOMSLICE0_DLVRRATOM,ATOM1,DLVR_TAP_TRIM_STATUS,DFX_TRIM_ERR,1,-,-,0,31,-,,,-,-,-
CPU_TDO,2,UGB_BOT,ATOMSLICE0_DLVRRATOM,ATOM1,DLVR_TAP_TRIM_STATUS,DFX_TRIM_CODE,5,-,-,0,31,-,,,-,I:DUT.CPU_ATOM1_UGB_BOT_2,-
CPU_TDO,2,UGB_BOT,ATOMSLICE1_DLVRLATOM,ATOM2,DLVR_TAP_TRIM_STATUS,DFX_TRIM_DONE,1,-,-,0,31,-,,,-,-,-
CPU_TDO,2,UGB_BOT,ATOMSLICE1_DLVRLATOM,ATOM2,DLVR_TAP_TRIM_STATUS,DFX_TRIM_ERR,1,-,-,0,31,-,,,-,-,-
CPU_TDO,2,UGB_BOT,ATOMSLICE1_DLVRLATOM,ATOM2,DLVR_TAP_TRIM_STATUS,DFX_TRIM_CODE,5,-,-,0,31,-,,,-,I:DUT.CPU_ATOM2_UGB_BOT_2,-
CPU_TDO,2,UGB_BOT,ATOMSLICE1_DLVRRATOM,ATOM3,DLVR_TAP_TRIM_STATUS,DFX_TRIM_DONE,1,-,-,0,31,-,,,-,-,-
CPU_TDO,2,UGB_BOT,ATOMSLICE1_DLVRRATOM,ATOM3,DLVR_TAP_TRIM_STATUS,DFX_TRIM_ERR,1,-,-,0,31,-,,,-,-,-
CPU_TDO,2,UGB_BOT,ATOMSLICE1_DLVRRATOM,ATOM3,DLVR_TAP_TRIM_STATUS,DFX_TRIM_CODE,5,-,-,0,31,-,,,-,I:DUT.CPU_ATOM3_UGB_BOT_2,-
CPU_TDO,2,UGB_BOT,BCSLICE0_BSL_DLVRCORE_BOT,CORE0P,DLVR_TAP_TRIM_STATUS,DFX_TRIM_DONE,1,-,-,0,31,-,,,-,-,-
CPU_TDO,2,UGB_BOT,BCSLICE0_BSL_DLVRCORE_BOT,CORE0P,DLVR_TAP_TRIM_STATUS,DFX_TRIM_ERR,1,-,-,0,31,-,,,-,-,-
CPU_TDO,2,UGB_BOT,BCSLICE0_BSL_DLVRCORE_BOT,CORE0P,DLVR_TAP_TRIM_STATUS,DFX_TRIM_CODE,5,-,-,0,31,-,,,-,I:DUT.CPU_CORE0P_UGB_BOT_2,-
CPU_TDO,2,UGB_BOT,BCSLICE0_BSR_DLVRCORE_BOT,CORE1P,DLVR_TAP_TRIM_STATUS,DFX_TRIM_DONE,1,-,-,0,31,-,,,-,-,-
CPU_TDO,2,UGB_BOT,BCSLICE0_BSR_DLVRCORE_BOT,CORE1P,DLVR_TAP_TRIM_STATUS,DFX_TRIM_ERR,1,-,-,0,31,-,,,-,-,-
CPU_TDO,2,UGB_BOT,BCSLICE0_BSR_DLVRCORE_BOT,CORE1P,DLVR_TAP_TRIM_STATUS,DFX_TRIM_CODE,5,-,-,0,31,-,,,-,I:DUT.CPU_CORE1P_UGB_BOT_2,-
CPU_TDO,2,UGB_BOT,BCSLICE1_BSL_DLVRCORE_BOT,CORE2P,DLVR_TAP_TRIM_STATUS,DFX_TRIM_DONE,1,-,-,0,31,-,,,-,-,-
CPU_TDO,2,UGB_BOT,BCSLICE1_BSL_DLVRCORE_BOT,CORE2P,DLVR_TAP_TRIM_STATUS,DFX_TRIM_ERR,1,-,-,0,31,-,,,-,-,-
CPU_TDO,2,UGB_BOT,BCSLICE1_BSL_DLVRCORE_BOT,CORE2P,DLVR_TAP_TRIM_STATUS,DFX_TRIM_CODE,5,-,-,0,31,-,,,-,I:DUT.CPU_CORE2P_UGB_BOT_2,-
CPU_TDO,2,UGB_BOT,BCSLICE1_BSR_DLVRCORE_BOT,CORE3P,DLVR_TAP_TRIM_STATUS,DFX_TRIM_DONE,1,-,-,0,31,-,,,-,-,-
CPU_TDO,2,UGB_BOT,BCSLICE1_BSR_DLVRCORE_BOT,CORE3P,DLVR_TAP_TRIM_STATUS,DFX_TRIM_ERR,1,-,-,0,31,-,,,-,-,-
CPU_TDO,2,UGB_BOT,BCSLICE1_BSR_DLVRCORE_BOT,CORE3P,DLVR_TAP_TRIM_STATUS,DFX_TRIM_CODE,5,-,-,0,31,-,,,-,I:DUT.CPU_CORE3P_UGB_BOT_2,-
CPU_TDO,2,UGB_BOT,BCSLICE0_BSL_DLVRRING,RINGPRIM,DLVR_TAP_TRIM_STATUS,DFX_TRIM_DONE,1,-,-,0,31,-,,,-,-,-
CPU_TDO,2,UGB_BOT,BCSLICE0_BSL_DLVRRING,RINGPRIM,DLVR_TAP_TRIM_STATUS,DFX_TRIM_ERR,1,-,-,0,31,-,,,-,-,-
CPU_TDO,2,UGB_BOT,BCSLICE0_BSL_DLVRRING,RINGPRIM,DLVR_TAP_TRIM_STATUS,DFX_TRIM_CODE,5,-,-,0,31,-,,,-,I:DUT.CPU_RINGPRIM_UGB_BOT_2,-
CPU_TDO,2,UGB_TOP,ATOMSLICE0_DLVRLATOM,ATOM0,DLVR_TAP_TRIM_STATUS,DFX_TRIM_DONE,1,-,-,0,31,-,,,-,-,-
CPU_TDO,2,UGB_TOP,ATOMSLICE0_DLVRLATOM,ATOM0,DLVR_TAP_TRIM_STATUS,DFX_TRIM_ERR,1,-,-,0,31,-,,,-,-,-
CPU_TDO,2,UGB_TOP,ATOMSLICE0_DLVRLATOM,ATOM0,DLVR_TAP_TRIM_STATUS,DFX_TRIM_CODE,5,-,-,0,31,-,,,-,I:DUT.CPU_ATOM0_UGB_TOP_2,-
CPU_TDO,2,UGB_TOP,ATOMSLICE0_DLVRRATOM,ATOM1,DLVR_TAP_TRIM_STATUS,DFX_TRIM_DONE,1,-,-,0,31,-,,,-,-,-
CPU_TDO,2,UGB_TOP,ATOMSLICE0_DLVRRATOM,ATOM1,DLVR_TAP_TRIM_STATUS,DFX_TRIM_ERR,1,-,-,0,31,-,,,-,-,-
CPU_TDO,2,UGB_TOP,ATOMSLICE0_DLVRRATOM,ATOM1,DLVR_TAP_TRIM_STATUS,DFX_TRIM_CODE,5,-,-,0,31,-,,,-,I:DUT.CPU_ATOM1_UGB_TOP_2,-
CPU_TDO,2,UGB_TOP,ATOMSLICE1_DLVRLATOM,ATOM2,DLVR_TAP_TRIM_STATUS,DFX_TRIM_DONE,1,-,-,0,31,-,,,-,-,-
CPU_TDO,2,UGB_TOP,ATOMSLICE1_DLVRLATOM,ATOM2,DLVR_TAP_TRIM_STATUS,DFX_TRIM_ERR,1,-,-,0,31,-,,,-,-,-
CPU_TDO,2,UGB_TOP,ATOMSLICE1_DLVRLATOM,ATOM2,DLVR_TAP_TRIM_STATUS,DFX_TRIM_CODE,5,-,-,0,31,-,,,-,I:DUT.CPU_ATOM2_UGB_TOP_2,-
CPU_TDO,2,UGB_TOP,ATOMSLICE1_DLVRRATOM,ATOM3,DLVR_TAP_TRIM_STATUS,DFX_TRIM_DONE,1,-,-,0,31,-,,,-,-,-
CPU_TDO,2,UGB_TOP,ATOMSLICE1_DLVRRATOM,ATOM3,DLVR_TAP_TRIM_STATUS,DFX_TRIM_ERR,1,-,-,0,31,-,,,-,-,-
CPU_TDO,2,UGB_TOP,ATOMSLICE1_DLVRRATOM,ATOM3,DLVR_TAP_TRIM_STATUS,DFX_TRIM_CODE,5,-,-,0,31,-,,,-,I:DUT.CPU_ATOM3_UGB_TOP_2,-
CPU_TDO,2,UGB_TOP,BCSLICE0_BSL_DLVRCORE_BOT,CORE0P,DLVR_TAP_TRIM_STATUS,DFX_TRIM_DONE,1,-,-,0,31,-,,,-,-,-
CPU_TDO,2,UGB_TOP,BCSLICE0_BSL_DLVRCORE_BOT,CORE0P,DLVR_TAP_TRIM_STATUS,DFX_TRIM_ERR,1,-,-,0,31,-,,,-,-,-
CPU_TDO,2,UGB_TOP,BCSLICE0_BSL_DLVRCORE_BOT,CORE0P,DLVR_TAP_TRIM_STATUS,DFX_TRIM_CODE,5,-,-,0,31,-,,,-,I:DUT.CPU_CORE0P_UGB_TOP_2,-
CPU_TDO,2,UGB_TOP,BCSLICE0_BSR_DLVRCORE_BOT,CORE1P,DLVR_TAP_TRIM_STATUS,DFX_TRIM_DONE,1,-,-,0,31,-,,,-,-,-
CPU_TDO,2,UGB_TOP,BCSLICE0_BSR_DLVRCORE_BOT,CORE1P,DLVR_TAP_TRIM_STATUS,DFX_TRIM_ERR,1,-,-,0,31,-,,,-,-,-
CPU_TDO,2,UGB_TOP,BCSLICE0_BSR_DLVRCORE_BOT,CORE1P,DLVR_TAP_TRIM_STATUS,DFX_TRIM_CODE,5,-,-,0,31,-,,,-,I:DUT.CPU_CORE1P_UGB_TOP_2,-
CPU_TDO,2,UGB_TOP,BCSLICE1_BSL_DLVRCORE_BOT,CORE2P,DLVR_TAP_TRIM_STATUS,DFX_TRIM_DONE,1,-,-,0,31,-,,,-,-,-
CPU_TDO,2,UGB_TOP,BCSLICE1_BSL_DLVRCORE_BOT,CORE2P,DLVR_TAP_TRIM_STATUS,DFX_TRIM_ERR,1,-,-,0,31,-,,,-,-,-
CPU_TDO,2,UGB_TOP,BCSLICE1_BSL_DLVRCORE_BOT,CORE2P,DLVR_TAP_TRIM_STATUS,DFX_TRIM_CODE,5,-,-,0,31,-,,,-,I:DUT.CPU_CORE2P_UGB_TOP_2,-
CPU_TDO,2,UGB_TOP,BCSLICE1_BSR_DLVRCORE_BOT,CORE3P,DLVR_TAP_TRIM_STATUS,DFX_TRIM_DONE,1,-,-,0,31,-,,,-,-,-
CPU_TDO,2,UGB_TOP,BCSLICE1_BSR_DLVRCORE_BOT,CORE3P,DLVR_TAP_TRIM_STATUS,DFX_TRIM_ERR,1,-,-,0,31,-,,,-,-,-
CPU_TDO,2,UGB_TOP,BCSLICE1_BSR_DLVRCORE_BOT,CORE3P,DLVR_TAP_TRIM_STATUS,DFX_TRIM_CODE,5,-,-,0,31,-,,,-,I:DUT.CPU_CORE3P_UGB_TOP_2,-
CPU_TDO,2,UGB_TOP,BCSLICE0_BSL_DLVRRING,RINGPRIM,DLVR_TAP_TRIM_STATUS,DFX_TRIM_DONE,1,-,-,0,31,-,,,-,-,-
CPU_TDO,2,UGB_TOP,BCSLICE0_BSL_DLVRRING,RINGPRIM,DLVR_TAP_TRIM_STATUS,DFX_TRIM_ERR,1,-,-,0,31,-,,,-,-,-
CPU_TDO,2,UGB_TOP,BCSLICE0_BSL_DLVRRING,RINGPRIM,DLVR_TAP_TRIM_STATUS,DFX_TRIM_CODE,5,-,-,0,31,-,,,-,I:DUT.CPU_RINGPRIM_UGB_TOP_2,-
CPU1_TDO,0,UGB_BOT,ATOMSLICE0_DLVRLATOM,ATOM0,DLVR_TAP_TRIM_STATUS,DFX_TRIM_DONE,1,-,-,0,31,-,,,-,-,-
CPU1_TDO,0,UGB_BOT,ATOMSLICE0_DLVRLATOM,ATOM0,DLVR_TAP_TRIM_STATUS,DFX_TRIM_ERR,1,-,-,0,31,-,,,-,-,-
CPU1_TDO,0,UGB_BOT,ATOMSLICE0_DLVRLATOM,ATOM0,DLVR_TAP_TRIM_STATUS,DFX_TRIM_CODE,5,-,-,0,31,-,,,-,I:DUT.CPU1_ATOM0_UGB_BOT_0,-
CPU1_TDO,0,UGB_BOT,ATOMSLICE0_DLVRRATOM,ATOM1,DLVR_TAP_TRIM_STATUS,DFX_TRIM_DONE,1,-,-,0,31,-,,,-,-,-
CPU1_TDO,0,UGB_BOT,ATOMSLICE0_DLVRRATOM,ATOM1,DLVR_TAP_TRIM_STATUS,DFX_TRIM_ERR,1,-,-,0,31,-,,,-,-,-
CPU1_TDO,0,UGB_BOT,ATOMSLICE0_DLVRRATOM,ATOM1,DLVR_TAP_TRIM_STATUS,DFX_TRIM_CODE,5,-,-,0,31,-,,,-,I:DUT.CPU1_ATOM1_UGB_BOT_0,-
CPU1_TDO,0,UGB_BOT,ATOMSLICE1_DLVRLATOM,ATOM2,DLVR_TAP_TRIM_STATUS,DFX_TRIM_DONE,1,-,-,0,31,-,,,-,-,-
CPU1_TDO,0,UGB_BOT,ATOMSLICE1_DLVRLATOM,ATOM2,DLVR_TAP_TRIM_STATUS,DFX_TRIM_ERR,1,-,-,0,31,-,,,-,-,-
CPU1_TDO,0,UGB_BOT,ATOMSLICE1_DLVRLATOM,ATOM2,DLVR_TAP_TRIM_STATUS,DFX_TRIM_CODE,5,-,-,0,31,-,,,-,I:DUT.CPU1_ATOM2_UGB_BOT_0,-
CPU1_TDO,0,UGB_BOT,ATOMSLICE1_DLVRRATOM,ATOM3,DLVR_TAP_TRIM_STATUS,DFX_TRIM_DONE,1,-,-,0,31,-,,,-,-,-
CPU1_TDO,0,UGB_BOT,ATOMSLICE1_DLVRRATOM,ATOM3,DLVR_TAP_TRIM_STATUS,DFX_TRIM_ERR,1,-,-,0,31,-,,,-,-,-
CPU1_TDO,0,UGB_BOT,ATOMSLICE1_DLVRRATOM,ATOM3,DLVR_TAP_TRIM_STATUS,DFX_TRIM_CODE,5,-,-,0,31,-,,,-,I:DUT.CPU1_ATOM3_UGB_BOT_0,-
CPU1_TDO,0,UGB_BOT,BCSLICE0_BSL_DLVRCORE_BOT,CORE0P,DLVR_TAP_TRIM_STATUS,DFX_TRIM_DONE,1,-,-,0,31,-,,,-,-,-
CPU1_TDO,0,UGB_BOT,BCSLICE0_BSL_DLVRCORE_BOT,CORE0P,DLVR_TAP_TRIM_STATUS,DFX_TRIM_ERR,1,-,-,0,31,-,,,-,-,-
CPU1_TDO,0,UGB_BOT,BCSLICE0_BSL_DLVRCORE_BOT,CORE0P,DLVR_TAP_TRIM_STATUS,DFX_TRIM_CODE,5,-,-,0,31,-,,,-,I:DUT.CPU1_CORE0P_UGB_BOT_0,-
CPU1_TDO,0,UGB_BOT,BCSLICE0_BSR_DLVRCORE_BOT,CORE1P,DLVR_TAP_TRIM_STATUS,DFX_TRIM_DONE,1,-,-,0,31,-,,,-,-,-
CPU1_TDO,0,UGB_BOT,BCSLICE0_BSR_DLVRCORE_BOT,CORE1P,DLVR_TAP_TRIM_STATUS,DFX_TRIM_ERR,1,-,-,0,31,-,,,-,-,-
CPU1_TDO,0,UGB_BOT,BCSLICE0_BSR_DLVRCORE_BOT,CORE1P,DLVR_TAP_TRIM_STATUS,DFX_TRIM_CODE,5,-,-,0,31,-,,,-,I:DUT.CPU1_CORE1P_UGB_BOT_0,-
CPU1_TDO,0,UGB_BOT,BCSLICE1_BSL_DLVRCORE_BOT,CORE2P,DLVR_TAP_TRIM_STATUS,DFX_TRIM_DONE,1,-,-,0,31,-,,,-,-,-
CPU1_TDO,0,UGB_BOT,BCSLICE1_BSL_DLVRCORE_BOT,CORE2P,DLVR_TAP_TRIM_STATUS,DFX_TRIM_ERR,1,-,-,0,31,-,,,-,-,-
CPU1_TDO,0,UGB_BOT,BCSLICE1_BSL_DLVRCORE_BOT,CORE2P,DLVR_TAP_TRIM_STATUS,DFX_TRIM_CODE,5,-,-,0,31,-,,,-,I:DUT.CPU1_CORE2P_UGB_BOT_0,-
CPU1_TDO,0,UGB_BOT,BCSLICE1_BSR_DLVRCORE_BOT,CORE3P,DLVR_TAP_TRIM_STATUS,DFX_TRIM_DONE,1,-,-,0,31,-,,,-,-,-
CPU1_TDO,0,UGB_BOT,BCSLICE1_BSR_DLVRCORE_BOT,CORE3P,DLVR_TAP_TRIM_STATUS,DFX_TRIM_ERR,1,-,-,0,31,-,,,-,-,-
CPU1_TDO,0,UGB_BOT,BCSLICE1_BSR_DLVRCORE_BOT,CORE3P,DLVR_TAP_TRIM_STATUS,DFX_TRIM_CODE,5,-,-,0,31,-,,,-,I:DUT.CPU1_CORE3P_UGB_BOT_0,-
CPU1_TDO,0,UGB_BOT,BCSLICE0_BSL_DLVRRING,RINGPRIM,DLVR_TAP_TRIM_STATUS,DFX_TRIM_DONE,1,-,-,0,31,-,,,-,-,-
CPU1_TDO,0,UGB_BOT,BCSLICE0_BSL_DLVRRING,RINGPRIM,DLVR_TAP_TRIM_STATUS,DFX_TRIM_ERR,1,-,-,0,31,-,,,-,-,-
CPU1_TDO,0,UGB_BOT,BCSLICE0_BSL_DLVRRING,RINGPRIM,DLVR_TAP_TRIM_STATUS,DFX_TRIM_CODE,5,-,-,0,31,-,,,-,I:DUT.CPU1_RINGPRIM_UGB_BOT_0,-
CPU1_TDO,0,UGB_TOP,ATOMSLICE0_DLVRLATOM,ATOM0,DLVR_TAP_TRIM_STATUS,DFX_TRIM_DONE,1,-,-,0,31,-,,,-,-,-
CPU1_TDO,0,UGB_TOP,ATOMSLICE0_DLVRLATOM,ATOM0,DLVR_TAP_TRIM_STATUS,DFX_TRIM_ERR,1,-,-,0,31,-,,,-,-,-
CPU1_TDO,0,UGB_TOP,ATOMSLICE0_DLVRLATOM,ATOM0,DLVR_TAP_TRIM_STATUS,DFX_TRIM_CODE,5,-,-,0,31,-,,,-,I:DUT.CPU1_ATOM0_UGB_TOP_0,-
CPU1_TDO,0,UGB_TOP,ATOMSLICE0_DLVRRATOM,ATOM1,DLVR_TAP_TRIM_STATUS,DFX_TRIM_DONE,1,-,-,0,31,-,,,-,-,-
CPU1_TDO,0,UGB_TOP,ATOMSLICE0_DLVRRATOM,ATOM1,DLVR_TAP_TRIM_STATUS,DFX_TRIM_ERR,1,-,-,0,31,-,,,-,-,-
CPU1_TDO,0,UGB_TOP,ATOMSLICE0_DLVRRATOM,ATOM1,DLVR_TAP_TRIM_STATUS,DFX_TRIM_CODE,5,-,-,0,31,-,,,-,I:DUT.CPU1_ATOM1_UGB_TOP_0,-
CPU1_TDO,0,UGB_TOP,ATOMSLICE1_DLVRLATOM,ATOM2,DLVR_TAP_TRIM_STATUS,DFX_TRIM_DONE,1,-,-,0,31,-,,,-,-,-
CPU1_TDO,0,UGB_TOP,ATOMSLICE1_DLVRLATOM,ATOM2,DLVR_TAP_TRIM_STATUS,DFX_TRIM_ERR,1,-,-,0,31,-,,,-,-,-
CPU1_TDO,0,UGB_TOP,ATOMSLICE1_DLVRLATOM,ATOM2,DLVR_TAP_TRIM_STATUS,DFX_TRIM_CODE,5,-,-,0,31,-,,,-,I:DUT.CPU1_ATOM2_UGB_TOP_0,-
CPU1_TDO,0,UGB_TOP,ATOMSLICE1_DLVRRATOM,ATOM3,DLVR_TAP_TRIM_STATUS,DFX_TRIM_DONE,1,-,-,0,31,-,,,-,-,-
CPU1_TDO,0,UGB_TOP,ATOMSLICE1_DLVRRATOM,ATOM3,DLVR_TAP_TRIM_STATUS,DFX_TRIM_ERR,1,-,-,0,31,-,,,-,-,-
CPU1_TDO,0,UGB_TOP,ATOMSLICE1_DLVRRATOM,ATOM3,DLVR_TAP_TRIM_STATUS,DFX_TRIM_CODE,5,-,-,0,31,-,,,-,I:DUT.CPU1_ATOM3_UGB_TOP_0,-
CPU1_TDO,0,UGB_TOP,BCSLICE0_BSL_DLVRCORE_BOT,CORE0P,DLVR_TAP_TRIM_STATUS,DFX_TRIM_DONE,1,-,-,0,31,-,,,-,-,-
CPU1_TDO,0,UGB_TOP,BCSLICE0_BSL_DLVRCORE_BOT,CORE0P,DLVR_TAP_TRIM_STATUS,DFX_TRIM_ERR,1,-,-,0,31,-,,,-,-,-
CPU1_TDO,0,UGB_TOP,BCSLICE0_BSL_DLVRCORE_BOT,CORE0P,DLVR_TAP_TRIM_STATUS,DFX_TRIM_CODE,5,-,-,0,31,-,,,-,I:DUT.CPU1_CORE0P_UGB_TOP_0,-
CPU1_TDO,0,UGB_TOP,BCSLICE0_BSR_DLVRCORE_BOT,CORE1P,DLVR_TAP_TRIM_STATUS,DFX_TRIM_DONE,1,-,-,0,31,-,,,-,-,-
CPU1_TDO,0,UGB_TOP,BCSLICE0_BSR_DLVRCORE_BOT,CORE1P,DLVR_TAP_TRIM_STATUS,DFX_TRIM_ERR,1,-,-,0,31,-,,,-,-,-
CPU1_TDO,0,UGB_TOP,BCSLICE0_BSR_DLVRCORE_BOT,CORE1P,DLVR_TAP_TRIM_STATUS,DFX_TRIM_CODE,5,-,-,0,31,-,,,-,I:DUT.CPU1_CORE1P_UGB_TOP_0,-
CPU1_TDO,0,UGB_TOP,BCSLICE1_BSL_DLVRCORE_BOT,CORE2P,DLVR_TAP_TRIM_STATUS,DFX_TRIM_DONE,1,-,-,0,31,-,,,-,-,-
CPU1_TDO,0,UGB_TOP,BCSLICE1_BSL_DLVRCORE_BOT,CORE2P,DLVR_TAP_TRIM_STATUS,DFX_TRIM_ERR,1,-,-,0,31,-,,,-,-,-
CPU1_TDO,0,UGB_TOP,BCSLICE1_BSL_DLVRCORE_BOT,CORE2P,DLVR_TAP_TRIM_STATUS,DFX_TRIM_CODE,5,-,-,0,31,-,,,-,I:DUT.CPU1_CORE2P_UGB_TOP_0,-
CPU1_TDO,0,UGB_TOP,BCSLICE1_BSR_DLVRCORE_BOT,CORE3P,DLVR_TAP_TRIM_STATUS,DFX_TRIM_DONE,1,-,-,0,31,-,,,-,-,-
CPU1_TDO,0,UGB_TOP,BCSLICE1_BSR_DLVRCORE_BOT,CORE3P,DLVR_TAP_TRIM_STATUS,DFX_TRIM_ERR,1,-,-,0,31,-,,,-,-,-
CPU1_TDO,0,UGB_TOP,BCSLICE1_BSR_DLVRCORE_BOT,CORE3P,DLVR_TAP_TRIM_STATUS,DFX_TRIM_CODE,5,-,-,0,31,-,,,-,I:DUT.CPU1_CORE3P_UGB_TOP_0,-
CPU1_TDO,0,UGB_TOP,BCSLICE0_BSL_DLVRRING,RINGPRIM,DLVR_TAP_TRIM_STATUS,DFX_TRIM_DONE,1,-,-,0,31,-,,,-,-,-
CPU1_TDO,0,UGB_TOP,BCSLICE0_BSL_DLVRRING,RINGPRIM,DLVR_TAP_TRIM_STATUS,DFX_TRIM_ERR,1,-,-,0,31,-,,,-,-,-
CPU1_TDO,0,UGB_TOP,BCSLICE0_BSL_DLVRRING,RINGPRIM,DLVR_TAP_TRIM_STATUS,DFX_TRIM_CODE,5,-,-,0,31,-,,,-,I:DUT.CPU1_RINGPRIM_UGB_TOP_0,-
CPU1_TDO,1,UGB_BOT,ATOMSLICE0_DLVRLATOM,ATOM0,DLVR_TAP_TRIM_STATUS,DFX_TRIM_DONE,1,-,-,0,31,-,,,-,-,-
CPU1_TDO,1,UGB_BOT,ATOMSLICE0_DLVRLATOM,ATOM0,DLVR_TAP_TRIM_STATUS,DFX_TRIM_ERR,1,-,-,0,31,-,,,-,-,-
CPU1_TDO,1,UGB_BOT,ATOMSLICE0_DLVRLATOM,ATOM0,DLVR_TAP_TRIM_STATUS,DFX_TRIM_CODE,5,-,-,0,31,-,,,-,I:DUT.CPU1_ATOM0_UGB_BOT_1,-
CPU1_TDO,1,UGB_BOT,ATOMSLICE0_DLVRRATOM,ATOM1,DLVR_TAP_TRIM_STATUS,DFX_TRIM_DONE,1,-,-,0,31,-,,,-,-,-
CPU1_TDO,1,UGB_BOT,ATOMSLICE0_DLVRRATOM,ATOM1,DLVR_TAP_TRIM_STATUS,DFX_TRIM_ERR,1,-,-,0,31,-,,,-,-,-
CPU1_TDO,1,UGB_BOT,ATOMSLICE0_DLVRRATOM,ATOM1,DLVR_TAP_TRIM_STATUS,DFX_TRIM_CODE,5,-,-,0,31,-,,,-,I:DUT.CPU1_ATOM1_UGB_BOT_1,-
CPU1_TDO,1,UGB_BOT,ATOMSLICE1_DLVRLATOM,ATOM2,DLVR_TAP_TRIM_STATUS,DFX_TRIM_DONE,1,-,-,0,31,-,,,-,-,-
CPU1_TDO,1,UGB_BOT,ATOMSLICE1_DLVRLATOM,ATOM2,DLVR_TAP_TRIM_STATUS,DFX_TRIM_ERR,1,-,-,0,31,-,,,-,-,-
CPU1_TDO,1,UGB_BOT,ATOMSLICE1_DLVRLATOM,ATOM2,DLVR_TAP_TRIM_STATUS,DFX_TRIM_CODE,5,-,-,0,31,-,,,-,I:DUT.CPU1_ATOM2_UGB_BOT_1,-
CPU1_TDO,1,UGB_BOT,ATOMSLICE1_DLVRRATOM,ATOM3,DLVR_TAP_TRIM_STATUS,DFX_TRIM_DONE,1,-,-,0,31,-,,,-,-,-
CPU1_TDO,1,UGB_BOT,ATOMSLICE1_DLVRRATOM,ATOM3,DLVR_TAP_TRIM_STATUS,DFX_TRIM_ERR,1,-,-,0,31,-,,,-,-,-
CPU1_TDO,1,UGB_BOT,ATOMSLICE1_DLVRRATOM,ATOM3,DLVR_TAP_TRIM_STATUS,DFX_TRIM_CODE,5,-,-,0,31,-,,,-,I:DUT.CPU1_ATOM3_UGB_BOT_1,-
CPU1_TDO,1,UGB_BOT,BCSLICE0_BSL_DLVRCORE_BOT,CORE0P,DLVR_TAP_TRIM_STATUS,DFX_TRIM_DONE,1,-,-,0,31,-,,,-,-,-
CPU1_TDO,1,UGB_BOT,BCSLICE0_BSL_DLVRCORE_BOT,CORE0P,DLVR_TAP_TRIM_STATUS,DFX_TRIM_ERR,1,-,-,0,31,-,,,-,-,-
CPU1_TDO,1,UGB_BOT,BCSLICE0_BSL_DLVRCORE_BOT,CORE0P,DLVR_TAP_TRIM_STATUS,DFX_TRIM_CODE,5,-,-,0,31,-,,,-,I:DUT.CPU1_CORE0P_UGB_BOT_1,-
CPU1_TDO,1,UGB_BOT,BCSLICE0_BSR_DLVRCORE_BOT,CORE1P,DLVR_TAP_TRIM_STATUS,DFX_TRIM_DONE,1,-,-,0,31,-,,,-,-,-
CPU1_TDO,1,UGB_BOT,BCSLICE0_BSR_DLVRCORE_BOT,CORE1P,DLVR_TAP_TRIM_STATUS,DFX_TRIM_ERR,1,-,-,0,31,-,,,-,-,-
CPU1_TDO,1,UGB_BOT,BCSLICE0_BSR_DLVRCORE_BOT,CORE1P,DLVR_TAP_TRIM_STATUS,DFX_TRIM_CODE,5,-,-,0,31,-,,,-,I:DUT.CPU1_CORE1P_UGB_BOT_1,-
CPU1_TDO,1,UGB_BOT,BCSLICE1_BSL_DLVRCORE_BOT,CORE2P,DLVR_TAP_TRIM_STATUS,DFX_TRIM_DONE,1,-,-,0,31,-,,,-,-,-
CPU1_TDO,1,UGB_BOT,BCSLICE1_BSL_DLVRCORE_BOT,CORE2P,DLVR_TAP_TRIM_STATUS,DFX_TRIM_ERR,1,-,-,0,31,-,,,-,-,-
CPU1_TDO,1,UGB_BOT,BCSLICE1_BSL_DLVRCORE_BOT,CORE2P,DLVR_TAP_TRIM_STATUS,DFX_TRIM_CODE,5,-,-,0,31,-,,,-,I:DUT.CPU1_CORE2P_UGB_BOT_1,-
CPU1_TDO,1,UGB_BOT,BCSLICE1_BSR_DLVRCORE_BOT,CORE3P,DLVR_TAP_TRIM_STATUS,DFX_TRIM_DONE,1,-,-,0,31,-,,,-,-,-
CPU1_TDO,1,UGB_BOT,BCSLICE1_BSR_DLVRCORE_BOT,CORE3P,DLVR_TAP_TRIM_STATUS,DFX_TRIM_ERR,1,-,-,0,31,-,,,-,-,-
CPU1_TDO,1,UGB_BOT,BCSLICE1_BSR_DLVRCORE_BOT,CORE3P,DLVR_TAP_TRIM_STATUS,DFX_TRIM_CODE,5,-,-,0,31,-,,,-,I:DUT.CPU1_CORE3P_UGB_BOT_1,-
CPU1_TDO,1,UGB_BOT,BCSLICE0_BSL_DLVRRING,RINGPRIM,DLVR_TAP_TRIM_STATUS,DFX_TRIM_DONE,1,-,-,0,31,-,,,-,-,-
CPU1_TDO,1,UGB_BOT,BCSLICE0_BSL_DLVRRING,RINGPRIM,DLVR_TAP_TRIM_STATUS,DFX_TRIM_ERR,1,-,-,0,31,-,,,-,-,-
CPU1_TDO,1,UGB_BOT,BCSLICE0_BSL_DLVRRING,RINGPRIM,DLVR_TAP_TRIM_STATUS,DFX_TRIM_CODE,5,-,-,0,31,-,,,-,I:DUT.CPU1_RINGPRIM_UGB_BOT_1,-
CPU1_TDO,1,UGB_TOP,ATOMSLICE0_DLVRLATOM,ATOM0,DLVR_TAP_TRIM_STATUS,DFX_TRIM_DONE,1,-,-,0,31,-,,,-,-,-
CPU1_TDO,1,UGB_TOP,ATOMSLICE0_DLVRLATOM,ATOM0,DLVR_TAP_TRIM_STATUS,DFX_TRIM_ERR,1,-,-,0,31,-,,,-,-,-
CPU1_TDO,1,UGB_TOP,ATOMSLICE0_DLVRLATOM,ATOM0,DLVR_TAP_TRIM_STATUS,DFX_TRIM_CODE,5,-,-,0,31,-,,,-,I:DUT.CPU1_ATOM0_UGB_TOP_1,-
CPU1_TDO,1,UGB_TOP,ATOMSLICE0_DLVRRATOM,ATOM1,DLVR_TAP_TRIM_STATUS,DFX_TRIM_DONE,1,-,-,0,31,-,,,-,-,-
CPU1_TDO,1,UGB_TOP,ATOMSLICE0_DLVRRATOM,ATOM1,DLVR_TAP_TRIM_STATUS,DFX_TRIM_ERR,1,-,-,0,31,-,,,-,-,-
CPU1_TDO,1,UGB_TOP,ATOMSLICE0_DLVRRATOM,ATOM1,DLVR_TAP_TRIM_STATUS,DFX_TRIM_CODE,5,-,-,0,31,-,,,-,I:DUT.CPU1_ATOM1_UGB_TOP_1,-
CPU1_TDO,1,UGB_TOP,ATOMSLICE1_DLVRLATOM,ATOM2,DLVR_TAP_TRIM_STATUS,DFX_TRIM_DONE,1,-,-,0,31,-,,,-,-,-
CPU1_TDO,1,UGB_TOP,ATOMSLICE1_DLVRLATOM,ATOM2,DLVR_TAP_TRIM_STATUS,DFX_TRIM_ERR,1,-,-,0,31,-,,,-,-,-
CPU1_TDO,1,UGB_TOP,ATOMSLICE1_DLVRLATOM,ATOM2,DLVR_TAP_TRIM_STATUS,DFX_TRIM_CODE,5,-,-,0,31,-,,,-,I:DUT.CPU1_ATOM2_UGB_TOP_1,-
CPU1_TDO,1,UGB_TOP,ATOMSLICE1_DLVRRATOM,ATOM3,DLVR_TAP_TRIM_STATUS,DFX_TRIM_DONE,1,-,-,0,31,-,,,-,-,-
CPU1_TDO,1,UGB_TOP,ATOMSLICE1_DLVRRATOM,ATOM3,DLVR_TAP_TRIM_STATUS,DFX_TRIM_ERR,1,-,-,0,31,-,,,-,-,-
CPU1_TDO,1,UGB_TOP,ATOMSLICE1_DLVRRATOM,ATOM3,DLVR_TAP_TRIM_STATUS,DFX_TRIM_CODE,5,-,-,0,31,-,,,-,I:DUT.CPU1_ATOM3_UGB_TOP_1,-
CPU1_TDO,1,UGB_TOP,BCSLICE0_BSL_DLVRCORE_BOT,CORE0P,DLVR_TAP_TRIM_STATUS,DFX_TRIM_DONE,1,-,-,0,31,-,,,-,-,-
CPU1_TDO,1,UGB_TOP,BCSLICE0_BSL_DLVRCORE_BOT,CORE0P,DLVR_TAP_TRIM_STATUS,DFX_TRIM_ERR,1,-,-,0,31,-,,,-,-,-
CPU1_TDO,1,UGB_TOP,BCSLICE0_BSL_DLVRCORE_BOT,CORE0P,DLVR_TAP_TRIM_STATUS,DFX_TRIM_CODE,5,-,-,0,31,-,,,-,I:DUT.CPU1_CORE0P_UGB_TOP_1,-
CPU1_TDO,1,UGB_TOP,BCSLICE0_BSR_DLVRCORE_BOT,CORE1P,DLVR_TAP_TRIM_STATUS,DFX_TRIM_DONE,1,-,-,0,31,-,,,-,-,-
CPU1_TDO,1,UGB_TOP,BCSLICE0_BSR_DLVRCORE_BOT,CORE1P,DLVR_TAP_TRIM_STATUS,DFX_TRIM_ERR,1,-,-,0,31,-,,,-,-,-
CPU1_TDO,1,UGB_TOP,BCSLICE0_BSR_DLVRCORE_BOT,CORE1P,DLVR_TAP_TRIM_STATUS,DFX_TRIM_CODE,5,-,-,0,31,-,,,-,I:DUT.CPU1_CORE1P_UGB_TOP_1,-
CPU1_TDO,1,UGB_TOP,BCSLICE1_BSL_DLVRCORE_BOT,CORE2P,DLVR_TAP_TRIM_STATUS,DFX_TRIM_DONE,1,-,-,0,31,-,,,-,-,-
CPU1_TDO,1,UGB_TOP,BCSLICE1_BSL_DLVRCORE_BOT,CORE2P,DLVR_TAP_TRIM_STATUS,DFX_TRIM_ERR,1,-,-,0,31,-,,,-,-,-
CPU1_TDO,1,UGB_TOP,BCSLICE1_BSL_DLVRCORE_BOT,CORE2P,DLVR_TAP_TRIM_STATUS,DFX_TRIM_CODE,5,-,-,0,31,-,,,-,I:DUT.CPU1_CORE2P_UGB_TOP_1,-
CPU1_TDO,1,UGB_TOP,BCSLICE1_BSR_DLVRCORE_BOT,CORE3P,DLVR_TAP_TRIM_STATUS,DFX_TRIM_DONE,1,-,-,0,31,-,,,-,-,-
CPU1_TDO,1,UGB_TOP,BCSLICE1_BSR_DLVRCORE_BOT,CORE3P,DLVR_TAP_TRIM_STATUS,DFX_TRIM_ERR,1,-,-,0,31,-,,,-,-,-
CPU1_TDO,1,UGB_TOP,BCSLICE1_BSR_DLVRCORE_BOT,CORE3P,DLVR_TAP_TRIM_STATUS,DFX_TRIM_CODE,5,-,-,0,31,-,,,-,I:DUT.CPU1_CORE3P_UGB_TOP_1,-
CPU1_TDO,1,UGB_TOP,BCSLICE0_BSL_DLVRRING,RINGPRIM,DLVR_TAP_TRIM_STATUS,DFX_TRIM_DONE,1,-,-,0,31,-,,,-,-,-
CPU1_TDO,1,UGB_TOP,BCSLICE0_BSL_DLVRRING,RINGPRIM,DLVR_TAP_TRIM_STATUS,DFX_TRIM_ERR,1,-,-,0,31,-,,,-,-,-
CPU1_TDO,1,UGB_TOP,BCSLICE0_BSL_DLVRRING,RINGPRIM,DLVR_TAP_TRIM_STATUS,DFX_TRIM_CODE,5,-,-,0,31,-,,,-,I:DUT.CPU1_RINGPRIM_UGB_TOP_1,-
CPU1_TDO,2,UGB_BOT,ATOMSLICE0_DLVRLATOM,ATOM0,DLVR_TAP_TRIM_STATUS,DFX_TRIM_DONE,1,-,-,0,31,-,,,-,-,-
CPU1_TDO,2,UGB_BOT,ATOMSLICE0_DLVRLATOM,ATOM0,DLVR_TAP_TRIM_STATUS,DFX_TRIM_ERR,1,-,-,0,31,-,,,-,-,-
CPU1_TDO,2,UGB_BOT,ATOMSLICE0_DLVRLATOM,ATOM0,DLVR_TAP_TRIM_STATUS,DFX_TRIM_CODE,5,-,-,0,31,-,,,-,I:DUT.CPU1_ATOM0_UGB_BOT_2,-
CPU1_TDO,2,UGB_BOT,ATOMSLICE0_DLVRRATOM,ATOM1,DLVR_TAP_TRIM_STATUS,DFX_TRIM_DONE,1,-,-,0,31,-,,,-,-,-
CPU1_TDO,2,UGB_BOT,ATOMSLICE0_DLVRRATOM,ATOM1,DLVR_TAP_TRIM_STATUS,DFX_TRIM_ERR,1,-,-,0,31,-,,,-,-,-
CPU1_TDO,2,UGB_BOT,ATOMSLICE0_DLVRRATOM,ATOM1,DLVR_TAP_TRIM_STATUS,DFX_TRIM_CODE,5,-,-,0,31,-,,,-,I:DUT.CPU1_ATOM1_UGB_BOT_2,-
CPU1_TDO,2,UGB_BOT,ATOMSLICE1_DLVRLATOM,ATOM2,DLVR_TAP_TRIM_STATUS,DFX_TRIM_DONE,1,-,-,0,31,-,,,-,-,-
CPU1_TDO,2,UGB_BOT,ATOMSLICE1_DLVRLATOM,ATOM2,DLVR_TAP_TRIM_STATUS,DFX_TRIM_ERR,1,-,-,0,31,-,,,-,-,-
CPU1_TDO,2,UGB_BOT,ATOMSLICE1_DLVRLATOM,ATOM2,DLVR_TAP_TRIM_STATUS,DFX_TRIM_CODE,5,-,-,0,31,-,,,-,I:DUT.CPU1_ATOM2_UGB_BOT_2,-
CPU1_TDO,2,UGB_BOT,ATOMSLICE1_DLVRRATOM,ATOM3,DLVR_TAP_TRIM_STATUS,DFX_TRIM_DONE,1,-,-,0,31,-,,,-,-,-
CPU1_TDO,2,UGB_BOT,ATOMSLICE1_DLVRRATOM,ATOM3,DLVR_TAP_TRIM_STATUS,DFX_TRIM_ERR,1,-,-,0,31,-,,,-,-,-
CPU1_TDO,2,UGB_BOT,ATOMSLICE1_DLVRRATOM,ATOM3,DLVR_TAP_TRIM_STATUS,DFX_TRIM_CODE,5,-,-,0,31,-,,,-,I:DUT.CPU1_ATOM3_UGB_BOT_2,-
CPU1_TDO,2,UGB_BOT,BCSLICE0_BSL_DLVRCORE_BOT,CORE0P,DLVR_TAP_TRIM_STATUS,DFX_TRIM_DONE,1,-,-,0,31,-,,,-,-,-
CPU1_TDO,2,UGB_BOT,BCSLICE0_BSL_DLVRCORE_BOT,CORE0P,DLVR_TAP_TRIM_STATUS,DFX_TRIM_ERR,1,-,-,0,31,-,,,-,-,-
CPU1_TDO,2,UGB_BOT,BCSLICE0_BSL_DLVRCORE_BOT,CORE0P,DLVR_TAP_TRIM_STATUS,DFX_TRIM_CODE,5,-,-,0,31,-,,,-,I:DUT.CPU1_CORE0P_UGB_BOT_2,-
CPU1_TDO,2,UGB_BOT,BCSLICE0_BSR_DLVRCORE_BOT,CORE1P,DLVR_TAP_TRIM_STATUS,DFX_TRIM_DONE,1,-,-,0,31,-,,,-,-,-
CPU1_TDO,2,UGB_BOT,BCSLICE0_BSR_DLVRCORE_BOT,CORE1P,DLVR_TAP_TRIM_STATUS,DFX_TRIM_ERR,1,-,-,0,31,-,,,-,-,-
CPU1_TDO,2,UGB_BOT,BCSLICE0_BSR_DLVRCORE_BOT,CORE1P,DLVR_TAP_TRIM_STATUS,DFX_TRIM_CODE,5,-,-,0,31,-,,,-,I:DUT.CPU1_CORE1P_UGB_BOT_2,-
CPU1_TDO,2,UGB_BOT,BCSLICE1_BSL_DLVRCORE_BOT,CORE2P,DLVR_TAP_TRIM_STATUS,DFX_TRIM_DONE,1,-,-,0,31,-,,,-,-,-
CPU1_TDO,2,UGB_BOT,BCSLICE1_BSL_DLVRCORE_BOT,CORE2P,DLVR_TAP_TRIM_STATUS,DFX_TRIM_ERR,1,-,-,0,31,-,,,-,-,-
CPU1_TDO,2,UGB_BOT,BCSLICE1_BSL_DLVRCORE_BOT,CORE2P,DLVR_TAP_TRIM_STATUS,DFX_TRIM_CODE,5,-,-,0,31,-,,,-,I:DUT.CPU1_CORE2P_UGB_BOT_2,-
CPU1_TDO,2,UGB_BOT,BCSLICE1_BSR_DLVRCORE_BOT,CORE3P,DLVR_TAP_TRIM_STATUS,DFX_TRIM_DONE,1,-,-,0,31,-,,,-,-,-
CPU1_TDO,2,UGB_BOT,BCSLICE1_BSR_DLVRCORE_BOT,CORE3P,DLVR_TAP_TRIM_STATUS,DFX_TRIM_ERR,1,-,-,0,31,-,,,-,-,-
CPU1_TDO,2,UGB_BOT,BCSLICE1_BSR_DLVRCORE_BOT,CORE3P,DLVR_TAP_TRIM_STATUS,DFX_TRIM_CODE,5,-,-,0,31,-,,,-,I:DUT.CPU1_CORE3P_UGB_BOT_2,-
CPU1_TDO,2,UGB_BOT,BCSLICE0_BSL_DLVRRING,RINGPRIM,DLVR_TAP_TRIM_STATUS,DFX_TRIM_DONE,1,-,-,0,31,-,,,-,-,-
CPU1_TDO,2,UGB_BOT,BCSLICE0_BSL_DLVRRING,RINGPRIM,DLVR_TAP_TRIM_STATUS,DFX_TRIM_ERR,1,-,-,0,31,-,,,-,-,-
CPU1_TDO,2,UGB_BOT,BCSLICE0_BSL_DLVRRING,RINGPRIM,DLVR_TAP_TRIM_STATUS,DFX_TRIM_CODE,5,-,-,0,31,-,,,-,I:DUT.CPU1_RINGPRIM_UGB_BOT_2,-
CPU1_TDO,2,UGB_TOP,ATOMSLICE0_DLVRLATOM,ATOM0,DLVR_TAP_TRIM_STATUS,DFX_TRIM_DONE,1,-,-,0,31,-,,,-,-,-
CPU1_TDO,2,UGB_TOP,ATOMSLICE0_DLVRLATOM,ATOM0,DLVR_TAP_TRIM_STATUS,DFX_TRIM_ERR,1,-,-,0,31,-,,,-,-,-
CPU1_TDO,2,UGB_TOP,ATOMSLICE0_DLVRLATOM,ATOM0,DLVR_TAP_TRIM_STATUS,DFX_TRIM_CODE,5,-,-,0,31,-,,,-,I:DUT.CPU1_ATOM0_UGB_TOP_2,-
CPU1_TDO,2,UGB_TOP,ATOMSLICE0_DLVRRATOM,ATOM1,DLVR_TAP_TRIM_STATUS,DFX_TRIM_DONE,1,-,-,0,31,-,,,-,-,-
CPU1_TDO,2,UGB_TOP,ATOMSLICE0_DLVRRATOM,ATOM1,DLVR_TAP_TRIM_STATUS,DFX_TRIM_ERR,1,-,-,0,31,-,,,-,-,-
CPU1_TDO,2,UGB_TOP,ATOMSLICE0_DLVRRATOM,ATOM1,DLVR_TAP_TRIM_STATUS,DFX_TRIM_CODE,5,-,-,0,31,-,,,-,I:DUT.CPU1_ATOM1_UGB_TOP_2,-
CPU1_TDO,2,UGB_TOP,ATOMSLICE1_DLVRLATOM,ATOM2,DLVR_TAP_TRIM_STATUS,DFX_TRIM_DONE,1,-,-,0,31,-,,,-,-,-
CPU1_TDO,2,UGB_TOP,ATOMSLICE1_DLVRLATOM,ATOM2,DLVR_TAP_TRIM_STATUS,DFX_TRIM_ERR,1,-,-,0,31,-,,,-,-,-
CPU1_TDO,2,UGB_TOP,ATOMSLICE1_DLVRLATOM,ATOM2,DLVR_TAP_TRIM_STATUS,DFX_TRIM_CODE,5,-,-,0,31,-,,,-,I:DUT.CPU1_ATOM2_UGB_TOP_2,-
CPU1_TDO,2,UGB_TOP,ATOMSLICE1_DLVRRATOM,ATOM3,DLVR_TAP_TRIM_STATUS,DFX_TRIM_DONE,1,-,-,0,31,-,,,-,-,-
CPU1_TDO,2,UGB_TOP,ATOMSLICE1_DLVRRATOM,ATOM3,DLVR_TAP_TRIM_STATUS,DFX_TRIM_ERR,1,-,-,0,31,-,,,-,-,-
CPU1_TDO,2,UGB_TOP,ATOMSLICE1_DLVRRATOM,ATOM3,DLVR_TAP_TRIM_STATUS,DFX_TRIM_CODE,5,-,-,0,31,-,,,-,I:DUT.CPU1_ATOM3_UGB_TOP_2,-
CPU1_TDO,2,UGB_TOP,BCSLICE0_BSL_DLVRCORE_BOT,CORE0P,DLVR_TAP_TRIM_STATUS,DFX_TRIM_DONE,1,-,-,0,31,-,,,-,-,-
CPU1_TDO,2,UGB_TOP,BCSLICE0_BSL_DLVRCORE_BOT,CORE0P,DLVR_TAP_TRIM_STATUS,DFX_TRIM_ERR,1,-,-,0,31,-,,,-,-,-
CPU1_TDO,2,UGB_TOP,BCSLICE0_BSL_DLVRCORE_BOT,CORE0P,DLVR_TAP_TRIM_STATUS,DFX_TRIM_CODE,5,-,-,0,31,-,,,-,I:DUT.CPU1_CORE0P_UGB_TOP_2,-
CPU1_TDO,2,UGB_TOP,BCSLICE0_BSR_DLVRCORE_BOT,CORE1P,DLVR_TAP_TRIM_STATUS,DFX_TRIM_DONE,1,-,-,0,31,-,,,-,-,-
CPU1_TDO,2,UGB_TOP,BCSLICE0_BSR_DLVRCORE_BOT,CORE1P,DLVR_TAP_TRIM_STATUS,DFX_TRIM_ERR,1,-,-,0,31,-,,,-,-,-
CPU1_TDO,2,UGB_TOP,BCSLICE0_BSR_DLVRCORE_BOT,CORE1P,DLVR_TAP_TRIM_STATUS,DFX_TRIM_CODE,5,-,-,0,31,-,,,-,I:DUT.CPU1_CORE1P_UGB_TOP_2,-
CPU1_TDO,2,UGB_TOP,BCSLICE1_BSL_DLVRCORE_BOT,CORE2P,DLVR_TAP_TRIM_STATUS,DFX_TRIM_DONE,1,-,-,0,31,-,,,-,-,-
CPU1_TDO,2,UGB_TOP,BCSLICE1_BSL_DLVRCORE_BOT,CORE2P,DLVR_TAP_TRIM_STATUS,DFX_TRIM_ERR,1,-,-,0,31,-,,,-,-,-
CPU1_TDO,2,UGB_TOP,BCSLICE1_BSL_DLVRCORE_BOT,CORE2P,DLVR_TAP_TRIM_STATUS,DFX_TRIM_CODE,5,-,-,0,31,-,,,-,I:DUT.CPU1_CORE2P_UGB_TOP_2,-
CPU1_TDO,2,UGB_TOP,BCSLICE1_BSR_DLVRCORE_BOT,CORE3P,DLVR_TAP_TRIM_STATUS,DFX_TRIM_DONE,1,-,-,0,31,-,,,-,-,-
CPU1_TDO,2,UGB_TOP,BCSLICE1_BSR_DLVRCORE_BOT,CORE3P,DLVR_TAP_TRIM_STATUS,DFX_TRIM_ERR,1,-,-,0,31,-,,,-,-,-
CPU1_TDO,2,UGB_TOP,BCSLICE1_BSR_DLVRCORE_BOT,CORE3P,DLVR_TAP_TRIM_STATUS,DFX_TRIM_CODE,5,-,-,0,31,-,,,-,I:DUT.CPU1_CORE3P_UGB_TOP_2,-
CPU1_TDO,2,UGB_TOP,BCSLICE0_BSL_DLVRRING,RINGPRIM,DLVR_TAP_TRIM_STATUS,DFX_TRIM_DONE,1,-,-,0,31,-,,,-,-,-
CPU1_TDO,2,UGB_TOP,BCSLICE0_BSL_DLVRRING,RINGPRIM,DLVR_TAP_TRIM_STATUS,DFX_TRIM_ERR,1,-,-,0,31,-,,,-,-,-
CPU1_TDO,2,UGB_TOP,BCSLICE0_BSL_DLVRRING,RINGPRIM,DLVR_TAP_TRIM_STATUS,DFX_TRIM_CODE,5,-,-,0,31,-,,,-,I:DUT.CPU1_RINGPRIM_UGB_TOP_2,-
