PlistConfigSet,Set,Index,Token,LowLimit,HighLimit,Kill
clk_cpu_x_100xlock40_list,arw,400,RATIO,24,24,TRUE
clk_cpu_x_100xlock40_list,arw,5000,RATIO,300,300,TRUE
clk_cpu_x_100xlock40_list,c2h,4400,RATIO,44,44,TRUE
clk_cpu_x_100xlock40_list,c2h,5200,RATIO,52,52,TRUE
clk_cpu_x_100xlock40_list,dfx,1600,RATIO,40,40,TRUE
clk_cpu_x_100xlock40_list,dlvr,1272,RATIO,31,31,TRUE
clk_cpu_x_100xlock40_list,dlvr,1370,RATIO,34,34,TRUE
clk_cpu_x_100xlock40_list,pnc,400,RATIO,24,24,TRUE
clk_cpu_x_100xlock40_list,pnc,5500,RATIO,330,330,TRUE
clk_cpu_x_100xlock40_list,ring,400,RATIO,24,24,TRUE
clk_cpu_x_100xlock40_list,ring,5500,RATIO,330,330,TRUE
clk_cpu_x_100xlock40_list,pnc,400,DCOCODE,104,2046,TRUE
clk_cpu_x_100xlock40_list,pnc,5500,DCOCODE,104,2046,TRUE
clk_cpu_x_100xlock40_list,arw,400,DCOCODE,104,2046,TRUE
clk_cpu_x_100xlock40_list,arw,5000,DCOCODE,104,2046,TRUE
clk_cpu_x_100xlock40_list,ring,400,DCOCODE,104,2046,TRUE
clk_cpu_x_100xlock40_list,ring,5500,DCOCODE,104,2046,TRUE
clk_cpu_x_100xlock40_list,dfx,1600,DCOCODE,104,2046,TRUE
clk_cpu_x_100xlock40_list,dlvr,1272,LOCKCOUNT,24,400,TRUE
clk_cpu_x_100xlock40_list,dlvr,1370,LOCKCOUNT,24,400,TRUE
clk_cpu_x_100xlock40_list,c2h,4400,LOCKCOUNT,24,1000,TRUE
clk_cpu_x_100xlock40_list,c2h,5200,LOCKCOUNT,24,1000,TRUE
clk_cpu_x_100xlock40_list,pnc,400,LOCKCOUNT,24,1000,TRUE
clk_cpu_x_100xlock40_list,pnc,5500,LOCKCOUNT,24,1000,TRUE
clk_cpu_x_100xlock40_list,arw,400,LOCKCOUNT,24,1000,TRUE
clk_cpu_x_100xlock40_list,arw,5000,LOCKCOUNT,24,1000,TRUE
clk_cpu_x_100xlock40_list,ring,400,LOCKCOUNT,24,1000,TRUE
clk_cpu_x_100xlock40_list,ring,5500,LOCKCOUNT,24,1000,TRUE
clk_cpu_x_100xlock40_list,dfx,1600,LOCKCOUNT,24,1000,TRUE
clk_cpu_x_100xlock40_list,pnc,400,CNTRERR,-2,2,TRUE
clk_cpu_x_100xlock40_list,pnc,5500,CNTRERR,-2,2,TRUE
clk_cpu_x_100xlock40_list,arw,400,CNTRERR,-2,2,TRUE
clk_cpu_x_100xlock40_list,arw,5000,CNTRERR,-2,2,TRUE
clk_cpu_x_100xlock40_list,ring,400,CNTRERR,-2,2,TRUE
clk_cpu_x_100xlock40_list,ring,5500,CNTRERR,-2,2,TRUE
clk_cpu_x_100xlock40_list,dfx,1600,CNTRERR,-2,2,TRUE
clk_cpu_x_100xlock40_list,dfx,1600,DCACODE,1,62,TRUE
clk_cpu_x_100xlock40_list,dlvr,1272,DCACODE,1,62,TRUE
clk_cpu_x_100xlock40_list,dlvr,1370,DCACODE,1,62,TRUE
clk_cpu_x_100xlock40_list,c2h,4400,DCACODE,1,62,TRUE
clk_cpu_x_100xlock40_list,c2h,5200,DCACODE,1,62,TRUE
clk_cpu_x_100xlock40_list,ring,400,DCACODE,1,62,TRUE
clk_cpu_x_100xlock40_list,ring,5500,DCACODE,1,62,TRUE
clk_cpu_x_100xlock40_list,arw,400,DCACODE,1,62,TRUE
clk_cpu_x_100xlock40_list,arw,5000,DCACODE,1,62,TRUE
clk_cpu_x_100xlock40_list,pnc,400,DCACODE,1,62,TRUE
clk_cpu_x_100xlock40_list,pnc,5500,DCACODE,1,62,TRUE
clk_cpu_x_afstrim_list,pnc,0,COMP0RESULT_L2H,0,15,TRUE
clk_cpu_x_afstrim_list,pnc,2,COMP0RESULT_L2H,0,15,TRUE
clk_cpu_x_afstrim_list,pnc,4,COMP0RESULT_L2H,0,15,TRUE
clk_cpu_x_afstrim_list,pnc,6,COMP0RESULT_L2H,0,15,TRUE
clk_cpu_x_afstrim_list,arw,0,COMP0RESULT_L2H,0,15,TRUE
clk_cpu_x_afstrim_list,arw,2,COMP0RESULT_L2H,0,15,TRUE
clk_cpu_x_afstrim_list,arw,4,COMP0RESULT_L2H,0,15,TRUE
clk_cpu_x_afstrim_list,arw,6,COMP0RESULT_L2H,0,15,TRUE
clk_cpu_x_afstrim_list,ring,0,COMP0RESULT_L2H,0,15,TRUE
clk_cpu_x_afstrim_list,ring,2,COMP0RESULT_L2H,0,15,TRUE
clk_cpu_x_afstrim_list,ring,4,COMP0RESULT_L2H,0,15,TRUE
clk_cpu_x_afstrim_list,ring,6,COMP0RESULT_L2H,0,15,TRUE
clk_cpu_x_afstrim_list,pnc,0,RATIO_L2H,24,24,TRUE
clk_cpu_x_afstrim_list,pnc,2,RATIO_L2H,24,24,TRUE
clk_cpu_x_afstrim_list,pnc,4,RATIO_L2H,24,24,TRUE
clk_cpu_x_afstrim_list,pnc,6,RATIO_L2H,24,24,TRUE
clk_cpu_x_afstrim_list,arw,0,RATIO_L2H,24,24,TRUE
clk_cpu_x_afstrim_list,arw,2,RATIO_L2H,24,24,TRUE
clk_cpu_x_afstrim_list,arw,4,RATIO_L2H,24,24,TRUE
clk_cpu_x_afstrim_list,arw,6,RATIO_L2H,24,24,TRUE
clk_cpu_x_afstrim_list,ring,0,RATIO_L2H,24,24,TRUE
clk_cpu_x_afstrim_list,ring,2,RATIO_L2H,24,24,TRUE
clk_cpu_x_afstrim_list,ring,4,RATIO_L2H,24,24,TRUE
clk_cpu_x_afstrim_list,ring,6,RATIO_L2H,24,24,TRUE
clk_cpu_x_dcatrim_list,arw,4800,RATIO,288,288,TRUE
clk_cpu_x_dcatrim_list,c2h,6000,RATIO,60,60,TRUE
clk_cpu_x_dcatrim_list,dfx,1600,RATIO,40,40,TRUE
clk_cpu_x_dcatrim_list,dlvr,1370,RATIO,34,34,TRUE
clk_cpu_x_dcatrim_list,pnc,4800,RATIO,288,288,TRUE
clk_cpu_x_dcatrim_list,pnc,4800,DCARESULT,1,62,TRUE
clk_cpu_x_dcatrim_list,arw,4800,DCARESULT,1,62,TRUE
clk_cpu_x_dcatrim_list,ring,4800,DCARESULT,1,62,TRUE
clk_cpu_x_dcatrim_list,c2h,6000,DCARESULT,1,62,TRUE
clk_cpu_x_dcatrim_list,dfx,1600,DCARESULT,1,62,TRUE
clk_cpu_x_dcatrim_list,dlvr,1370,DCARESULT,1,62,TRUE
clk_cpu_x_dcatrim_list,ring,4800,RATIO,288,288,TRUE
clk_cpu_x_fvcurve_list,dummy,3,VCTRL,0.05,0.8,FALSE
clk_cpu_x_fvcurve_list,dummy,5,VCTRL,0.05,0.8,FALSE
clk_cpu_x_fvcurve_list,dummy,7,VCTRL,0.05,0.8,FALSE
clk_cpu_x_fvcurve_list,dummy,9,VCTRL,0.05,0.8,FALSE
clk_cpu_x_fvcurve_list,dummy,11,VCTRL,0.05,0.8,FALSE
clk_cpu_x_fvcurve_list,dummy,13,VCTRL,0.05,0.8,FALSE
clk_cpu_x_fvcurve_list,dummy,15,VCTRL,0.05,0.8,FALSE
clk_cpu_x_fvcurve_list,dummy,17,VCTRL,0.05,0.8,FALSE
clk_cpu_x_fvcurve_list,dummy,19,VCTRL,0.05,0.8,TRUE
clk_cpu_x_fvcurve_list,dummy,21,VCTRL,0.05,0.8,TRUE
clk_cpu_x_fvcurve_list,dummy,23,VCTRL,0.05,0.8,TRUE
clk_cpu_x_fvcurve_list,dummy,25,VCTRL,0.05,0.8,TRUE
clk_cpu_x_fvcurve_list,dummy,27,VCTRL,0.05,0.8,TRUE
clk_cpu_x_fvcurve_list,dummy,29,VCTRL,0.05,0.8,TRUE
clk_cpu_x_fvcurve_list,dummy,31,VCTRL,0.05,0.8,TRUE
clk_cpu_x_fvcurve_list,dummy,33,VCTRL,0.05,0.8,TRUE
clk_cpu_x_fvcurve_list,dummy,35,VCTRL,0.05,0.8,TRUE
clk_cpu_x_fvcurve_list,dummy,37,VCTRL,0.05,0.8,TRUE
clk_cpu_x_fvcurve_list,dummy,39,VCTRL,0.05,0.8,TRUE
clk_cpu_x_fvcurve_list,dummy,41,VCTRL,0.05,0.8,TRUE
clk_cpu_x_fvcurve_list,dummy,43,VCTRL,0.05,0.8,TRUE
clk_cpu_x_fvcurve_list,dummy,45,VCTRL,0.05,0.8,TRUE
clk_cpu_x_fvcurve_list,dummy,47,VCTRL,0.05,0.8,TRUE
clk_cpu_x_fvcurve_list,dummy,49,VCTRL,0.05,0.8,FALSE
clk_cpu_x_fvcurve_list,dummy,51,VCTRL,0.05,0.8,FALSE
clk_cpu_x_fvcurve_list,dummy,53,VCTRL,0.05,0.8,FALSE
clk_cpu_x_fvcurve_list,dummy,55,VCTRL,0.05,0.8,FALSE
clk_cpu_x_fvcurve_list,dummy,57,VCTRL,0.05,0.8,FALSE
clk_cpu_x_fvcurve_list,dummy,59,VCTRL,0.05,0.8,FALSE
clk_cpu_x_fvcurve_list,dummy,61,VCTRL,0.05,0.8,FALSE
clk_cpu_x_fvcurve_list,dummy,63,VCTRL,0.05,0.8,FALSE
clk_cpu_x_fvcurve_list,dummy,65,VCTRL,0.05,0.8,FALSE
clk_cpu_x_fvcurve_list,dummy,67,VCTRL,0.05,0.8,FALSE
clk_cpu_x_fvcurve_list,dummy,69,VCTRL,0.05,0.8,FALSE
clk_cpu_x_fvcurve_list,dummy,71,VCTRL,0.05,0.8,FALSE
clk_cpu_x_ireftrim_list,arw,1,RATIO,24,24,TRUE
clk_cpu_x_ireftrim_list,arw,2,RATIO,24,24,TRUE
clk_cpu_x_ireftrim_list,arw,3,RATIO,24,24,TRUE
clk_cpu_x_ireftrim_list,arw,4,RATIO,24,24,TRUE
clk_cpu_x_ireftrim_list,arw,5,RATIO,24,24,TRUE
clk_cpu_x_ireftrim_list,arw,6,RATIO,24,24,TRUE
clk_cpu_x_ireftrim_list,arw,7,RATIO,24,24,TRUE
clk_cpu_x_ireftrim_list,arw,8,RATIO,24,24,TRUE
clk_cpu_x_ireftrim_list,arw,9,RATIO,24,24,TRUE
clk_cpu_x_ireftrim_list,arw,10,RATIO,24,24,TRUE
clk_cpu_x_ireftrim_list,arw,11,RATIO,24,24,TRUE
clk_cpu_x_ireftrim_list,arw,12,RATIO,24,24,TRUE
clk_cpu_x_ireftrim_list,arw,13,RATIO,24,24,TRUE
clk_cpu_x_ireftrim_list,arw,14,RATIO,24,24,TRUE
clk_cpu_x_ireftrim_list,arw,15,RATIO,24,24,TRUE
clk_cpu_x_ireftrim_list,dfx,1,RATIO,40,40,TRUE
clk_cpu_x_ireftrim_list,dfx,2,RATIO,40,40,TRUE
clk_cpu_x_ireftrim_list,dfx,3,RATIO,40,40,TRUE
clk_cpu_x_ireftrim_list,dfx,4,RATIO,40,40,TRUE
clk_cpu_x_ireftrim_list,dfx,5,RATIO,40,40,TRUE
clk_cpu_x_ireftrim_list,dfx,6,RATIO,40,40,TRUE
clk_cpu_x_ireftrim_list,dfx,7,RATIO,40,40,TRUE
clk_cpu_x_ireftrim_list,dfx,8,RATIO,40,40,TRUE
clk_cpu_x_ireftrim_list,dfx,9,RATIO,40,40,TRUE
clk_cpu_x_ireftrim_list,dfx,10,RATIO,40,40,TRUE
clk_cpu_x_ireftrim_list,dfx,11,RATIO,40,40,TRUE
clk_cpu_x_ireftrim_list,dfx,12,RATIO,40,40,TRUE
clk_cpu_x_ireftrim_list,dfx,13,RATIO,40,40,TRUE
clk_cpu_x_ireftrim_list,dfx,14,RATIO,40,40,TRUE
clk_cpu_x_ireftrim_list,dfx,15,RATIO,40,40,TRUE
clk_cpu_x_ireftrim_list,pnc,1,RATIO,24,24,TRUE
clk_cpu_x_ireftrim_list,pnc,2,RATIO,24,24,TRUE
clk_cpu_x_ireftrim_list,pnc,3,RATIO,24,24,TRUE
clk_cpu_x_ireftrim_list,pnc,4,RATIO,24,24,TRUE
clk_cpu_x_ireftrim_list,pnc,5,RATIO,24,24,TRUE
clk_cpu_x_ireftrim_list,pnc,6,RATIO,24,24,TRUE
clk_cpu_x_ireftrim_list,pnc,7,RATIO,24,24,TRUE
clk_cpu_x_ireftrim_list,pnc,8,RATIO,24,24,TRUE
clk_cpu_x_ireftrim_list,pnc,9,RATIO,24,24,TRUE
clk_cpu_x_ireftrim_list,pnc,10,RATIO,24,24,TRUE
clk_cpu_x_ireftrim_list,pnc,11,RATIO,24,24,TRUE
clk_cpu_x_ireftrim_list,pnc,12,RATIO,24,24,TRUE
clk_cpu_x_ireftrim_list,pnc,13,RATIO,24,24,TRUE
clk_cpu_x_ireftrim_list,pnc,14,RATIO,24,24,TRUE
clk_cpu_x_ireftrim_list,pnc,15,RATIO,24,24,TRUE
clk_cpu_x_ireftrim_list,ring,1,RATIO,24,24,TRUE
clk_cpu_x_ireftrim_list,ring,2,RATIO,24,24,TRUE
clk_cpu_x_ireftrim_list,ring,3,RATIO,24,24,TRUE
clk_cpu_x_ireftrim_list,ring,4,RATIO,24,24,TRUE
clk_cpu_x_ireftrim_list,ring,5,RATIO,24,24,TRUE
clk_cpu_x_ireftrim_list,ring,6,RATIO,24,24,TRUE
clk_cpu_x_ireftrim_list,ring,7,RATIO,24,24,TRUE
clk_cpu_x_ireftrim_list,ring,8,RATIO,24,24,TRUE
clk_cpu_x_ireftrim_list,ring,9,RATIO,24,24,TRUE
clk_cpu_x_ireftrim_list,ring,10,RATIO,24,24,TRUE
clk_cpu_x_ireftrim_list,ring,11,RATIO,24,24,TRUE
clk_cpu_x_ireftrim_list,ring,12,RATIO,24,24,TRUE
clk_cpu_x_ireftrim_list,ring,13,RATIO,24,24,TRUE
clk_cpu_x_ireftrim_list,ring,14,RATIO,24,24,TRUE
clk_cpu_x_ireftrim_list,ring,15,RATIO,24,24,TRUE
clk_cpu_x_ireftrim_list,pnc,1,DCOCODE,104,2046,TRUE
clk_cpu_x_ireftrim_list,pnc,2,DCOCODE,104,2046,TRUE
clk_cpu_x_ireftrim_list,pnc,3,DCOCODE,104,2046,TRUE
clk_cpu_x_ireftrim_list,pnc,4,DCOCODE,104,2046,TRUE
clk_cpu_x_ireftrim_list,pnc,5,DCOCODE,104,2046,TRUE
clk_cpu_x_ireftrim_list,pnc,6,DCOCODE,104,2046,TRUE
clk_cpu_x_ireftrim_list,pnc,7,DCOCODE,104,2046,TRUE
clk_cpu_x_ireftrim_list,pnc,8,DCOCODE,104,2046,TRUE
clk_cpu_x_ireftrim_list,pnc,9,DCOCODE,104,2046,TRUE
clk_cpu_x_ireftrim_list,pnc,10,DCOCODE,104,2046,TRUE
clk_cpu_x_ireftrim_list,pnc,11,DCOCODE,104,2046,TRUE
clk_cpu_x_ireftrim_list,pnc,12,DCOCODE,104,2046,TRUE
clk_cpu_x_ireftrim_list,pnc,13,DCOCODE,104,2046,TRUE
clk_cpu_x_ireftrim_list,pnc,14,DCOCODE,104,2046,TRUE
clk_cpu_x_ireftrim_list,pnc,15,DCOCODE,104,2046,TRUE
clk_cpu_x_ireftrim_list,arw,1,DCOCODE,104,2046,TRUE
clk_cpu_x_ireftrim_list,arw,2,DCOCODE,104,2046,TRUE
clk_cpu_x_ireftrim_list,arw,3,DCOCODE,104,2046,TRUE
clk_cpu_x_ireftrim_list,arw,4,DCOCODE,104,2046,TRUE
clk_cpu_x_ireftrim_list,arw,5,DCOCODE,104,2046,TRUE
clk_cpu_x_ireftrim_list,arw,6,DCOCODE,104,2046,TRUE
clk_cpu_x_ireftrim_list,arw,7,DCOCODE,104,2046,TRUE
clk_cpu_x_ireftrim_list,arw,8,DCOCODE,104,2046,TRUE
clk_cpu_x_ireftrim_list,arw,9,DCOCODE,104,2046,TRUE
clk_cpu_x_ireftrim_list,arw,10,DCOCODE,104,2046,TRUE
clk_cpu_x_ireftrim_list,arw,11,DCOCODE,104,2046,TRUE
clk_cpu_x_ireftrim_list,arw,12,DCOCODE,104,2046,TRUE
clk_cpu_x_ireftrim_list,arw,13,DCOCODE,104,2046,TRUE
clk_cpu_x_ireftrim_list,arw,14,DCOCODE,104,2046,TRUE
clk_cpu_x_ireftrim_list,arw,15,DCOCODE,104,2046,TRUE
clk_cpu_x_ireftrim_list,ring,1,DCOCODE,104,2046,TRUE
clk_cpu_x_ireftrim_list,ring,2,DCOCODE,104,2046,TRUE
clk_cpu_x_ireftrim_list,ring,3,DCOCODE,104,2046,TRUE
clk_cpu_x_ireftrim_list,ring,4,DCOCODE,104,2046,TRUE
clk_cpu_x_ireftrim_list,ring,5,DCOCODE,104,2046,TRUE
clk_cpu_x_ireftrim_list,ring,6,DCOCODE,104,2046,TRUE
clk_cpu_x_ireftrim_list,ring,7,DCOCODE,104,2046,TRUE
clk_cpu_x_ireftrim_list,ring,8,DCOCODE,104,2046,TRUE
clk_cpu_x_ireftrim_list,ring,9,DCOCODE,104,2046,TRUE
clk_cpu_x_ireftrim_list,ring,10,DCOCODE,104,2046,TRUE
clk_cpu_x_ireftrim_list,ring,11,DCOCODE,104,2046,TRUE
clk_cpu_x_ireftrim_list,ring,12,DCOCODE,104,2046,TRUE
clk_cpu_x_ireftrim_list,ring,13,DCOCODE,104,2046,TRUE
clk_cpu_x_ireftrim_list,ring,14,DCOCODE,104,2046,TRUE
clk_cpu_x_ireftrim_list,ring,15,DCOCODE,104,2046,TRUE
clk_cpu_x_ireftrim_list,dfx,1,DCOCODE,104,2046,TRUE
clk_cpu_x_ireftrim_list,dfx,2,DCOCODE,104,2046,TRUE
clk_cpu_x_ireftrim_list,dfx,3,DCOCODE,104,2046,TRUE
clk_cpu_x_ireftrim_list,dfx,4,DCOCODE,104,2046,TRUE
clk_cpu_x_ireftrim_list,dfx,5,DCOCODE,104,2046,TRUE
clk_cpu_x_ireftrim_list,dfx,6,DCOCODE,104,2046,TRUE
clk_cpu_x_ireftrim_list,dfx,7,DCOCODE,104,2046,TRUE
clk_cpu_x_ireftrim_list,dfx,8,DCOCODE,104,2046,TRUE
clk_cpu_x_ireftrim_list,dfx,9,DCOCODE,104,2046,TRUE
clk_cpu_x_ireftrim_list,dfx,10,DCOCODE,104,2046,TRUE
clk_cpu_x_ireftrim_list,dfx,11,DCOCODE,104,2046,TRUE
clk_cpu_x_ireftrim_list,dfx,12,DCOCODE,104,2046,TRUE
clk_cpu_x_ireftrim_list,dfx,13,DCOCODE,104,2046,TRUE
clk_cpu_x_ireftrim_list,dfx,14,DCOCODE,104,2046,TRUE
clk_cpu_x_ireftrim_list,dfx,15,DCOCODE,104,2046,TRUE
clk_cpu_x_ireftrim_list,pnc,1,CNTRERR,-2,2,TRUE
clk_cpu_x_ireftrim_list,pnc,2,CNTRERR,-2,2,TRUE
clk_cpu_x_ireftrim_list,pnc,3,CNTRERR,-2,2,TRUE
clk_cpu_x_ireftrim_list,pnc,4,CNTRERR,-2,2,TRUE
clk_cpu_x_ireftrim_list,pnc,5,CNTRERR,-2,2,TRUE
clk_cpu_x_ireftrim_list,pnc,6,CNTRERR,-2,2,TRUE
clk_cpu_x_ireftrim_list,pnc,7,CNTRERR,-2,2,TRUE
clk_cpu_x_ireftrim_list,pnc,8,CNTRERR,-2,2,TRUE
clk_cpu_x_ireftrim_list,pnc,9,CNTRERR,-2,2,TRUE
clk_cpu_x_ireftrim_list,pnc,10,CNTRERR,-2,2,TRUE
clk_cpu_x_ireftrim_list,pnc,11,CNTRERR,-2,2,TRUE
clk_cpu_x_ireftrim_list,pnc,12,CNTRERR,-2,2,TRUE
clk_cpu_x_ireftrim_list,pnc,13,CNTRERR,-2,2,TRUE
clk_cpu_x_ireftrim_list,pnc,14,CNTRERR,-2,2,TRUE
clk_cpu_x_ireftrim_list,pnc,15,CNTRERR,-2,2,TRUE
clk_cpu_x_ireftrim_list,arw,1,CNTRERR,-2,2,TRUE
clk_cpu_x_ireftrim_list,arw,2,CNTRERR,-2,2,TRUE
clk_cpu_x_ireftrim_list,arw,3,CNTRERR,-2,2,TRUE
clk_cpu_x_ireftrim_list,arw,4,CNTRERR,-2,2,TRUE
clk_cpu_x_ireftrim_list,arw,5,CNTRERR,-2,2,TRUE
clk_cpu_x_ireftrim_list,arw,6,CNTRERR,-2,2,TRUE
clk_cpu_x_ireftrim_list,arw,7,CNTRERR,-2,2,TRUE
clk_cpu_x_ireftrim_list,arw,8,CNTRERR,-2,2,TRUE
clk_cpu_x_ireftrim_list,arw,9,CNTRERR,-2,2,TRUE
clk_cpu_x_ireftrim_list,arw,10,CNTRERR,-2,2,TRUE
clk_cpu_x_ireftrim_list,arw,11,CNTRERR,-2,2,TRUE
clk_cpu_x_ireftrim_list,arw,12,CNTRERR,-2,2,TRUE
clk_cpu_x_ireftrim_list,arw,13,CNTRERR,-2,2,TRUE
clk_cpu_x_ireftrim_list,arw,14,CNTRERR,-2,2,TRUE
clk_cpu_x_ireftrim_list,arw,15,CNTRERR,-2,2,TRUE
clk_cpu_x_ireftrim_list,ring,1,CNTRERR,-2,2,TRUE
clk_cpu_x_ireftrim_list,ring,2,CNTRERR,-2,2,TRUE
clk_cpu_x_ireftrim_list,ring,3,CNTRERR,-2,2,TRUE
clk_cpu_x_ireftrim_list,ring,4,CNTRERR,-2,2,TRUE
clk_cpu_x_ireftrim_list,ring,5,CNTRERR,-2,2,TRUE
clk_cpu_x_ireftrim_list,ring,6,CNTRERR,-2,2,TRUE
clk_cpu_x_ireftrim_list,ring,7,CNTRERR,-2,2,TRUE
clk_cpu_x_ireftrim_list,ring,8,CNTRERR,-2,2,TRUE
clk_cpu_x_ireftrim_list,ring,9,CNTRERR,-2,2,TRUE
clk_cpu_x_ireftrim_list,ring,10,CNTRERR,-2,2,TRUE
clk_cpu_x_ireftrim_list,ring,11,CNTRERR,-2,2,TRUE
clk_cpu_x_ireftrim_list,ring,12,CNTRERR,-2,2,TRUE
clk_cpu_x_ireftrim_list,ring,13,CNTRERR,-2,2,TRUE
clk_cpu_x_ireftrim_list,ring,14,CNTRERR,-2,2,TRUE
clk_cpu_x_ireftrim_list,ring,15,CNTRERR,-2,2,TRUE
clk_cpu_x_ireftrim_list,dfx,1,CNTRERR,-2,2,TRUE
clk_cpu_x_ireftrim_list,dfx,2,CNTRERR,-2,2,TRUE
clk_cpu_x_ireftrim_list,dfx,3,CNTRERR,-2,2,TRUE
clk_cpu_x_ireftrim_list,dfx,4,CNTRERR,-2,2,TRUE
clk_cpu_x_ireftrim_list,dfx,5,CNTRERR,-2,2,TRUE
clk_cpu_x_ireftrim_list,dfx,6,CNTRERR,-2,2,TRUE
clk_cpu_x_ireftrim_list,dfx,7,CNTRERR,-2,2,TRUE
clk_cpu_x_ireftrim_list,dfx,8,CNTRERR,-2,2,TRUE
clk_cpu_x_ireftrim_list,dfx,9,CNTRERR,-2,2,TRUE
clk_cpu_x_ireftrim_list,dfx,10,CNTRERR,-2,2,TRUE
clk_cpu_x_ireftrim_list,dfx,11,CNTRERR,-2,2,TRUE
clk_cpu_x_ireftrim_list,dfx,12,CNTRERR,-2,2,TRUE
clk_cpu_x_ireftrim_list,dfx,13,CNTRERR,-2,2,TRUE
clk_cpu_x_ireftrim_list,dfx,14,CNTRERR,-2,2,TRUE
clk_cpu_x_ireftrim_list,dfx,15,CNTRERR,-2,2,TRUE
clk_cpu_x_ireftrim_list,pnc,1,LOCKCOUNT,24,1000,TRUE
clk_cpu_x_ireftrim_list,pnc,2,LOCKCOUNT,24,1000,TRUE
clk_cpu_x_ireftrim_list,pnc,3,LOCKCOUNT,24,1000,TRUE
clk_cpu_x_ireftrim_list,pnc,4,LOCKCOUNT,24,1000,TRUE
clk_cpu_x_ireftrim_list,pnc,5,LOCKCOUNT,24,1000,TRUE
clk_cpu_x_ireftrim_list,pnc,6,LOCKCOUNT,24,1000,TRUE
clk_cpu_x_ireftrim_list,pnc,7,LOCKCOUNT,24,1000,TRUE
clk_cpu_x_ireftrim_list,pnc,8,LOCKCOUNT,24,1000,TRUE
clk_cpu_x_ireftrim_list,pnc,9,LOCKCOUNT,24,1000,TRUE
clk_cpu_x_ireftrim_list,pnc,10,LOCKCOUNT,24,1000,TRUE
clk_cpu_x_ireftrim_list,pnc,11,LOCKCOUNT,24,1000,TRUE
clk_cpu_x_ireftrim_list,pnc,12,LOCKCOUNT,24,1000,TRUE
clk_cpu_x_ireftrim_list,pnc,13,LOCKCOUNT,24,1000,TRUE
clk_cpu_x_ireftrim_list,pnc,14,LOCKCOUNT,24,1000,TRUE
clk_cpu_x_ireftrim_list,pnc,15,LOCKCOUNT,24,1000,TRUE
clk_cpu_x_ireftrim_list,arw,1,LOCKCOUNT,24,1000,TRUE
clk_cpu_x_ireftrim_list,arw,2,LOCKCOUNT,24,1000,TRUE
clk_cpu_x_ireftrim_list,arw,3,LOCKCOUNT,24,1000,TRUE
clk_cpu_x_ireftrim_list,arw,4,LOCKCOUNT,24,1000,TRUE
clk_cpu_x_ireftrim_list,arw,5,LOCKCOUNT,24,1000,TRUE
clk_cpu_x_ireftrim_list,arw,6,LOCKCOUNT,24,1000,TRUE
clk_cpu_x_ireftrim_list,arw,7,LOCKCOUNT,24,1000,TRUE
clk_cpu_x_ireftrim_list,arw,8,LOCKCOUNT,24,1000,TRUE
clk_cpu_x_ireftrim_list,arw,9,LOCKCOUNT,24,1000,TRUE
clk_cpu_x_ireftrim_list,arw,10,LOCKCOUNT,24,1000,TRUE
clk_cpu_x_ireftrim_list,arw,11,LOCKCOUNT,24,1000,TRUE
clk_cpu_x_ireftrim_list,arw,12,LOCKCOUNT,24,1000,TRUE
clk_cpu_x_ireftrim_list,arw,13,LOCKCOUNT,24,1000,TRUE
clk_cpu_x_ireftrim_list,arw,14,LOCKCOUNT,24,1000,TRUE
clk_cpu_x_ireftrim_list,arw,15,LOCKCOUNT,24,1000,TRUE
clk_cpu_x_ireftrim_list,ring,1,LOCKCOUNT,24,1000,TRUE
clk_cpu_x_ireftrim_list,ring,2,LOCKCOUNT,24,1000,TRUE
clk_cpu_x_ireftrim_list,ring,3,LOCKCOUNT,24,1000,TRUE
clk_cpu_x_ireftrim_list,ring,4,LOCKCOUNT,24,1000,TRUE
clk_cpu_x_ireftrim_list,ring,5,LOCKCOUNT,24,1000,TRUE
clk_cpu_x_ireftrim_list,ring,6,LOCKCOUNT,24,1000,TRUE
clk_cpu_x_ireftrim_list,ring,7,LOCKCOUNT,24,1000,TRUE
clk_cpu_x_ireftrim_list,ring,8,LOCKCOUNT,24,1000,TRUE
clk_cpu_x_ireftrim_list,ring,9,LOCKCOUNT,24,1000,TRUE
clk_cpu_x_ireftrim_list,ring,10,LOCKCOUNT,24,1000,TRUE
clk_cpu_x_ireftrim_list,ring,11,LOCKCOUNT,24,1000,TRUE
clk_cpu_x_ireftrim_list,ring,12,LOCKCOUNT,24,1000,TRUE
clk_cpu_x_ireftrim_list,ring,13,LOCKCOUNT,24,1000,TRUE
clk_cpu_x_ireftrim_list,ring,14,LOCKCOUNT,24,1000,TRUE
clk_cpu_x_ireftrim_list,ring,15,LOCKCOUNT,24,1000,TRUE
clk_cpu_x_ireftrim_list,dfx,1,LOCKCOUNT,24,1000,TRUE
clk_cpu_x_ireftrim_list,dfx,2,LOCKCOUNT,24,1000,TRUE
clk_cpu_x_ireftrim_list,dfx,3,LOCKCOUNT,24,1000,TRUE
clk_cpu_x_ireftrim_list,dfx,4,LOCKCOUNT,24,1000,TRUE
clk_cpu_x_ireftrim_list,dfx,5,LOCKCOUNT,24,1000,TRUE
clk_cpu_x_ireftrim_list,dfx,6,LOCKCOUNT,24,1000,TRUE
clk_cpu_x_ireftrim_list,dfx,7,LOCKCOUNT,24,1000,TRUE
clk_cpu_x_ireftrim_list,dfx,8,LOCKCOUNT,24,1000,TRUE
clk_cpu_x_ireftrim_list,dfx,9,LOCKCOUNT,24,1000,TRUE
clk_cpu_x_ireftrim_list,dfx,10,LOCKCOUNT,24,1000,TRUE
clk_cpu_x_ireftrim_list,dfx,11,LOCKCOUNT,24,1000,TRUE
clk_cpu_x_ireftrim_list,dfx,12,LOCKCOUNT,24,1000,TRUE
clk_cpu_x_ireftrim_list,dfx,13,LOCKCOUNT,24,1000,TRUE
clk_cpu_x_ireftrim_list,dfx,14,LOCKCOUNT,24,1000,TRUE
clk_cpu_x_ireftrim_list,dfx,15,LOCKCOUNT,24,1000,TRUE
clk_cpu_x_ireftrim_list,arw,1,CNTRSUM,1,5110,TRUE
clk_cpu_x_ireftrim_list,arw,2,CNTRSUM,1,5110,TRUE
clk_cpu_x_ireftrim_list,arw,3,CNTRSUM,1,5110,TRUE
clk_cpu_x_ireftrim_list,arw,4,CNTRSUM,1,5110,TRUE
clk_cpu_x_ireftrim_list,arw,5,CNTRSUM,1,5110,TRUE
clk_cpu_x_ireftrim_list,arw,6,CNTRSUM,1,5110,TRUE
clk_cpu_x_ireftrim_list,arw,7,CNTRSUM,1,5110,TRUE
clk_cpu_x_ireftrim_list,arw,8,CNTRSUM,1,5110,TRUE
clk_cpu_x_ireftrim_list,arw,9,CNTRSUM,1,5110,TRUE
clk_cpu_x_ireftrim_list,arw,10,CNTRSUM,1,5110,TRUE
clk_cpu_x_ireftrim_list,arw,11,CNTRSUM,1,5110,TRUE
clk_cpu_x_ireftrim_list,arw,12,CNTRSUM,1,5110,TRUE
clk_cpu_x_ireftrim_list,arw,13,CNTRSUM,1,5110,TRUE
clk_cpu_x_ireftrim_list,arw,14,CNTRSUM,1,5110,TRUE
clk_cpu_x_ireftrim_list,arw,15,CNTRSUM,1,5110,TRUE
clk_cpu_x_ireftrim_list,dfx,1,CNTRSUM,1,5110,TRUE
clk_cpu_x_ireftrim_list,dfx,2,CNTRSUM,1,5110,TRUE
clk_cpu_x_ireftrim_list,dfx,3,CNTRSUM,1,5110,TRUE
clk_cpu_x_ireftrim_list,dfx,4,CNTRSUM,1,5110,TRUE
clk_cpu_x_ireftrim_list,dfx,5,CNTRSUM,1,5110,TRUE
clk_cpu_x_ireftrim_list,dfx,6,CNTRSUM,1,5110,TRUE
clk_cpu_x_ireftrim_list,dfx,7,CNTRSUM,1,5110,TRUE
clk_cpu_x_ireftrim_list,dfx,8,CNTRSUM,1,5110,TRUE
clk_cpu_x_ireftrim_list,dfx,9,CNTRSUM,1,5110,TRUE
clk_cpu_x_ireftrim_list,dfx,10,CNTRSUM,1,5110,TRUE
clk_cpu_x_ireftrim_list,dfx,11,CNTRSUM,1,5110,TRUE
clk_cpu_x_ireftrim_list,dfx,12,CNTRSUM,1,5110,TRUE
clk_cpu_x_ireftrim_list,dfx,13,CNTRSUM,1,5110,TRUE
clk_cpu_x_ireftrim_list,dfx,14,CNTRSUM,1,5110,TRUE
clk_cpu_x_ireftrim_list,dfx,15,CNTRSUM,1,5110,TRUE
clk_cpu_x_ireftrim_list,pnc,1,CNTRSUM,1,5110,TRUE
clk_cpu_x_ireftrim_list,pnc,2,CNTRSUM,1,5110,TRUE
clk_cpu_x_ireftrim_list,pnc,3,CNTRSUM,1,5110,TRUE
clk_cpu_x_ireftrim_list,pnc,4,CNTRSUM,1,5110,TRUE
clk_cpu_x_ireftrim_list,pnc,5,CNTRSUM,1,5110,TRUE
clk_cpu_x_ireftrim_list,pnc,6,CNTRSUM,1,5110,TRUE
clk_cpu_x_ireftrim_list,pnc,7,CNTRSUM,1,5110,TRUE
clk_cpu_x_ireftrim_list,pnc,8,CNTRSUM,1,5110,TRUE
clk_cpu_x_ireftrim_list,pnc,9,CNTRSUM,1,5110,TRUE
clk_cpu_x_ireftrim_list,pnc,10,CNTRSUM,1,5110,TRUE
clk_cpu_x_ireftrim_list,pnc,11,CNTRSUM,1,5110,TRUE
clk_cpu_x_ireftrim_list,pnc,12,CNTRSUM,1,5110,TRUE
clk_cpu_x_ireftrim_list,pnc,13,CNTRSUM,1,5110,TRUE
clk_cpu_x_ireftrim_list,pnc,14,CNTRSUM,1,5110,TRUE
clk_cpu_x_ireftrim_list,pnc,15,CNTRSUM,1,5110,TRUE
clk_cpu_x_ireftrim_list,ring,1,CNTRSUM,1,5110,TRUE
clk_cpu_x_ireftrim_list,ring,2,CNTRSUM,1,5110,TRUE
clk_cpu_x_ireftrim_list,ring,3,CNTRSUM,1,5110,TRUE
clk_cpu_x_ireftrim_list,ring,4,CNTRSUM,1,5110,TRUE
clk_cpu_x_ireftrim_list,ring,5,CNTRSUM,1,5110,TRUE
clk_cpu_x_ireftrim_list,ring,6,CNTRSUM,1,5110,TRUE
clk_cpu_x_ireftrim_list,ring,7,CNTRSUM,1,5110,TRUE
clk_cpu_x_ireftrim_list,ring,8,CNTRSUM,1,5110,TRUE
clk_cpu_x_ireftrim_list,ring,9,CNTRSUM,1,5110,TRUE
clk_cpu_x_ireftrim_list,ring,10,CNTRSUM,1,5110,TRUE
clk_cpu_x_ireftrim_list,ring,11,CNTRSUM,1,5110,TRUE
clk_cpu_x_ireftrim_list,ring,12,CNTRSUM,1,5110,TRUE
clk_cpu_x_ireftrim_list,ring,13,CNTRSUM,1,5110,TRUE
clk_cpu_x_ireftrim_list,ring,14,CNTRSUM,1,5110,TRUE
clk_cpu_x_ireftrim_list,ring,15,CNTRSUM,1,5110,TRUE
clk_cpu_x_lock38_list,dfx,1613,CNTRERR,-2,2,TRUE
clk_cpu_x_lock38_list,dfx,1766,CNTRERR,-2,2,TRUE
clk_cpu_x_lock38_list,dfx,1613,DCOCODE,104,2046,TRUE
clk_cpu_x_lock38_list,dfx,1766,DCOCODE,104,2046,TRUE
clk_cpu_x_lock38_list,dfx,1613,LOCKCOUNT,24,300,TRUE
clk_cpu_x_lock38_list,dfx,1766,LOCKCOUNT,24,300,TRUE
clk_cpu_x_lock38_list,dlvr,1272,LOCKCOUNT,24,300,TRUE
clk_cpu_x_lock38_list,dlvr,1290,LOCKCOUNT,24,300,TRUE
clk_cpu_x_lock38_list,dlvr,1348,LOCKCOUNT,24,300,TRUE
clk_cpu_x_lock38_list,dlvr,1370,LOCKCOUNT,24,300,TRUE
clk_cpu_x_lock38_list,dlvr,1507,LOCKCOUNT,24,300,TRUE
clk_cpu_x_lock38_list,dfx,1613,RATIO,42,42,TRUE
clk_cpu_x_lock38_list,dfx,1766,RATIO,46,46,TRUE
clk_cpu_x_lock38_list,dlvr,1272,RATIO,33,33,TRUE
clk_cpu_x_lock38_list,dlvr,1290,RATIO,33,33,TRUE
clk_cpu_x_lock38_list,dlvr,1348,RATIO,35,35,TRUE
clk_cpu_x_lock38_list,dlvr,1370,RATIO,35,35,TRUE
clk_cpu_x_lock38_list,dlvr,1507,RATIO,39,39,TRUE
clk_cpu_x_lock38_list,dfx,1613,DCACODE,1,62,TRUE
clk_cpu_x_lock38_list,dfx,1766,DCACODE,1,62,TRUE
clk_cpu_x_lock38_list,dlvr,1272,DCACODE,1,62,TRUE
clk_cpu_x_lock38_list,dlvr,1290,DCACODE,1,62,TRUE
clk_cpu_x_lock38_list,dlvr,1348,DCACODE,1,62,TRUE
clk_cpu_x_lock38_list,dlvr,1370,DCACODE,1,62,TRUE
clk_cpu_x_lock38_list,dlvr,1507,DCACODE,1,62,TRUE
clk_cpu_x_lock40_list,dfx,1600,DCOCODE,104,2046,TRUE
clk_cpu_x_lock40_list,dfx,1760,DCOCODE,104,2046,TRUE
clk_cpu_x_lock40_list,dfx,1600,CNTRERR,-2,2,TRUE
clk_cpu_x_lock40_list,dfx,1760,CNTRERR,-2,2,TRUE
clk_cpu_x_lock40_list,dfx,1600,LOCKCOUNT,24,300,TRUE
clk_cpu_x_lock40_list,dfx,1760,LOCKCOUNT,24,300,TRUE
clk_cpu_x_lock40_list,dlvr,1272,LOCKCOUNT,24,300,TRUE
clk_cpu_x_lock40_list,dlvr,1290,LOCKCOUNT,24,300,TRUE
clk_cpu_x_lock40_list,dlvr,1348,LOCKCOUNT,24,300,TRUE
clk_cpu_x_lock40_list,dlvr,1370,LOCKCOUNT,24,300,TRUE
clk_cpu_x_lock40_list,dlvr,1507,LOCKCOUNT,24,300,TRUE
clk_cpu_x_lock40_list,c2h,4000,LOCKCOUNT,24,400,TRUE
clk_cpu_x_lock40_list,c2h,4400,LOCKCOUNT,24,400,TRUE
clk_cpu_x_lock40_list,c2h,4800,LOCKCOUNT,24,400,TRUE
clk_cpu_x_lock40_list,c2h,5200,LOCKCOUNT,24,400,TRUE
clk_cpu_x_lock40_list,c2h,5600,LOCKCOUNT,24,400,TRUE
clk_cpu_x_lock40_list,c2h,5700,LOCKCOUNT,24,400,TRUE
clk_cpu_x_lock40_list,c2h,6000,LOCKCOUNT,24,400,TRUE
clk_cpu_x_lock40_list,c2h,6600,LOCKCOUNT,24,400,FALSE
clk_cpu_x_lock40_list,c2h,4000,RATIO,40,40,TRUE
clk_cpu_x_lock40_list,c2h,4400,RATIO,44,44,TRUE
clk_cpu_x_lock40_list,c2h,4800,RATIO,48,48,TRUE
clk_cpu_x_lock40_list,c2h,5200,RATIO,52,52,TRUE
clk_cpu_x_lock40_list,c2h,5600,RATIO,56,56,TRUE
clk_cpu_x_lock40_list,c2h,5700,RATIO,57,57,TRUE
clk_cpu_x_lock40_list,c2h,6000,RATIO,60,60,TRUE
clk_cpu_x_lock40_list,c2h,6600,RATIO,66,66,FALSE
clk_cpu_x_lock40_list,dfx,1600,RATIO,40,40,TRUE
clk_cpu_x_lock40_list,dfx,1760,RATIO,44,44,TRUE
clk_cpu_x_lock40_list,dlvr,1272,RATIO,31,31,TRUE
clk_cpu_x_lock40_list,dlvr,1290,RATIO,32,32,TRUE
clk_cpu_x_lock40_list,dlvr,1348,RATIO,33,33,TRUE
clk_cpu_x_lock40_list,dlvr,1370,RATIO,34,34,TRUE
clk_cpu_x_lock40_list,dlvr,1507,RATIO,37,37,TRUE
clk_cpu_x_lock40_list,c2h,4000,DCACODE,1,62,TRUE
clk_cpu_x_lock40_list,c2h,4400,DCACODE,1,62,TRUE
clk_cpu_x_lock40_list,c2h,4800,DCACODE,1,62,TRUE
clk_cpu_x_lock40_list,c2h,5200,DCACODE,1,62,TRUE
clk_cpu_x_lock40_list,c2h,5600,DCACODE,1,62,TRUE
clk_cpu_x_lock40_list,c2h,5700,DCACODE,1,62,TRUE
clk_cpu_x_lock40_list,c2h,6000,DCACODE,1,62,TRUE
clk_cpu_x_lock40_list,c2h,6600,DCACODE,1,62,FALSE
clk_cpu_x_lock40_list,dfx,1600,DCACODE,1,62,TRUE
clk_cpu_x_lock40_list,dfx,1760,DCACODE,1,62,TRUE
clk_cpu_x_lock40_list,dlvr,1272,DCACODE,1,62,TRUE
clk_cpu_x_lock40_list,dlvr,1290,DCACODE,1,62,TRUE
clk_cpu_x_lock40_list,dlvr,1348,DCACODE,1,62,TRUE
clk_cpu_x_lock40_list,dlvr,1370,DCACODE,1,62,TRUE
clk_cpu_x_lock40_list,dlvr,1507,DCACODE,1,62,TRUE
clk_cpu_x_lock40_list,arw,300,DCOCODE,104,2046,FALSE
clk_cpu_x_lock40_list,arw,400,DCOCODE,104,2046,TRUE
clk_cpu_x_lock40_list,arw,500,DCOCODE,104,2046,TRUE
clk_cpu_x_lock40_list,arw,600,DCOCODE,104,2046,TRUE
clk_cpu_x_lock40_list,arw,700,DCOCODE,104,2046,TRUE
clk_cpu_x_lock40_list,arw,800,DCOCODE,104,2046,TRUE
clk_cpu_x_lock40_list,arw,900,DCOCODE,104,2046,TRUE
clk_cpu_x_lock40_list,arw,1000,DCOCODE,104,2046,TRUE
clk_cpu_x_lock40_list,arw,1100,DCOCODE,104,2046,TRUE
clk_cpu_x_lock40_list,arw,1200,DCOCODE,104,2046,TRUE
clk_cpu_x_lock40_list,arw,1300,DCOCODE,104,2046,TRUE
clk_cpu_x_lock40_list,arw,1400,DCOCODE,104,2046,TRUE
clk_cpu_x_lock40_list,arw,1500,DCOCODE,104,2046,TRUE
clk_cpu_x_lock40_list,arw,1600,DCOCODE,104,2046,TRUE
clk_cpu_x_lock40_list,arw,1700,DCOCODE,104,2046,TRUE
clk_cpu_x_lock40_list,arw,1800,DCOCODE,104,2046,TRUE
clk_cpu_x_lock40_list,arw,1900,DCOCODE,104,2046,TRUE
clk_cpu_x_lock40_list,arw,2000,DCOCODE,104,2046,TRUE
clk_cpu_x_lock40_list,arw,2100,DCOCODE,104,2046,TRUE
clk_cpu_x_lock40_list,arw,2200,DCOCODE,104,2046,TRUE
clk_cpu_x_lock40_list,arw,2300,DCOCODE,104,2046,TRUE
clk_cpu_x_lock40_list,arw,2400,DCOCODE,104,2046,TRUE
clk_cpu_x_lock40_list,arw,2500,DCOCODE,104,2046,TRUE
clk_cpu_x_lock40_list,arw,2600,DCOCODE,104,2046,TRUE
clk_cpu_x_lock40_list,arw,2700,DCOCODE,104,2046,TRUE
clk_cpu_x_lock40_list,arw,2800,DCOCODE,104,2046,TRUE
clk_cpu_x_lock40_list,arw,2900,DCOCODE,104,2046,TRUE
clk_cpu_x_lock40_list,arw,3000,DCOCODE,104,2046,TRUE
clk_cpu_x_lock40_list,arw,3100,DCOCODE,104,2046,TRUE
clk_cpu_x_lock40_list,arw,3200,DCOCODE,104,2046,TRUE
clk_cpu_x_lock40_list,arw,3300,DCOCODE,104,2046,TRUE
clk_cpu_x_lock40_list,arw,3400,DCOCODE,104,2046,TRUE
clk_cpu_x_lock40_list,arw,3500,DCOCODE,104,2046,TRUE
clk_cpu_x_lock40_list,arw,3600,DCOCODE,104,2046,TRUE
clk_cpu_x_lock40_list,arw,3700,DCOCODE,104,2046,TRUE
clk_cpu_x_lock40_list,arw,3800,DCOCODE,104,2046,TRUE
clk_cpu_x_lock40_list,arw,3900,DCOCODE,104,2046,TRUE
clk_cpu_x_lock40_list,arw,4000,DCOCODE,104,2046,TRUE
clk_cpu_x_lock40_list,arw,4100,DCOCODE,104,2046,TRUE
clk_cpu_x_lock40_list,arw,4200,DCOCODE,104,2046,TRUE
clk_cpu_x_lock40_list,arw,4300,DCOCODE,104,2046,TRUE
clk_cpu_x_lock40_list,arw,4400,DCOCODE,104,2046,TRUE
clk_cpu_x_lock40_list,arw,4500,DCOCODE,104,2046,TRUE
clk_cpu_x_lock40_list,arw,4600,DCOCODE,104,2046,TRUE
clk_cpu_x_lock40_list,arw,4700,DCOCODE,104,2046,TRUE
clk_cpu_x_lock40_list,arw,4800,DCOCODE,104,2046,FALSE
clk_cpu_x_lock40_list,arw,4900,DCOCODE,104,2046,FALSE
clk_cpu_x_lock40_list,arw,5000,DCOCODE,104,2046,FALSE
clk_cpu_x_lock40_list,arw,5100,DCOCODE,104,2046,FALSE
clk_cpu_x_lock40_list,arw,5200,DCOCODE,104,2046,FALSE
clk_cpu_x_lock40_list,arw,5300,DCOCODE,104,2046,FALSE
clk_cpu_x_lock40_list,arw,5400,DCOCODE,104,2046,FALSE
clk_cpu_x_lock40_list,arw,5500,DCOCODE,104,2046,FALSE
clk_cpu_x_lock40_list,arw,5600,DCOCODE,104,2046,FALSE
clk_cpu_x_lock40_list,arw,5700,DCOCODE,104,2046,FALSE
clk_cpu_x_lock40_list,arw,5800,DCOCODE,104,2046,FALSE
clk_cpu_x_lock40_list,arw,5900,DCOCODE,104,2046,FALSE
clk_cpu_x_lock40_list,arw,6000,DCOCODE,104,2046,FALSE
clk_cpu_x_lock40_list,arw,6100,DCOCODE,104,2046,FALSE
clk_cpu_x_lock40_list,pnc,300,DCOCODE,104,2046,FALSE
clk_cpu_x_lock40_list,pnc,400,DCOCODE,104,2046,TRUE
clk_cpu_x_lock40_list,pnc,500,DCOCODE,104,2046,TRUE
clk_cpu_x_lock40_list,pnc,600,DCOCODE,104,2046,TRUE
clk_cpu_x_lock40_list,pnc,700,DCOCODE,104,2046,TRUE
clk_cpu_x_lock40_list,pnc,800,DCOCODE,104,2046,TRUE
clk_cpu_x_lock40_list,pnc,900,DCOCODE,104,2046,TRUE
clk_cpu_x_lock40_list,pnc,1000,DCOCODE,104,2046,TRUE
clk_cpu_x_lock40_list,pnc,1100,DCOCODE,104,2046,TRUE
clk_cpu_x_lock40_list,pnc,1200,DCOCODE,104,2046,TRUE
clk_cpu_x_lock40_list,pnc,1300,DCOCODE,104,2046,TRUE
clk_cpu_x_lock40_list,pnc,1400,DCOCODE,104,2046,TRUE
clk_cpu_x_lock40_list,pnc,1500,DCOCODE,104,2046,TRUE
clk_cpu_x_lock40_list,pnc,1600,DCOCODE,104,2046,TRUE
clk_cpu_x_lock40_list,pnc,1700,DCOCODE,104,2046,TRUE
clk_cpu_x_lock40_list,pnc,1800,DCOCODE,104,2046,TRUE
clk_cpu_x_lock40_list,pnc,1900,DCOCODE,104,2046,TRUE
clk_cpu_x_lock40_list,pnc,2000,DCOCODE,104,2046,TRUE
clk_cpu_x_lock40_list,pnc,2100,DCOCODE,104,2046,TRUE
clk_cpu_x_lock40_list,pnc,2200,DCOCODE,104,2046,TRUE
clk_cpu_x_lock40_list,pnc,2300,DCOCODE,104,2046,TRUE
clk_cpu_x_lock40_list,pnc,2400,DCOCODE,104,2046,TRUE
clk_cpu_x_lock40_list,pnc,2500,DCOCODE,104,2046,TRUE
clk_cpu_x_lock40_list,pnc,2600,DCOCODE,104,2046,TRUE
clk_cpu_x_lock40_list,pnc,2700,DCOCODE,104,2046,TRUE
clk_cpu_x_lock40_list,pnc,2800,DCOCODE,104,2046,TRUE
clk_cpu_x_lock40_list,pnc,2900,DCOCODE,104,2046,TRUE
clk_cpu_x_lock40_list,pnc,3000,DCOCODE,104,2046,TRUE
clk_cpu_x_lock40_list,pnc,3100,DCOCODE,104,2046,TRUE
clk_cpu_x_lock40_list,pnc,3200,DCOCODE,104,2046,TRUE
clk_cpu_x_lock40_list,pnc,3300,DCOCODE,104,2046,TRUE
clk_cpu_x_lock40_list,pnc,3400,DCOCODE,104,2046,TRUE
clk_cpu_x_lock40_list,pnc,3500,DCOCODE,104,2046,TRUE
clk_cpu_x_lock40_list,pnc,3600,DCOCODE,104,2046,TRUE
clk_cpu_x_lock40_list,pnc,3700,DCOCODE,104,2046,TRUE
clk_cpu_x_lock40_list,pnc,3800,DCOCODE,104,2046,TRUE
clk_cpu_x_lock40_list,pnc,3900,DCOCODE,104,2046,TRUE
clk_cpu_x_lock40_list,pnc,4000,DCOCODE,104,2046,TRUE
clk_cpu_x_lock40_list,pnc,4100,DCOCODE,104,2046,TRUE
clk_cpu_x_lock40_list,pnc,4200,DCOCODE,104,2046,TRUE
clk_cpu_x_lock40_list,pnc,4300,DCOCODE,104,2046,TRUE
clk_cpu_x_lock40_list,pnc,4400,DCOCODE,104,2046,TRUE
clk_cpu_x_lock40_list,pnc,4500,DCOCODE,104,2046,TRUE
clk_cpu_x_lock40_list,pnc,4600,DCOCODE,104,2046,TRUE
clk_cpu_x_lock40_list,pnc,4700,DCOCODE,104,2046,TRUE
clk_cpu_x_lock40_list,pnc,4800,DCOCODE,104,2046,TRUE
clk_cpu_x_lock40_list,pnc,4900,DCOCODE,104,2046,TRUE
clk_cpu_x_lock40_list,pnc,5000,DCOCODE,104,2046,TRUE
clk_cpu_x_lock40_list,pnc,5100,DCOCODE,104,2046,TRUE
clk_cpu_x_lock40_list,pnc,5200,DCOCODE,104,2046,TRUE
clk_cpu_x_lock40_list,pnc,5300,DCOCODE,104,2046,TRUE
clk_cpu_x_lock40_list,pnc,5400,DCOCODE,104,2046,TRUE
clk_cpu_x_lock40_list,pnc,5500,DCOCODE,104,2046,TRUE
clk_cpu_x_lock40_list,pnc,5600,DCOCODE,104,2046,TRUE
clk_cpu_x_lock40_list,pnc,5700,DCOCODE,104,2046,TRUE
clk_cpu_x_lock40_list,pnc,5800,DCOCODE,104,2046,TRUE
clk_cpu_x_lock40_list,pnc,5900,DCOCODE,104,2046,FALSE
clk_cpu_x_lock40_list,pnc,6000,DCOCODE,104,2046,FALSE
clk_cpu_x_lock40_list,pnc,6100,DCOCODE,104,2046,FALSE
clk_cpu_x_lock40_list,pnc,6200,DCOCODE,104,2046,FALSE
clk_cpu_x_lock40_list,pnc,6300,DCOCODE,104,2046,FALSE
clk_cpu_x_lock40_list,pnc,6400,DCOCODE,104,2046,FALSE
clk_cpu_x_lock40_list,pnc,6500,DCOCODE,104,2046,FALSE
clk_cpu_x_lock40_list,pnc,6600,DCOCODE,104,2046,FALSE
clk_cpu_x_lock40_list,ring,300,DCOCODE,104,2046,FALSE
clk_cpu_x_lock40_list,ring,400,DCOCODE,104,2046,TRUE
clk_cpu_x_lock40_list,ring,500,DCOCODE,104,2046,TRUE
clk_cpu_x_lock40_list,ring,600,DCOCODE,104,2046,TRUE
clk_cpu_x_lock40_list,ring,700,DCOCODE,104,2046,TRUE
clk_cpu_x_lock40_list,ring,800,DCOCODE,104,2046,TRUE
clk_cpu_x_lock40_list,ring,900,DCOCODE,104,2046,TRUE
clk_cpu_x_lock40_list,ring,1000,DCOCODE,104,2046,TRUE
clk_cpu_x_lock40_list,ring,1100,DCOCODE,104,2046,TRUE
clk_cpu_x_lock40_list,ring,1200,DCOCODE,104,2046,TRUE
clk_cpu_x_lock40_list,ring,1300,DCOCODE,104,2046,TRUE
clk_cpu_x_lock40_list,ring,1400,DCOCODE,104,2046,TRUE
clk_cpu_x_lock40_list,ring,1500,DCOCODE,104,2046,TRUE
clk_cpu_x_lock40_list,ring,1600,DCOCODE,104,2046,TRUE
clk_cpu_x_lock40_list,ring,1700,DCOCODE,104,2046,TRUE
clk_cpu_x_lock40_list,ring,1800,DCOCODE,104,2046,TRUE
clk_cpu_x_lock40_list,ring,1900,DCOCODE,104,2046,TRUE
clk_cpu_x_lock40_list,ring,2000,DCOCODE,104,2046,TRUE
clk_cpu_x_lock40_list,ring,2100,DCOCODE,104,2046,TRUE
clk_cpu_x_lock40_list,ring,2200,DCOCODE,104,2046,TRUE
clk_cpu_x_lock40_list,ring,2300,DCOCODE,104,2046,TRUE
clk_cpu_x_lock40_list,ring,2400,DCOCODE,104,2046,TRUE
clk_cpu_x_lock40_list,ring,2500,DCOCODE,104,2046,TRUE
clk_cpu_x_lock40_list,ring,2600,DCOCODE,104,2046,TRUE
clk_cpu_x_lock40_list,ring,2700,DCOCODE,104,2046,TRUE
clk_cpu_x_lock40_list,ring,2800,DCOCODE,104,2046,TRUE
clk_cpu_x_lock40_list,ring,2900,DCOCODE,104,2046,TRUE
clk_cpu_x_lock40_list,ring,3000,DCOCODE,104,2046,TRUE
clk_cpu_x_lock40_list,ring,3100,DCOCODE,104,2046,TRUE
clk_cpu_x_lock40_list,ring,3200,DCOCODE,104,2046,TRUE
clk_cpu_x_lock40_list,ring,3300,DCOCODE,104,2046,TRUE
clk_cpu_x_lock40_list,ring,3400,DCOCODE,104,2046,TRUE
clk_cpu_x_lock40_list,ring,3500,DCOCODE,104,2046,TRUE
clk_cpu_x_lock40_list,ring,3600,DCOCODE,104,2046,TRUE
clk_cpu_x_lock40_list,ring,3700,DCOCODE,104,2046,TRUE
clk_cpu_x_lock40_list,ring,3800,DCOCODE,104,2046,TRUE
clk_cpu_x_lock40_list,ring,3900,DCOCODE,104,2046,TRUE
clk_cpu_x_lock40_list,ring,4000,DCOCODE,104,2046,TRUE
clk_cpu_x_lock40_list,ring,4100,DCOCODE,104,2046,TRUE
clk_cpu_x_lock40_list,ring,4200,DCOCODE,104,2046,TRUE
clk_cpu_x_lock40_list,ring,4300,DCOCODE,104,2046,TRUE
clk_cpu_x_lock40_list,ring,4400,DCOCODE,104,2046,TRUE
clk_cpu_x_lock40_list,ring,4500,DCOCODE,104,2046,TRUE
clk_cpu_x_lock40_list,ring,4600,DCOCODE,104,2046,TRUE
clk_cpu_x_lock40_list,ring,4700,DCOCODE,104,2046,TRUE
clk_cpu_x_lock40_list,ring,4800,DCOCODE,104,2046,TRUE
clk_cpu_x_lock40_list,ring,4900,DCOCODE,104,2046,TRUE
clk_cpu_x_lock40_list,ring,5000,DCOCODE,104,2046,TRUE
clk_cpu_x_lock40_list,ring,5100,DCOCODE,104,2046,TRUE
clk_cpu_x_lock40_list,ring,5200,DCOCODE,104,2046,TRUE
clk_cpu_x_lock40_list,ring,5300,DCOCODE,104,2046,TRUE
clk_cpu_x_lock40_list,ring,5400,DCOCODE,104,2046,FALSE
clk_cpu_x_lock40_list,ring,5500,DCOCODE,104,2046,FALSE
clk_cpu_x_lock40_list,ring,5600,DCOCODE,104,2046,FALSE
clk_cpu_x_lock40_list,ring,5700,DCOCODE,104,2046,FALSE
clk_cpu_x_lock40_list,ring,5800,DCOCODE,104,2046,FALSE
clk_cpu_x_lock40_list,ring,5900,DCOCODE,104,2046,FALSE
clk_cpu_x_lock40_list,ring,6000,DCOCODE,104,2046,FALSE
clk_cpu_x_lock40_list,ring,6100,DCOCODE,104,2046,FALSE
clk_cpu_x_lock40_list,ring,6200,DCOCODE,104,2046,FALSE
clk_cpu_x_lock40_list,ring,6300,DCOCODE,104,2046,FALSE
clk_cpu_x_lock40_list,ring,6400,DCOCODE,104,2046,FALSE
clk_cpu_x_lock40_list,arw,300,LOCKCOUNT,24,800,FALSE
clk_cpu_x_lock40_list,arw,400,LOCKCOUNT,24,800,TRUE
clk_cpu_x_lock40_list,arw,500,LOCKCOUNT,24,800,TRUE
clk_cpu_x_lock40_list,arw,600,LOCKCOUNT,24,800,TRUE
clk_cpu_x_lock40_list,arw,700,LOCKCOUNT,24,800,TRUE
clk_cpu_x_lock40_list,arw,800,LOCKCOUNT,24,800,TRUE
clk_cpu_x_lock40_list,arw,900,LOCKCOUNT,24,800,TRUE
clk_cpu_x_lock40_list,arw,1000,LOCKCOUNT,24,800,TRUE
clk_cpu_x_lock40_list,arw,1100,LOCKCOUNT,24,800,TRUE
clk_cpu_x_lock40_list,arw,1200,LOCKCOUNT,24,800,TRUE
clk_cpu_x_lock40_list,arw,1300,LOCKCOUNT,24,800,TRUE
clk_cpu_x_lock40_list,arw,1400,LOCKCOUNT,24,800,TRUE
clk_cpu_x_lock40_list,arw,1500,LOCKCOUNT,24,800,TRUE
clk_cpu_x_lock40_list,arw,1600,LOCKCOUNT,24,800,TRUE
clk_cpu_x_lock40_list,arw,1700,LOCKCOUNT,24,800,TRUE
clk_cpu_x_lock40_list,arw,1800,LOCKCOUNT,24,800,TRUE
clk_cpu_x_lock40_list,arw,1900,LOCKCOUNT,24,800,TRUE
clk_cpu_x_lock40_list,arw,2000,LOCKCOUNT,24,800,TRUE
clk_cpu_x_lock40_list,arw,2100,LOCKCOUNT,24,800,TRUE
clk_cpu_x_lock40_list,arw,2200,LOCKCOUNT,24,800,TRUE
clk_cpu_x_lock40_list,arw,2300,LOCKCOUNT,24,800,TRUE
clk_cpu_x_lock40_list,arw,2400,LOCKCOUNT,24,800,TRUE
clk_cpu_x_lock40_list,arw,2500,LOCKCOUNT,24,800,TRUE
clk_cpu_x_lock40_list,arw,2600,LOCKCOUNT,24,800,TRUE
clk_cpu_x_lock40_list,arw,2700,LOCKCOUNT,24,800,TRUE
clk_cpu_x_lock40_list,arw,2800,LOCKCOUNT,24,800,TRUE
clk_cpu_x_lock40_list,arw,2900,LOCKCOUNT,24,800,TRUE
clk_cpu_x_lock40_list,arw,3000,LOCKCOUNT,24,800,TRUE
clk_cpu_x_lock40_list,arw,3100,LOCKCOUNT,24,800,TRUE
clk_cpu_x_lock40_list,arw,3200,LOCKCOUNT,24,800,TRUE
clk_cpu_x_lock40_list,arw,3300,LOCKCOUNT,24,800,TRUE
clk_cpu_x_lock40_list,arw,3400,LOCKCOUNT,24,800,TRUE
clk_cpu_x_lock40_list,arw,3500,LOCKCOUNT,24,800,TRUE
clk_cpu_x_lock40_list,arw,3600,LOCKCOUNT,24,800,TRUE
clk_cpu_x_lock40_list,arw,3700,LOCKCOUNT,24,800,TRUE
clk_cpu_x_lock40_list,arw,3800,LOCKCOUNT,24,800,TRUE
clk_cpu_x_lock40_list,arw,3900,LOCKCOUNT,24,800,TRUE
clk_cpu_x_lock40_list,arw,4000,LOCKCOUNT,24,800,TRUE
clk_cpu_x_lock40_list,arw,4100,LOCKCOUNT,24,800,TRUE
clk_cpu_x_lock40_list,arw,4200,LOCKCOUNT,24,800,TRUE
clk_cpu_x_lock40_list,arw,4300,LOCKCOUNT,24,800,TRUE
clk_cpu_x_lock40_list,arw,4400,LOCKCOUNT,24,800,TRUE
clk_cpu_x_lock40_list,arw,4500,LOCKCOUNT,24,800,TRUE
clk_cpu_x_lock40_list,arw,4600,LOCKCOUNT,24,800,TRUE
clk_cpu_x_lock40_list,arw,4700,LOCKCOUNT,24,800,TRUE
clk_cpu_x_lock40_list,arw,4800,LOCKCOUNT,24,800,FALSE
clk_cpu_x_lock40_list,arw,4900,LOCKCOUNT,24,800,FALSE
clk_cpu_x_lock40_list,arw,5000,LOCKCOUNT,24,800,FALSE
clk_cpu_x_lock40_list,arw,5100,LOCKCOUNT,24,800,FALSE
clk_cpu_x_lock40_list,arw,5200,LOCKCOUNT,24,800,FALSE
clk_cpu_x_lock40_list,arw,5300,LOCKCOUNT,24,800,FALSE
clk_cpu_x_lock40_list,arw,5400,LOCKCOUNT,24,800,FALSE
clk_cpu_x_lock40_list,arw,5500,LOCKCOUNT,24,800,FALSE
clk_cpu_x_lock40_list,arw,5600,LOCKCOUNT,24,800,FALSE
clk_cpu_x_lock40_list,arw,5700,LOCKCOUNT,24,800,FALSE
clk_cpu_x_lock40_list,arw,5800,LOCKCOUNT,24,800,FALSE
clk_cpu_x_lock40_list,arw,5900,LOCKCOUNT,24,800,FALSE
clk_cpu_x_lock40_list,arw,6000,LOCKCOUNT,24,800,FALSE
clk_cpu_x_lock40_list,arw,6100,LOCKCOUNT,24,800,FALSE
clk_cpu_x_lock40_list,pnc,300,LOCKCOUNT,24,800,FALSE
clk_cpu_x_lock40_list,pnc,400,LOCKCOUNT,24,800,TRUE
clk_cpu_x_lock40_list,pnc,500,LOCKCOUNT,24,800,TRUE
clk_cpu_x_lock40_list,pnc,600,LOCKCOUNT,24,800,TRUE
clk_cpu_x_lock40_list,pnc,700,LOCKCOUNT,24,800,TRUE
clk_cpu_x_lock40_list,pnc,800,LOCKCOUNT,24,800,TRUE
clk_cpu_x_lock40_list,pnc,900,LOCKCOUNT,24,800,TRUE
clk_cpu_x_lock40_list,pnc,1000,LOCKCOUNT,24,800,TRUE
clk_cpu_x_lock40_list,pnc,1100,LOCKCOUNT,24,800,TRUE
clk_cpu_x_lock40_list,pnc,1200,LOCKCOUNT,24,800,TRUE
clk_cpu_x_lock40_list,pnc,1300,LOCKCOUNT,24,800,TRUE
clk_cpu_x_lock40_list,pnc,1400,LOCKCOUNT,24,800,TRUE
clk_cpu_x_lock40_list,pnc,1500,LOCKCOUNT,24,800,TRUE
clk_cpu_x_lock40_list,pnc,1600,LOCKCOUNT,24,800,TRUE
clk_cpu_x_lock40_list,pnc,1700,LOCKCOUNT,24,800,TRUE
clk_cpu_x_lock40_list,pnc,1800,LOCKCOUNT,24,800,TRUE
clk_cpu_x_lock40_list,pnc,1900,LOCKCOUNT,24,800,TRUE
clk_cpu_x_lock40_list,pnc,2000,LOCKCOUNT,24,800,TRUE
clk_cpu_x_lock40_list,pnc,2100,LOCKCOUNT,24,800,TRUE
clk_cpu_x_lock40_list,pnc,2200,LOCKCOUNT,24,800,TRUE
clk_cpu_x_lock40_list,pnc,2300,LOCKCOUNT,24,800,TRUE
clk_cpu_x_lock40_list,pnc,2400,LOCKCOUNT,24,800,TRUE
clk_cpu_x_lock40_list,pnc,2500,LOCKCOUNT,24,800,TRUE
clk_cpu_x_lock40_list,pnc,2600,LOCKCOUNT,24,800,TRUE
clk_cpu_x_lock40_list,pnc,2700,LOCKCOUNT,24,800,TRUE
clk_cpu_x_lock40_list,pnc,2800,LOCKCOUNT,24,800,TRUE
clk_cpu_x_lock40_list,pnc,2900,LOCKCOUNT,24,800,TRUE
clk_cpu_x_lock40_list,pnc,3000,LOCKCOUNT,24,800,TRUE
clk_cpu_x_lock40_list,pnc,3100,LOCKCOUNT,24,800,TRUE
clk_cpu_x_lock40_list,pnc,3200,LOCKCOUNT,24,800,TRUE
clk_cpu_x_lock40_list,pnc,3300,LOCKCOUNT,24,800,TRUE
clk_cpu_x_lock40_list,pnc,3400,LOCKCOUNT,24,800,TRUE
clk_cpu_x_lock40_list,pnc,3500,LOCKCOUNT,24,800,TRUE
clk_cpu_x_lock40_list,pnc,3600,LOCKCOUNT,24,800,TRUE
clk_cpu_x_lock40_list,pnc,3700,LOCKCOUNT,24,800,TRUE
clk_cpu_x_lock40_list,pnc,3800,LOCKCOUNT,24,800,TRUE
clk_cpu_x_lock40_list,pnc,3900,LOCKCOUNT,24,800,TRUE
clk_cpu_x_lock40_list,pnc,4000,LOCKCOUNT,24,800,TRUE
clk_cpu_x_lock40_list,pnc,4100,LOCKCOUNT,24,800,TRUE
clk_cpu_x_lock40_list,pnc,4200,LOCKCOUNT,24,800,TRUE
clk_cpu_x_lock40_list,pnc,4300,LOCKCOUNT,24,800,TRUE
clk_cpu_x_lock40_list,pnc,4400,LOCKCOUNT,24,800,TRUE
clk_cpu_x_lock40_list,pnc,4500,LOCKCOUNT,24,800,TRUE
clk_cpu_x_lock40_list,pnc,4600,LOCKCOUNT,24,800,TRUE
clk_cpu_x_lock40_list,pnc,4700,LOCKCOUNT,24,800,TRUE
clk_cpu_x_lock40_list,pnc,4800,LOCKCOUNT,24,800,TRUE
clk_cpu_x_lock40_list,pnc,4900,LOCKCOUNT,24,800,TRUE
clk_cpu_x_lock40_list,pnc,5000,LOCKCOUNT,24,800,TRUE
clk_cpu_x_lock40_list,pnc,5100,LOCKCOUNT,24,800,TRUE
clk_cpu_x_lock40_list,pnc,5200,LOCKCOUNT,24,800,TRUE
clk_cpu_x_lock40_list,pnc,5300,LOCKCOUNT,24,800,TRUE
clk_cpu_x_lock40_list,pnc,5400,LOCKCOUNT,24,800,TRUE
clk_cpu_x_lock40_list,pnc,5500,LOCKCOUNT,24,800,TRUE
clk_cpu_x_lock40_list,pnc,5600,LOCKCOUNT,24,800,TRUE
clk_cpu_x_lock40_list,pnc,5700,LOCKCOUNT,24,800,TRUE
clk_cpu_x_lock40_list,pnc,5800,LOCKCOUNT,24,800,TRUE
clk_cpu_x_lock40_list,pnc,5900,LOCKCOUNT,24,800,FALSE
clk_cpu_x_lock40_list,pnc,6000,LOCKCOUNT,24,800,FALSE
clk_cpu_x_lock40_list,pnc,6100,LOCKCOUNT,24,800,FALSE
clk_cpu_x_lock40_list,pnc,6200,LOCKCOUNT,24,800,FALSE
clk_cpu_x_lock40_list,pnc,6300,LOCKCOUNT,24,800,FALSE
clk_cpu_x_lock40_list,pnc,6400,LOCKCOUNT,24,800,FALSE
clk_cpu_x_lock40_list,pnc,6500,LOCKCOUNT,24,800,FALSE
clk_cpu_x_lock40_list,pnc,6600,LOCKCOUNT,24,800,FALSE
clk_cpu_x_lock40_list,ring,300,LOCKCOUNT,24,800,FALSE
clk_cpu_x_lock40_list,ring,400,LOCKCOUNT,24,800,TRUE
clk_cpu_x_lock40_list,ring,500,LOCKCOUNT,24,800,TRUE
clk_cpu_x_lock40_list,ring,600,LOCKCOUNT,24,800,TRUE
clk_cpu_x_lock40_list,ring,700,LOCKCOUNT,24,800,TRUE
clk_cpu_x_lock40_list,ring,800,LOCKCOUNT,24,800,TRUE
clk_cpu_x_lock40_list,ring,900,LOCKCOUNT,24,800,TRUE
clk_cpu_x_lock40_list,ring,1000,LOCKCOUNT,24,800,TRUE
clk_cpu_x_lock40_list,ring,1100,LOCKCOUNT,24,800,TRUE
clk_cpu_x_lock40_list,ring,1200,LOCKCOUNT,24,800,TRUE
clk_cpu_x_lock40_list,ring,1300,LOCKCOUNT,24,800,TRUE
clk_cpu_x_lock40_list,ring,1400,LOCKCOUNT,24,800,TRUE
clk_cpu_x_lock40_list,ring,1500,LOCKCOUNT,24,800,TRUE
clk_cpu_x_lock40_list,ring,1600,LOCKCOUNT,24,800,TRUE
clk_cpu_x_lock40_list,ring,1700,LOCKCOUNT,24,800,TRUE
clk_cpu_x_lock40_list,ring,1800,LOCKCOUNT,24,800,TRUE
clk_cpu_x_lock40_list,ring,1900,LOCKCOUNT,24,800,TRUE
clk_cpu_x_lock40_list,ring,2000,LOCKCOUNT,24,800,TRUE
clk_cpu_x_lock40_list,ring,2100,LOCKCOUNT,24,800,TRUE
clk_cpu_x_lock40_list,ring,2200,LOCKCOUNT,24,800,TRUE
clk_cpu_x_lock40_list,ring,2300,LOCKCOUNT,24,800,TRUE
clk_cpu_x_lock40_list,ring,2400,LOCKCOUNT,24,800,TRUE
clk_cpu_x_lock40_list,ring,2500,LOCKCOUNT,24,800,TRUE
clk_cpu_x_lock40_list,ring,2600,LOCKCOUNT,24,800,TRUE
clk_cpu_x_lock40_list,ring,2700,LOCKCOUNT,24,800,TRUE
clk_cpu_x_lock40_list,ring,2800,LOCKCOUNT,24,800,TRUE
clk_cpu_x_lock40_list,ring,2900,LOCKCOUNT,24,800,TRUE
clk_cpu_x_lock40_list,ring,3000,LOCKCOUNT,24,800,TRUE
clk_cpu_x_lock40_list,ring,3100,LOCKCOUNT,24,800,TRUE
clk_cpu_x_lock40_list,ring,3200,LOCKCOUNT,24,800,TRUE
clk_cpu_x_lock40_list,ring,3300,LOCKCOUNT,24,800,TRUE
clk_cpu_x_lock40_list,ring,3400,LOCKCOUNT,24,800,TRUE
clk_cpu_x_lock40_list,ring,3500,LOCKCOUNT,24,800,TRUE
clk_cpu_x_lock40_list,ring,3600,LOCKCOUNT,24,800,TRUE
clk_cpu_x_lock40_list,ring,3700,LOCKCOUNT,24,800,TRUE
clk_cpu_x_lock40_list,ring,3800,LOCKCOUNT,24,800,TRUE
clk_cpu_x_lock40_list,ring,3900,LOCKCOUNT,24,800,TRUE
clk_cpu_x_lock40_list,ring,4000,LOCKCOUNT,24,800,TRUE
clk_cpu_x_lock40_list,ring,4100,LOCKCOUNT,24,800,TRUE
clk_cpu_x_lock40_list,ring,4200,LOCKCOUNT,24,800,TRUE
clk_cpu_x_lock40_list,ring,4300,LOCKCOUNT,24,800,TRUE
clk_cpu_x_lock40_list,ring,4400,LOCKCOUNT,24,800,TRUE
clk_cpu_x_lock40_list,ring,4500,LOCKCOUNT,24,800,TRUE
clk_cpu_x_lock40_list,ring,4600,LOCKCOUNT,24,800,TRUE
clk_cpu_x_lock40_list,ring,4700,LOCKCOUNT,24,800,TRUE
clk_cpu_x_lock40_list,ring,4800,LOCKCOUNT,24,800,TRUE
clk_cpu_x_lock40_list,ring,4900,LOCKCOUNT,24,800,TRUE
clk_cpu_x_lock40_list,ring,5000,LOCKCOUNT,24,800,TRUE
clk_cpu_x_lock40_list,ring,5100,LOCKCOUNT,24,800,TRUE
clk_cpu_x_lock40_list,ring,5200,LOCKCOUNT,24,800,TRUE
clk_cpu_x_lock40_list,ring,5300,LOCKCOUNT,24,800,TRUE
clk_cpu_x_lock40_list,ring,5400,LOCKCOUNT,24,800,FALSE
clk_cpu_x_lock40_list,ring,5500,LOCKCOUNT,24,800,FALSE
clk_cpu_x_lock40_list,ring,5600,LOCKCOUNT,24,800,FALSE
clk_cpu_x_lock40_list,ring,5700,LOCKCOUNT,24,800,FALSE
clk_cpu_x_lock40_list,ring,5800,LOCKCOUNT,24,800,FALSE
clk_cpu_x_lock40_list,ring,5900,LOCKCOUNT,24,800,FALSE
clk_cpu_x_lock40_list,ring,6000,LOCKCOUNT,24,800,FALSE
clk_cpu_x_lock40_list,ring,6100,LOCKCOUNT,24,800,FALSE
clk_cpu_x_lock40_list,ring,6200,LOCKCOUNT,24,800,FALSE
clk_cpu_x_lock40_list,ring,6300,LOCKCOUNT,24,800,FALSE
clk_cpu_x_lock40_list,ring,6400,LOCKCOUNT,24,800,FALSE
clk_cpu_x_lock40_list,arw,300,CNTRERR,-2,2,FALSE
clk_cpu_x_lock40_list,arw,400,CNTRERR,-2,2,TRUE
clk_cpu_x_lock40_list,arw,500,CNTRERR,-2,2,TRUE
clk_cpu_x_lock40_list,arw,600,CNTRERR,-2,2,TRUE
clk_cpu_x_lock40_list,arw,700,CNTRERR,-2,2,TRUE
clk_cpu_x_lock40_list,arw,800,CNTRERR,-2,2,TRUE
clk_cpu_x_lock40_list,arw,900,CNTRERR,-2,2,TRUE
clk_cpu_x_lock40_list,arw,1000,CNTRERR,-2,2,TRUE
clk_cpu_x_lock40_list,arw,1100,CNTRERR,-2,2,TRUE
clk_cpu_x_lock40_list,arw,1200,CNTRERR,-2,2,TRUE
clk_cpu_x_lock40_list,arw,1300,CNTRERR,-2,2,TRUE
clk_cpu_x_lock40_list,arw,1400,CNTRERR,-2,2,TRUE
clk_cpu_x_lock40_list,arw,1500,CNTRERR,-2,2,TRUE
clk_cpu_x_lock40_list,arw,1600,CNTRERR,-2,2,TRUE
clk_cpu_x_lock40_list,arw,1700,CNTRERR,-2,2,TRUE
clk_cpu_x_lock40_list,arw,1800,CNTRERR,-2,2,TRUE
clk_cpu_x_lock40_list,arw,1900,CNTRERR,-2,2,TRUE
clk_cpu_x_lock40_list,arw,2000,CNTRERR,-2,2,TRUE
clk_cpu_x_lock40_list,arw,2100,CNTRERR,-2,2,TRUE
clk_cpu_x_lock40_list,arw,2200,CNTRERR,-2,2,TRUE
clk_cpu_x_lock40_list,arw,2300,CNTRERR,-2,2,TRUE
clk_cpu_x_lock40_list,arw,2400,CNTRERR,-2,2,TRUE
clk_cpu_x_lock40_list,arw,2500,CNTRERR,-2,2,TRUE
clk_cpu_x_lock40_list,arw,2600,CNTRERR,-2,2,TRUE
clk_cpu_x_lock40_list,arw,2700,CNTRERR,-2,2,TRUE
clk_cpu_x_lock40_list,arw,2800,CNTRERR,-2,2,TRUE
clk_cpu_x_lock40_list,arw,2900,CNTRERR,-2,2,TRUE
clk_cpu_x_lock40_list,arw,3000,CNTRERR,-2,2,TRUE
clk_cpu_x_lock40_list,arw,3100,CNTRERR,-2,2,TRUE
clk_cpu_x_lock40_list,arw,3200,CNTRERR,-2,2,TRUE
clk_cpu_x_lock40_list,arw,3300,CNTRERR,-2,2,TRUE
clk_cpu_x_lock40_list,arw,3400,CNTRERR,-2,2,TRUE
clk_cpu_x_lock40_list,arw,3500,CNTRERR,-2,2,TRUE
clk_cpu_x_lock40_list,arw,3600,CNTRERR,-2,2,TRUE
clk_cpu_x_lock40_list,arw,3700,CNTRERR,-2,2,TRUE
clk_cpu_x_lock40_list,arw,3800,CNTRERR,-2,2,TRUE
clk_cpu_x_lock40_list,arw,3900,CNTRERR,-2,2,TRUE
clk_cpu_x_lock40_list,arw,4000,CNTRERR,-2,2,TRUE
clk_cpu_x_lock40_list,arw,4100,CNTRERR,-2,2,TRUE
clk_cpu_x_lock40_list,arw,4200,CNTRERR,-2,2,TRUE
clk_cpu_x_lock40_list,arw,4300,CNTRERR,-2,2,TRUE
clk_cpu_x_lock40_list,arw,4400,CNTRERR,-2,2,TRUE
clk_cpu_x_lock40_list,arw,4500,CNTRERR,-2,2,TRUE
clk_cpu_x_lock40_list,arw,4600,CNTRERR,-2,2,TRUE
clk_cpu_x_lock40_list,arw,4700,CNTRERR,-2,2,TRUE
clk_cpu_x_lock40_list,arw,4800,CNTRERR,-2,2,FALSE
clk_cpu_x_lock40_list,arw,4900,CNTRERR,-2,2,FALSE
clk_cpu_x_lock40_list,arw,5000,CNTRERR,-2,2,FALSE
clk_cpu_x_lock40_list,arw,5100,CNTRERR,-2,2,FALSE
clk_cpu_x_lock40_list,arw,5200,CNTRERR,-2,2,FALSE
clk_cpu_x_lock40_list,arw,5300,CNTRERR,-2,2,FALSE
clk_cpu_x_lock40_list,arw,5400,CNTRERR,-2,2,FALSE
clk_cpu_x_lock40_list,arw,5500,CNTRERR,-2,2,FALSE
clk_cpu_x_lock40_list,arw,5600,CNTRERR,-2,2,FALSE
clk_cpu_x_lock40_list,arw,5700,CNTRERR,-2,2,FALSE
clk_cpu_x_lock40_list,arw,5800,CNTRERR,-2,2,FALSE
clk_cpu_x_lock40_list,arw,5900,CNTRERR,-2,2,FALSE
clk_cpu_x_lock40_list,arw,6000,CNTRERR,-2,2,FALSE
clk_cpu_x_lock40_list,arw,6100,CNTRERR,-2,2,FALSE
clk_cpu_x_lock40_list,pnc,300,CNTRERR,-2,2,FALSE
clk_cpu_x_lock40_list,pnc,400,CNTRERR,-2,2,TRUE
clk_cpu_x_lock40_list,pnc,500,CNTRERR,-2,2,TRUE
clk_cpu_x_lock40_list,pnc,600,CNTRERR,-2,2,TRUE
clk_cpu_x_lock40_list,pnc,700,CNTRERR,-2,2,TRUE
clk_cpu_x_lock40_list,pnc,800,CNTRERR,-2,2,TRUE
clk_cpu_x_lock40_list,pnc,900,CNTRERR,-2,2,TRUE
clk_cpu_x_lock40_list,pnc,1000,CNTRERR,-2,2,TRUE
clk_cpu_x_lock40_list,pnc,1100,CNTRERR,-2,2,TRUE
clk_cpu_x_lock40_list,pnc,1200,CNTRERR,-2,2,TRUE
clk_cpu_x_lock40_list,pnc,1300,CNTRERR,-2,2,TRUE
clk_cpu_x_lock40_list,pnc,1400,CNTRERR,-2,2,TRUE
clk_cpu_x_lock40_list,pnc,1500,CNTRERR,-2,2,TRUE
clk_cpu_x_lock40_list,pnc,1600,CNTRERR,-2,2,TRUE
clk_cpu_x_lock40_list,pnc,1700,CNTRERR,-2,2,TRUE
clk_cpu_x_lock40_list,pnc,1800,CNTRERR,-2,2,TRUE
clk_cpu_x_lock40_list,pnc,1900,CNTRERR,-2,2,TRUE
clk_cpu_x_lock40_list,pnc,2000,CNTRERR,-2,2,TRUE
clk_cpu_x_lock40_list,pnc,2100,CNTRERR,-2,2,TRUE
clk_cpu_x_lock40_list,pnc,2200,CNTRERR,-2,2,TRUE
clk_cpu_x_lock40_list,pnc,2300,CNTRERR,-2,2,TRUE
clk_cpu_x_lock40_list,pnc,2400,CNTRERR,-2,2,TRUE
clk_cpu_x_lock40_list,pnc,2500,CNTRERR,-2,2,TRUE
clk_cpu_x_lock40_list,pnc,2600,CNTRERR,-2,2,TRUE
clk_cpu_x_lock40_list,pnc,2700,CNTRERR,-2,2,TRUE
clk_cpu_x_lock40_list,pnc,2800,CNTRERR,-2,2,TRUE
clk_cpu_x_lock40_list,pnc,2900,CNTRERR,-2,2,TRUE
clk_cpu_x_lock40_list,pnc,3000,CNTRERR,-2,2,TRUE
clk_cpu_x_lock40_list,pnc,3100,CNTRERR,-2,2,TRUE
clk_cpu_x_lock40_list,pnc,3200,CNTRERR,-2,2,TRUE
clk_cpu_x_lock40_list,pnc,3300,CNTRERR,-2,2,TRUE
clk_cpu_x_lock40_list,pnc,3400,CNTRERR,-2,2,TRUE
clk_cpu_x_lock40_list,pnc,3500,CNTRERR,-2,2,TRUE
clk_cpu_x_lock40_list,pnc,3600,CNTRERR,-2,2,TRUE
clk_cpu_x_lock40_list,pnc,3700,CNTRERR,-2,2,TRUE
clk_cpu_x_lock40_list,pnc,3800,CNTRERR,-2,2,TRUE
clk_cpu_x_lock40_list,pnc,3900,CNTRERR,-2,2,TRUE
clk_cpu_x_lock40_list,pnc,4000,CNTRERR,-2,2,TRUE
clk_cpu_x_lock40_list,pnc,4100,CNTRERR,-2,2,TRUE
clk_cpu_x_lock40_list,pnc,4200,CNTRERR,-2,2,TRUE
clk_cpu_x_lock40_list,pnc,4300,CNTRERR,-2,2,TRUE
clk_cpu_x_lock40_list,pnc,4400,CNTRERR,-2,2,TRUE
clk_cpu_x_lock40_list,pnc,4500,CNTRERR,-2,2,TRUE
clk_cpu_x_lock40_list,pnc,4600,CNTRERR,-2,2,TRUE
clk_cpu_x_lock40_list,pnc,4700,CNTRERR,-2,2,TRUE
clk_cpu_x_lock40_list,pnc,4800,CNTRERR,-2,2,TRUE
clk_cpu_x_lock40_list,pnc,4900,CNTRERR,-2,2,TRUE
clk_cpu_x_lock40_list,pnc,5000,CNTRERR,-2,2,TRUE
clk_cpu_x_lock40_list,pnc,5100,CNTRERR,-2,2,TRUE
clk_cpu_x_lock40_list,pnc,5200,CNTRERR,-2,2,TRUE
clk_cpu_x_lock40_list,pnc,5300,CNTRERR,-2,2,TRUE
clk_cpu_x_lock40_list,pnc,5400,CNTRERR,-2,2,TRUE
clk_cpu_x_lock40_list,pnc,5500,CNTRERR,-2,2,TRUE
clk_cpu_x_lock40_list,pnc,5600,CNTRERR,-2,2,TRUE
clk_cpu_x_lock40_list,pnc,5700,CNTRERR,-2,2,TRUE
clk_cpu_x_lock40_list,pnc,5800,CNTRERR,-2,2,TRUE
clk_cpu_x_lock40_list,pnc,5900,CNTRERR,-2,2,FALSE
clk_cpu_x_lock40_list,pnc,6000,CNTRERR,-2,2,FALSE
clk_cpu_x_lock40_list,pnc,6100,CNTRERR,-2,2,FALSE
clk_cpu_x_lock40_list,pnc,6200,CNTRERR,-2,2,FALSE
clk_cpu_x_lock40_list,pnc,6300,CNTRERR,-2,2,FALSE
clk_cpu_x_lock40_list,pnc,6400,CNTRERR,-2,2,FALSE
clk_cpu_x_lock40_list,pnc,6500,CNTRERR,-2,2,FALSE
clk_cpu_x_lock40_list,pnc,6600,CNTRERR,-2,2,FALSE
clk_cpu_x_lock40_list,ring,300,CNTRERR,-2,2,FALSE
clk_cpu_x_lock40_list,ring,400,CNTRERR,-2,2,TRUE
clk_cpu_x_lock40_list,ring,500,CNTRERR,-2,2,TRUE
clk_cpu_x_lock40_list,ring,600,CNTRERR,-2,2,TRUE
clk_cpu_x_lock40_list,ring,700,CNTRERR,-2,2,TRUE
clk_cpu_x_lock40_list,ring,800,CNTRERR,-2,2,TRUE
clk_cpu_x_lock40_list,ring,900,CNTRERR,-2,2,TRUE
clk_cpu_x_lock40_list,ring,1000,CNTRERR,-2,2,TRUE
clk_cpu_x_lock40_list,ring,1100,CNTRERR,-2,2,TRUE
clk_cpu_x_lock40_list,ring,1200,CNTRERR,-2,2,TRUE
clk_cpu_x_lock40_list,ring,1300,CNTRERR,-2,2,TRUE
clk_cpu_x_lock40_list,ring,1400,CNTRERR,-2,2,TRUE
clk_cpu_x_lock40_list,ring,1500,CNTRERR,-2,2,TRUE
clk_cpu_x_lock40_list,ring,1600,CNTRERR,-2,2,TRUE
clk_cpu_x_lock40_list,ring,1700,CNTRERR,-2,2,TRUE
clk_cpu_x_lock40_list,ring,1800,CNTRERR,-2,2,TRUE
clk_cpu_x_lock40_list,ring,1900,CNTRERR,-2,2,TRUE
clk_cpu_x_lock40_list,ring,2000,CNTRERR,-2,2,TRUE
clk_cpu_x_lock40_list,ring,2100,CNTRERR,-2,2,TRUE
clk_cpu_x_lock40_list,ring,2200,CNTRERR,-2,2,TRUE
clk_cpu_x_lock40_list,ring,2300,CNTRERR,-2,2,TRUE
clk_cpu_x_lock40_list,ring,2400,CNTRERR,-2,2,TRUE
clk_cpu_x_lock40_list,ring,2500,CNTRERR,-2,2,TRUE
clk_cpu_x_lock40_list,ring,2600,CNTRERR,-2,2,TRUE
clk_cpu_x_lock40_list,ring,2700,CNTRERR,-2,2,TRUE
clk_cpu_x_lock40_list,ring,2800,CNTRERR,-2,2,TRUE
clk_cpu_x_lock40_list,ring,2900,CNTRERR,-2,2,TRUE
clk_cpu_x_lock40_list,ring,3000,CNTRERR,-2,2,TRUE
clk_cpu_x_lock40_list,ring,3100,CNTRERR,-2,2,TRUE
clk_cpu_x_lock40_list,ring,3200,CNTRERR,-2,2,TRUE
clk_cpu_x_lock40_list,ring,3300,CNTRERR,-2,2,TRUE
clk_cpu_x_lock40_list,ring,3400,CNTRERR,-2,2,TRUE
clk_cpu_x_lock40_list,ring,3500,CNTRERR,-2,2,TRUE
clk_cpu_x_lock40_list,ring,3600,CNTRERR,-2,2,TRUE
clk_cpu_x_lock40_list,ring,3700,CNTRERR,-2,2,TRUE
clk_cpu_x_lock40_list,ring,3800,CNTRERR,-2,2,TRUE
clk_cpu_x_lock40_list,ring,3900,CNTRERR,-2,2,TRUE
clk_cpu_x_lock40_list,ring,4000,CNTRERR,-2,2,TRUE
clk_cpu_x_lock40_list,ring,4100,CNTRERR,-2,2,TRUE
clk_cpu_x_lock40_list,ring,4200,CNTRERR,-2,2,TRUE
clk_cpu_x_lock40_list,ring,4300,CNTRERR,-2,2,TRUE
clk_cpu_x_lock40_list,ring,4400,CNTRERR,-2,2,TRUE
clk_cpu_x_lock40_list,ring,4500,CNTRERR,-2,2,TRUE
clk_cpu_x_lock40_list,ring,4600,CNTRERR,-2,2,TRUE
clk_cpu_x_lock40_list,ring,4700,CNTRERR,-2,2,TRUE
clk_cpu_x_lock40_list,ring,4800,CNTRERR,-2,2,TRUE
clk_cpu_x_lock40_list,ring,4900,CNTRERR,-2,2,TRUE
clk_cpu_x_lock40_list,ring,5000,CNTRERR,-2,2,TRUE
clk_cpu_x_lock40_list,ring,5100,CNTRERR,-2,2,TRUE
clk_cpu_x_lock40_list,ring,5200,CNTRERR,-2,2,TRUE
clk_cpu_x_lock40_list,ring,5300,CNTRERR,-2,2,TRUE
clk_cpu_x_lock40_list,ring,5400,CNTRERR,-2,2,FALSE
clk_cpu_x_lock40_list,ring,5500,CNTRERR,-2,2,FALSE
clk_cpu_x_lock40_list,ring,5600,CNTRERR,-2,2,FALSE
clk_cpu_x_lock40_list,ring,5700,CNTRERR,-2,2,FALSE
clk_cpu_x_lock40_list,ring,5800,CNTRERR,-2,2,FALSE
clk_cpu_x_lock40_list,ring,5900,CNTRERR,-2,2,FALSE
clk_cpu_x_lock40_list,ring,6000,CNTRERR,-2,2,FALSE
clk_cpu_x_lock40_list,ring,6100,CNTRERR,-2,2,FALSE
clk_cpu_x_lock40_list,ring,6200,CNTRERR,-2,2,FALSE
clk_cpu_x_lock40_list,ring,6300,CNTRERR,-2,2,FALSE
clk_cpu_x_lock40_list,ring,6400,CNTRERR,-2,2,FALSE
clk_cpu_x_lock40_list,arw,300,RATIO,18,18,FALSE
clk_cpu_x_lock40_list,arw,400,RATIO,24,24,TRUE
clk_cpu_x_lock40_list,arw,500,RATIO,30,30,TRUE
clk_cpu_x_lock40_list,arw,600,RATIO,36,36,TRUE
clk_cpu_x_lock40_list,arw,700,RATIO,42,42,TRUE
clk_cpu_x_lock40_list,arw,800,RATIO,48,48,TRUE
clk_cpu_x_lock40_list,arw,900,RATIO,54,54,TRUE
clk_cpu_x_lock40_list,arw,1000,RATIO,60,60,TRUE
clk_cpu_x_lock40_list,arw,1100,RATIO,66,66,TRUE
clk_cpu_x_lock40_list,arw,1200,RATIO,72,72,TRUE
clk_cpu_x_lock40_list,arw,1300,RATIO,78,78,TRUE
clk_cpu_x_lock40_list,arw,1400,RATIO,84,84,TRUE
clk_cpu_x_lock40_list,arw,1500,RATIO,90,90,TRUE
clk_cpu_x_lock40_list,arw,1600,RATIO,96,96,TRUE
clk_cpu_x_lock40_list,arw,1700,RATIO,102,102,TRUE
clk_cpu_x_lock40_list,arw,1800,RATIO,108,108,TRUE
clk_cpu_x_lock40_list,arw,1900,RATIO,114,114,TRUE
clk_cpu_x_lock40_list,arw,2000,RATIO,120,120,TRUE
clk_cpu_x_lock40_list,arw,2100,RATIO,126,126,TRUE
clk_cpu_x_lock40_list,arw,2200,RATIO,132,132,TRUE
clk_cpu_x_lock40_list,arw,2300,RATIO,138,138,TRUE
clk_cpu_x_lock40_list,arw,2400,RATIO,144,144,TRUE
clk_cpu_x_lock40_list,arw,2500,RATIO,150,150,TRUE
clk_cpu_x_lock40_list,arw,2600,RATIO,156,156,TRUE
clk_cpu_x_lock40_list,arw,2700,RATIO,162,162,TRUE
clk_cpu_x_lock40_list,arw,2800,RATIO,168,168,TRUE
clk_cpu_x_lock40_list,arw,2900,RATIO,174,174,TRUE
clk_cpu_x_lock40_list,arw,3000,RATIO,180,180,TRUE
clk_cpu_x_lock40_list,arw,3100,RATIO,186,186,TRUE
clk_cpu_x_lock40_list,arw,3200,RATIO,192,192,TRUE
clk_cpu_x_lock40_list,arw,3300,RATIO,198,198,TRUE
clk_cpu_x_lock40_list,arw,3400,RATIO,204,204,TRUE
clk_cpu_x_lock40_list,arw,3500,RATIO,210,210,TRUE
clk_cpu_x_lock40_list,arw,3600,RATIO,216,216,TRUE
clk_cpu_x_lock40_list,arw,3700,RATIO,222,222,TRUE
clk_cpu_x_lock40_list,arw,3800,RATIO,228,228,TRUE
clk_cpu_x_lock40_list,arw,3900,RATIO,234,234,TRUE
clk_cpu_x_lock40_list,arw,4000,RATIO,240,240,TRUE
clk_cpu_x_lock40_list,arw,4100,RATIO,246,246,TRUE
clk_cpu_x_lock40_list,arw,4200,RATIO,252,252,TRUE
clk_cpu_x_lock40_list,arw,4300,RATIO,258,258,TRUE
clk_cpu_x_lock40_list,arw,4400,RATIO,264,264,TRUE
clk_cpu_x_lock40_list,arw,4500,RATIO,270,270,TRUE
clk_cpu_x_lock40_list,arw,4600,RATIO,276,276,TRUE
clk_cpu_x_lock40_list,arw,4700,RATIO,282,282,TRUE
clk_cpu_x_lock40_list,arw,4800,RATIO,288,288,FALSE
clk_cpu_x_lock40_list,arw,4900,RATIO,294,294,FALSE
clk_cpu_x_lock40_list,arw,5000,RATIO,300,300,FALSE
clk_cpu_x_lock40_list,arw,5100,RATIO,306,306,FALSE
clk_cpu_x_lock40_list,arw,5200,RATIO,312,312,FALSE
clk_cpu_x_lock40_list,arw,5300,RATIO,318,318,FALSE
clk_cpu_x_lock40_list,arw,5400,RATIO,324,324,FALSE
clk_cpu_x_lock40_list,arw,5500,RATIO,330,330,FALSE
clk_cpu_x_lock40_list,arw,5600,RATIO,336,336,FALSE
clk_cpu_x_lock40_list,arw,5700,RATIO,342,342,FALSE
clk_cpu_x_lock40_list,arw,5800,RATIO,348,348,FALSE
clk_cpu_x_lock40_list,arw,5900,RATIO,354,354,FALSE
clk_cpu_x_lock40_list,arw,6000,RATIO,360,360,FALSE
clk_cpu_x_lock40_list,arw,6100,RATIO,366,366,FALSE
clk_cpu_x_lock40_list,pnc,300,RATIO,18,18,FALSE
clk_cpu_x_lock40_list,pnc,400,RATIO,24,24,TRUE
clk_cpu_x_lock40_list,pnc,500,RATIO,30,30,TRUE
clk_cpu_x_lock40_list,pnc,600,RATIO,36,36,TRUE
clk_cpu_x_lock40_list,pnc,700,RATIO,42,42,TRUE
clk_cpu_x_lock40_list,pnc,800,RATIO,48,48,TRUE
clk_cpu_x_lock40_list,pnc,900,RATIO,54,54,TRUE
clk_cpu_x_lock40_list,pnc,1000,RATIO,60,60,TRUE
clk_cpu_x_lock40_list,pnc,1100,RATIO,66,66,TRUE
clk_cpu_x_lock40_list,pnc,1200,RATIO,72,72,TRUE
clk_cpu_x_lock40_list,pnc,1300,RATIO,78,78,TRUE
clk_cpu_x_lock40_list,pnc,1400,RATIO,84,84,TRUE
clk_cpu_x_lock40_list,pnc,1500,RATIO,90,90,TRUE
clk_cpu_x_lock40_list,pnc,1600,RATIO,96,96,TRUE
clk_cpu_x_lock40_list,pnc,1700,RATIO,102,102,TRUE
clk_cpu_x_lock40_list,pnc,1800,RATIO,108,108,TRUE
clk_cpu_x_lock40_list,pnc,1900,RATIO,114,114,TRUE
clk_cpu_x_lock40_list,pnc,2000,RATIO,120,120,TRUE
clk_cpu_x_lock40_list,pnc,2100,RATIO,126,126,TRUE
clk_cpu_x_lock40_list,pnc,2200,RATIO,132,132,TRUE
clk_cpu_x_lock40_list,pnc,2300,RATIO,138,138,TRUE
clk_cpu_x_lock40_list,pnc,2400,RATIO,144,144,TRUE
clk_cpu_x_lock40_list,pnc,2500,RATIO,150,150,TRUE
clk_cpu_x_lock40_list,pnc,2600,RATIO,156,156,TRUE
clk_cpu_x_lock40_list,pnc,2700,RATIO,162,162,TRUE
clk_cpu_x_lock40_list,pnc,2800,RATIO,168,168,TRUE
clk_cpu_x_lock40_list,pnc,2900,RATIO,174,174,TRUE
clk_cpu_x_lock40_list,pnc,3000,RATIO,180,180,TRUE
clk_cpu_x_lock40_list,pnc,3100,RATIO,186,186,TRUE
clk_cpu_x_lock40_list,pnc,3200,RATIO,192,192,TRUE
clk_cpu_x_lock40_list,pnc,3300,RATIO,198,198,TRUE
clk_cpu_x_lock40_list,pnc,3400,RATIO,204,204,TRUE
clk_cpu_x_lock40_list,pnc,3500,RATIO,210,210,TRUE
clk_cpu_x_lock40_list,pnc,3600,RATIO,216,216,TRUE
clk_cpu_x_lock40_list,pnc,3700,RATIO,222,222,TRUE
clk_cpu_x_lock40_list,pnc,3800,RATIO,228,228,TRUE
clk_cpu_x_lock40_list,pnc,3900,RATIO,234,234,TRUE
clk_cpu_x_lock40_list,pnc,4000,RATIO,240,240,TRUE
clk_cpu_x_lock40_list,pnc,4100,RATIO,246,246,TRUE
clk_cpu_x_lock40_list,pnc,4200,RATIO,252,252,TRUE
clk_cpu_x_lock40_list,pnc,4300,RATIO,258,258,TRUE
clk_cpu_x_lock40_list,pnc,4400,RATIO,264,264,TRUE
clk_cpu_x_lock40_list,pnc,4500,RATIO,270,270,TRUE
clk_cpu_x_lock40_list,pnc,4600,RATIO,276,276,TRUE
clk_cpu_x_lock40_list,pnc,4700,RATIO,282,282,TRUE
clk_cpu_x_lock40_list,pnc,4800,RATIO,288,288,TRUE
clk_cpu_x_lock40_list,pnc,4900,RATIO,294,294,TRUE
clk_cpu_x_lock40_list,pnc,5000,RATIO,300,300,TRUE
clk_cpu_x_lock40_list,pnc,5100,RATIO,306,306,TRUE
clk_cpu_x_lock40_list,pnc,5200,RATIO,312,312,TRUE
clk_cpu_x_lock40_list,pnc,5300,RATIO,318,318,TRUE
clk_cpu_x_lock40_list,pnc,5400,RATIO,324,324,TRUE
clk_cpu_x_lock40_list,pnc,5500,RATIO,330,330,TRUE
clk_cpu_x_lock40_list,pnc,5600,RATIO,336,336,TRUE
clk_cpu_x_lock40_list,pnc,5700,RATIO,342,342,TRUE
clk_cpu_x_lock40_list,pnc,5800,RATIO,348,348,TRUE
clk_cpu_x_lock40_list,pnc,5900,RATIO,354,354,FALSE
clk_cpu_x_lock40_list,pnc,6000,RATIO,360,360,FALSE
clk_cpu_x_lock40_list,pnc,6100,RATIO,366,366,FALSE
clk_cpu_x_lock40_list,pnc,6200,RATIO,372,372,FALSE
clk_cpu_x_lock40_list,pnc,6300,RATIO,378,378,FALSE
clk_cpu_x_lock40_list,pnc,6400,RATIO,384,384,FALSE
clk_cpu_x_lock40_list,pnc,6500,RATIO,390,390,FALSE
clk_cpu_x_lock40_list,pnc,6600,RATIO,396,396,FALSE
clk_cpu_x_lock40_list,ring,300,RATIO,18,18,FALSE
clk_cpu_x_lock40_list,ring,400,RATIO,24,24,TRUE
clk_cpu_x_lock40_list,ring,500,RATIO,30,30,TRUE
clk_cpu_x_lock40_list,ring,600,RATIO,36,36,TRUE
clk_cpu_x_lock40_list,ring,700,RATIO,42,42,TRUE
clk_cpu_x_lock40_list,ring,800,RATIO,48,48,TRUE
clk_cpu_x_lock40_list,ring,900,RATIO,54,54,TRUE
clk_cpu_x_lock40_list,ring,1000,RATIO,60,60,TRUE
clk_cpu_x_lock40_list,ring,1100,RATIO,66,66,TRUE
clk_cpu_x_lock40_list,ring,1200,RATIO,72,72,TRUE
clk_cpu_x_lock40_list,ring,1300,RATIO,78,78,TRUE
clk_cpu_x_lock40_list,ring,1400,RATIO,84,84,TRUE
clk_cpu_x_lock40_list,ring,1500,RATIO,90,90,TRUE
clk_cpu_x_lock40_list,ring,1600,RATIO,96,96,TRUE
clk_cpu_x_lock40_list,ring,1700,RATIO,102,102,TRUE
clk_cpu_x_lock40_list,ring,1800,RATIO,108,108,TRUE
clk_cpu_x_lock40_list,ring,1900,RATIO,114,114,TRUE
clk_cpu_x_lock40_list,ring,2000,RATIO,120,120,TRUE
clk_cpu_x_lock40_list,ring,2100,RATIO,126,126,TRUE
clk_cpu_x_lock40_list,ring,2200,RATIO,132,132,TRUE
clk_cpu_x_lock40_list,ring,2300,RATIO,138,138,TRUE
clk_cpu_x_lock40_list,ring,2400,RATIO,144,144,TRUE
clk_cpu_x_lock40_list,ring,2500,RATIO,150,150,TRUE
clk_cpu_x_lock40_list,ring,2600,RATIO,156,156,TRUE
clk_cpu_x_lock40_list,ring,2700,RATIO,162,162,TRUE
clk_cpu_x_lock40_list,ring,2800,RATIO,168,168,TRUE
clk_cpu_x_lock40_list,ring,2900,RATIO,174,174,TRUE
clk_cpu_x_lock40_list,ring,3000,RATIO,180,180,TRUE
clk_cpu_x_lock40_list,ring,3100,RATIO,186,186,TRUE
clk_cpu_x_lock40_list,ring,3200,RATIO,192,192,TRUE
clk_cpu_x_lock40_list,ring,3300,RATIO,198,198,TRUE
clk_cpu_x_lock40_list,ring,3400,RATIO,204,204,TRUE
clk_cpu_x_lock40_list,ring,3500,RATIO,210,210,TRUE
clk_cpu_x_lock40_list,ring,3600,RATIO,216,216,TRUE
clk_cpu_x_lock40_list,ring,3700,RATIO,222,222,TRUE
clk_cpu_x_lock40_list,ring,3800,RATIO,228,238,TRUE
clk_cpu_x_lock40_list,ring,3900,RATIO,234,234,TRUE
clk_cpu_x_lock40_list,ring,4000,RATIO,240,240,TRUE
clk_cpu_x_lock40_list,ring,4100,RATIO,246,246,TRUE
clk_cpu_x_lock40_list,ring,4200,RATIO,252,252,TRUE
clk_cpu_x_lock40_list,ring,4300,RATIO,258,258,TRUE
clk_cpu_x_lock40_list,ring,4400,RATIO,264,264,TRUE
clk_cpu_x_lock40_list,ring,4500,RATIO,270,270,TRUE
clk_cpu_x_lock40_list,ring,4600,RATIO,276,276,TRUE
clk_cpu_x_lock40_list,ring,4700,RATIO,282,282,TRUE
clk_cpu_x_lock40_list,ring,4800,RATIO,288,288,TRUE
clk_cpu_x_lock40_list,ring,4900,RATIO,294,294,TRUE
clk_cpu_x_lock40_list,ring,5000,RATIO,300,300,TRUE
clk_cpu_x_lock40_list,ring,5100,RATIO,306,306,TRUE
clk_cpu_x_lock40_list,ring,5200,RATIO,312,312,TRUE
clk_cpu_x_lock40_list,ring,5300,RATIO,318,318,TRUE
clk_cpu_x_lock40_list,ring,5400,RATIO,324,324,FALSE
clk_cpu_x_lock40_list,ring,5500,RATIO,330,330,FALSE
clk_cpu_x_lock40_list,ring,5600,RATIO,336,336,FALSE
clk_cpu_x_lock40_list,ring,5700,RATIO,342,342,FALSE
clk_cpu_x_lock40_list,ring,5800,RATIO,348,348,FALSE
clk_cpu_x_lock40_list,ring,5900,RATIO,354,354,FALSE
clk_cpu_x_lock40_list,ring,6000,RATIO,360,360,FALSE
clk_cpu_x_lock40_list,ring,6100,RATIO,366,366,FALSE
clk_cpu_x_lock40_list,ring,6200,RATIO,372,372,FALSE
clk_cpu_x_lock40_list,ring,6300,RATIO,378,378,FALSE
clk_cpu_x_lock40_list,ring,6400,RATIO,384,384,FALSE
clk_cpu_x_lock40_list,arw,300,DCACODE,1,62,FALSE
clk_cpu_x_lock40_list,arw,400,DCACODE,1,62,TRUE
clk_cpu_x_lock40_list,arw,500,DCACODE,1,62,TRUE
clk_cpu_x_lock40_list,arw,600,DCACODE,1,62,TRUE
clk_cpu_x_lock40_list,arw,700,DCACODE,1,62,TRUE
clk_cpu_x_lock40_list,arw,800,DCACODE,1,62,TRUE
clk_cpu_x_lock40_list,arw,900,DCACODE,1,62,TRUE
clk_cpu_x_lock40_list,arw,1000,DCACODE,1,62,TRUE
clk_cpu_x_lock40_list,arw,1100,DCACODE,1,62,TRUE
clk_cpu_x_lock40_list,arw,1200,DCACODE,1,62,TRUE
clk_cpu_x_lock40_list,arw,1300,DCACODE,1,62,TRUE
clk_cpu_x_lock40_list,arw,1400,DCACODE,1,62,TRUE
clk_cpu_x_lock40_list,arw,1500,DCACODE,1,62,TRUE
clk_cpu_x_lock40_list,arw,1600,DCACODE,1,62,TRUE
clk_cpu_x_lock40_list,arw,1700,DCACODE,1,62,TRUE
clk_cpu_x_lock40_list,arw,1800,DCACODE,1,62,TRUE
clk_cpu_x_lock40_list,arw,1900,DCACODE,1,62,TRUE
clk_cpu_x_lock40_list,arw,2000,DCACODE,1,62,TRUE
clk_cpu_x_lock40_list,arw,2100,DCACODE,1,62,TRUE
clk_cpu_x_lock40_list,arw,2200,DCACODE,1,62,TRUE
clk_cpu_x_lock40_list,arw,2300,DCACODE,1,62,TRUE
clk_cpu_x_lock40_list,arw,2400,DCACODE,1,62,TRUE
clk_cpu_x_lock40_list,arw,2500,DCACODE,1,62,TRUE
clk_cpu_x_lock40_list,arw,2600,DCACODE,1,62,TRUE
clk_cpu_x_lock40_list,arw,2700,DCACODE,1,62,TRUE
clk_cpu_x_lock40_list,arw,2800,DCACODE,1,62,TRUE
clk_cpu_x_lock40_list,arw,2900,DCACODE,1,62,TRUE
clk_cpu_x_lock40_list,arw,3000,DCACODE,1,62,TRUE
clk_cpu_x_lock40_list,arw,3100,DCACODE,1,62,TRUE
clk_cpu_x_lock40_list,arw,3200,DCACODE,1,62,TRUE
clk_cpu_x_lock40_list,arw,3300,DCACODE,1,62,TRUE
clk_cpu_x_lock40_list,arw,3400,DCACODE,1,62,TRUE
clk_cpu_x_lock40_list,arw,3500,DCACODE,1,62,TRUE
clk_cpu_x_lock40_list,arw,3600,DCACODE,1,62,TRUE
clk_cpu_x_lock40_list,arw,3700,DCACODE,1,62,TRUE
clk_cpu_x_lock40_list,arw,3800,DCACODE,1,62,TRUE
clk_cpu_x_lock40_list,arw,3900,DCACODE,1,62,TRUE
clk_cpu_x_lock40_list,arw,4000,DCACODE,1,62,TRUE
clk_cpu_x_lock40_list,arw,4100,DCACODE,1,62,TRUE
clk_cpu_x_lock40_list,arw,4200,DCACODE,1,62,TRUE
clk_cpu_x_lock40_list,arw,4300,DCACODE,1,62,TRUE
clk_cpu_x_lock40_list,arw,4400,DCACODE,1,62,TRUE
clk_cpu_x_lock40_list,arw,4500,DCACODE,1,62,TRUE
clk_cpu_x_lock40_list,arw,4600,DCACODE,1,62,TRUE
clk_cpu_x_lock40_list,arw,4700,DCACODE,1,62,TRUE
clk_cpu_x_lock40_list,arw,4800,DCACODE,1,62,FALSE
clk_cpu_x_lock40_list,arw,4900,DCACODE,1,62,FALSE
clk_cpu_x_lock40_list,arw,5000,DCACODE,1,62,FALSE
clk_cpu_x_lock40_list,arw,5100,DCACODE,1,62,FALSE
clk_cpu_x_lock40_list,arw,5200,DCACODE,1,62,FALSE
clk_cpu_x_lock40_list,arw,5300,DCACODE,1,62,FALSE
clk_cpu_x_lock40_list,arw,5400,DCACODE,1,62,FALSE
clk_cpu_x_lock40_list,arw,5500,DCACODE,1,62,FALSE
clk_cpu_x_lock40_list,arw,5600,DCACODE,1,62,FALSE
clk_cpu_x_lock40_list,arw,5700,DCACODE,1,62,FALSE
clk_cpu_x_lock40_list,arw,5800,DCACODE,1,62,FALSE
clk_cpu_x_lock40_list,arw,5900,DCACODE,1,62,FALSE
clk_cpu_x_lock40_list,arw,6000,DCACODE,1,62,FALSE
clk_cpu_x_lock40_list,arw,6100,DCACODE,1,62,FALSE
clk_cpu_x_lock40_list,pnc,300,DCACODE,1,62,FALSE
clk_cpu_x_lock40_list,pnc,400,DCACODE,1,62,TRUE
clk_cpu_x_lock40_list,pnc,500,DCACODE,1,62,TRUE
clk_cpu_x_lock40_list,pnc,600,DCACODE,1,62,TRUE
clk_cpu_x_lock40_list,pnc,700,DCACODE,1,62,TRUE
clk_cpu_x_lock40_list,pnc,800,DCACODE,1,62,TRUE
clk_cpu_x_lock40_list,pnc,900,DCACODE,1,62,TRUE
clk_cpu_x_lock40_list,pnc,1000,DCACODE,1,62,TRUE
clk_cpu_x_lock40_list,pnc,1100,DCACODE,1,62,TRUE
clk_cpu_x_lock40_list,pnc,1200,DCACODE,1,62,TRUE
clk_cpu_x_lock40_list,pnc,1300,DCACODE,1,62,TRUE
clk_cpu_x_lock40_list,pnc,1400,DCACODE,1,62,TRUE
clk_cpu_x_lock40_list,pnc,1500,DCACODE,1,62,TRUE
clk_cpu_x_lock40_list,pnc,1600,DCACODE,1,62,TRUE
clk_cpu_x_lock40_list,pnc,1700,DCACODE,1,62,TRUE
clk_cpu_x_lock40_list,pnc,1800,DCACODE,1,62,TRUE
clk_cpu_x_lock40_list,pnc,1900,DCACODE,1,62,TRUE
clk_cpu_x_lock40_list,pnc,2000,DCACODE,1,62,TRUE
clk_cpu_x_lock40_list,pnc,2100,DCACODE,1,62,TRUE
clk_cpu_x_lock40_list,pnc,2200,DCACODE,1,62,TRUE
clk_cpu_x_lock40_list,pnc,2300,DCACODE,1,62,TRUE
clk_cpu_x_lock40_list,pnc,2400,DCACODE,1,62,TRUE
clk_cpu_x_lock40_list,pnc,2500,DCACODE,1,62,TRUE
clk_cpu_x_lock40_list,pnc,2600,DCACODE,1,62,TRUE
clk_cpu_x_lock40_list,pnc,2700,DCACODE,1,62,TRUE
clk_cpu_x_lock40_list,pnc,2800,DCACODE,1,62,TRUE
clk_cpu_x_lock40_list,pnc,2900,DCACODE,1,62,TRUE
clk_cpu_x_lock40_list,pnc,3000,DCACODE,1,62,TRUE
clk_cpu_x_lock40_list,pnc,3100,DCACODE,1,62,TRUE
clk_cpu_x_lock40_list,pnc,3200,DCACODE,1,62,TRUE
clk_cpu_x_lock40_list,pnc,3300,DCACODE,1,62,TRUE
clk_cpu_x_lock40_list,pnc,3400,DCACODE,1,62,TRUE
clk_cpu_x_lock40_list,pnc,3500,DCACODE,1,62,TRUE
clk_cpu_x_lock40_list,pnc,3600,DCACODE,1,62,TRUE
clk_cpu_x_lock40_list,pnc,3700,DCACODE,1,62,TRUE
clk_cpu_x_lock40_list,pnc,3800,DCACODE,1,62,TRUE
clk_cpu_x_lock40_list,pnc,3900,DCACODE,1,62,TRUE
clk_cpu_x_lock40_list,pnc,4000,DCACODE,1,62,TRUE
clk_cpu_x_lock40_list,pnc,4100,DCACODE,1,62,TRUE
clk_cpu_x_lock40_list,pnc,4200,DCACODE,1,62,TRUE
clk_cpu_x_lock40_list,pnc,4300,DCACODE,1,62,TRUE
clk_cpu_x_lock40_list,pnc,4400,DCACODE,1,62,TRUE
clk_cpu_x_lock40_list,pnc,4500,DCACODE,1,62,TRUE
clk_cpu_x_lock40_list,pnc,4600,DCACODE,1,62,TRUE
clk_cpu_x_lock40_list,pnc,4700,DCACODE,1,62,TRUE
clk_cpu_x_lock40_list,pnc,4800,DCACODE,1,62,TRUE
clk_cpu_x_lock40_list,pnc,4900,DCACODE,1,62,TRUE
clk_cpu_x_lock40_list,pnc,5000,DCACODE,1,62,TRUE
clk_cpu_x_lock40_list,pnc,5100,DCACODE,1,62,TRUE
clk_cpu_x_lock40_list,pnc,5200,DCACODE,1,62,TRUE
clk_cpu_x_lock40_list,pnc,5300,DCACODE,1,62,TRUE
clk_cpu_x_lock40_list,pnc,5400,DCACODE,1,62,TRUE
clk_cpu_x_lock40_list,pnc,5500,DCACODE,1,62,TRUE
clk_cpu_x_lock40_list,pnc,5600,DCACODE,1,62,TRUE
clk_cpu_x_lock40_list,pnc,5700,DCACODE,1,62,TRUE
clk_cpu_x_lock40_list,pnc,5800,DCACODE,1,62,TRUE
clk_cpu_x_lock40_list,pnc,5900,DCACODE,1,62,FALSE
clk_cpu_x_lock40_list,pnc,6000,DCACODE,1,62,FALSE
clk_cpu_x_lock40_list,pnc,6100,DCACODE,1,62,FALSE
clk_cpu_x_lock40_list,pnc,6200,DCACODE,1,62,FALSE
clk_cpu_x_lock40_list,pnc,6300,DCACODE,1,62,FALSE
clk_cpu_x_lock40_list,pnc,6400,DCACODE,1,62,FALSE
clk_cpu_x_lock40_list,pnc,6500,DCACODE,1,62,FALSE
clk_cpu_x_lock40_list,pnc,6600,DCACODE,1,62,FALSE
clk_cpu_x_lock40_list,ring,300,DCACODE,18,18,FALSE
clk_cpu_x_lock40_list,ring,400,DCACODE,1,62,TRUE
clk_cpu_x_lock40_list,ring,500,DCACODE,1,62,TRUE
clk_cpu_x_lock40_list,ring,600,DCACODE,1,62,TRUE
clk_cpu_x_lock40_list,ring,700,DCACODE,1,62,TRUE
clk_cpu_x_lock40_list,ring,800,DCACODE,1,62,TRUE
clk_cpu_x_lock40_list,ring,900,DCACODE,1,62,TRUE
clk_cpu_x_lock40_list,ring,1000,DCACODE,1,62,TRUE
clk_cpu_x_lock40_list,ring,1100,DCACODE,1,62,TRUE
clk_cpu_x_lock40_list,ring,1200,DCACODE,1,62,TRUE
clk_cpu_x_lock40_list,ring,1300,DCACODE,1,62,TRUE
clk_cpu_x_lock40_list,ring,1400,DCACODE,1,62,TRUE
clk_cpu_x_lock40_list,ring,1500,DCACODE,1,62,TRUE
clk_cpu_x_lock40_list,ring,1600,DCACODE,1,62,TRUE
clk_cpu_x_lock40_list,ring,1700,DCACODE,1,62,TRUE
clk_cpu_x_lock40_list,ring,1800,DCACODE,1,62,TRUE
clk_cpu_x_lock40_list,ring,1900,DCACODE,1,62,TRUE
clk_cpu_x_lock40_list,ring,2000,DCACODE,1,62,TRUE
clk_cpu_x_lock40_list,ring,2100,DCACODE,1,62,TRUE
clk_cpu_x_lock40_list,ring,2200,DCACODE,1,62,TRUE
clk_cpu_x_lock40_list,ring,2300,DCACODE,1,62,TRUE
clk_cpu_x_lock40_list,ring,2400,DCACODE,1,62,TRUE
clk_cpu_x_lock40_list,ring,2500,DCACODE,1,62,TRUE
clk_cpu_x_lock40_list,ring,2600,DCACODE,1,62,TRUE
clk_cpu_x_lock40_list,ring,2700,DCACODE,1,62,TRUE
clk_cpu_x_lock40_list,ring,2800,DCACODE,1,62,TRUE
clk_cpu_x_lock40_list,ring,2900,DCACODE,1,62,TRUE
clk_cpu_x_lock40_list,ring,3000,DCACODE,1,62,TRUE
clk_cpu_x_lock40_list,ring,3100,DCACODE,1,62,TRUE
clk_cpu_x_lock40_list,ring,3200,DCACODE,1,62,TRUE
clk_cpu_x_lock40_list,ring,3300,DCACODE,1,62,TRUE
clk_cpu_x_lock40_list,ring,3400,DCACODE,1,62,TRUE
clk_cpu_x_lock40_list,ring,3500,DCACODE,1,62,TRUE
clk_cpu_x_lock40_list,ring,3600,DCACODE,1,62,TRUE
clk_cpu_x_lock40_list,ring,3700,DCACODE,1,62,TRUE
clk_cpu_x_lock40_list,ring,3800,DCACODE,1,62,TRUE
clk_cpu_x_lock40_list,ring,3900,DCACODE,1,62,TRUE
clk_cpu_x_lock40_list,ring,4000,DCACODE,1,62,TRUE
clk_cpu_x_lock40_list,ring,4100,DCACODE,1,62,TRUE
clk_cpu_x_lock40_list,ring,4200,DCACODE,1,62,TRUE
clk_cpu_x_lock40_list,ring,4300,DCACODE,1,62,TRUE
clk_cpu_x_lock40_list,ring,4400,DCACODE,1,62,TRUE
clk_cpu_x_lock40_list,ring,4500,DCACODE,1,62,TRUE
clk_cpu_x_lock40_list,ring,4600,DCACODE,1,62,TRUE
clk_cpu_x_lock40_list,ring,4700,DCACODE,1,62,TRUE
clk_cpu_x_lock40_list,ring,4800,DCACODE,1,62,TRUE
clk_cpu_x_lock40_list,ring,4900,DCACODE,1,62,TRUE
clk_cpu_x_lock40_list,ring,5000,DCACODE,1,62,TRUE
clk_cpu_x_lock40_list,ring,5100,DCACODE,1,62,TRUE
clk_cpu_x_lock40_list,ring,5200,DCACODE,1,62,TRUE
clk_cpu_x_lock40_list,ring,5300,DCACODE,1,62,TRUE
clk_cpu_x_lock40_list,ring,5400,DCACODE,1,62,FALSE
clk_cpu_x_lock40_list,ring,5500,DCACODE,1,62,FALSE
clk_cpu_x_lock40_list,ring,5600,DCACODE,1,62,FALSE
clk_cpu_x_lock40_list,ring,5700,DCACODE,1,62,FALSE
clk_cpu_x_lock40_list,ring,5800,DCACODE,1,62,FALSE
clk_cpu_x_lock40_list,ring,5900,DCACODE,1,62,FALSE
clk_cpu_x_lock40_list,ring,6000,DCACODE,1,62,FALSE
clk_cpu_x_lock40_list,ring,6100,DCACODE,1,62,FALSE
clk_cpu_x_lock40_list,ring,6200,DCACODE,1,62,FALSE
clk_cpu_x_lock40_list,ring,6300,DCACODE,1,62,FALSE
clk_cpu_x_lock40_list,ring,6400,DCACODE,1,62,FALSE
clk_cpu_x_spetrim_list,c2h,4800,RATIO,48,48,TRUE
clk_cpu_x_spetrim_list,dlvr,1272,RATIO,32,32,TRUE
clk_cpu_x_spetrim_list,c2h,4800,SPERESULT,-14,14,TRUE
clk_cpu_x_spetrim_list,dlvr,1272,SPERESULT,-14,14,TRUE
clk_cpu_x_vccpll_list,arw,400,RATIO,24,24,TRUE
clk_cpu_x_vccpll_list,c2h,4800,RATIO,48,48,TRUE
clk_cpu_x_vccpll_list,dfx,1600,RATIO,40,40,TRUE
clk_cpu_x_vccpll_list,dlvr,1272,RATIO,31,31,TRUE
clk_cpu_x_vccpll_list,pnc,400,RATIO,24,24,TRUE
clk_cpu_x_vccpll_list,ring,400,RATIO,24,24,TRUE
clk_cpu_x_vccpll_list,pnc,400,VCCPLL,0.75,0.85,TRUE
clk_cpu_x_vccpll_list,arw,400,VCCPLL,0.75,0.85,TRUE
clk_cpu_x_vccpll_list,ring,400,VCCPLL,0.75,0.85,TRUE
clk_cpu_x_vccpll_list,c2h,4800,VCCPLL,0.78,0.88,TRUE
clk_cpu_x_vccpll_list,dfx,1600,VCCPLL,0.75,0.85,TRUE
clk_cpu_x_vccpll_list,dlvr,1272,VCCPLL,0.75,0.85,TRUE
clk_cpu_x_vccpll_list,pnc,400,VREFRESULT,0.75,0.85,TRUE
clk_cpu_x_vccpll_list,arw,400,VREFRESULT,0.75,0.85,TRUE
clk_cpu_x_vccpll_list,ring,400,VREFRESULT,0.75,0.85,TRUE
clk_cpu_x_vccpll_list,c2h,4800,VREFRESULT,0.78,0.88,TRUE
clk_cpu_x_vccpll_list,dfx,1600,VREFRESULT,0.75,0.85,TRUE
clk_cpu_x_vccpll_list,dlvr,1272,VREFRESULT,0.75,0.85,TRUE
clk_cpu_x_vreftrim_list,arw,0,RATIO,24,24,TRUE
clk_cpu_x_vreftrim_list,arw,1,RATIO,24,24,TRUE
clk_cpu_x_vreftrim_list,arw,2,RATIO,24,24,TRUE
clk_cpu_x_vreftrim_list,arw,3,RATIO,24,24,TRUE
clk_cpu_x_vreftrim_list,arw,4,RATIO,24,24,TRUE
clk_cpu_x_vreftrim_list,arw,5,RATIO,24,24,TRUE
clk_cpu_x_vreftrim_list,arw,6,RATIO,24,24,TRUE
clk_cpu_x_vreftrim_list,c2h,0,RATIO,48,48,TRUE
clk_cpu_x_vreftrim_list,c2h,1,RATIO,48,48,TRUE
clk_cpu_x_vreftrim_list,c2h,2,RATIO,48,48,TRUE
clk_cpu_x_vreftrim_list,c2h,3,RATIO,48,48,TRUE
clk_cpu_x_vreftrim_list,c2h,4,RATIO,48,48,TRUE
clk_cpu_x_vreftrim_list,c2h,5,RATIO,48,48,TRUE
clk_cpu_x_vreftrim_list,c2h,6,RATIO,48,48,TRUE
clk_cpu_x_vreftrim_list,dfx,0,RATIO,40,40,TRUE
clk_cpu_x_vreftrim_list,dfx,1,RATIO,40,40,TRUE
clk_cpu_x_vreftrim_list,dfx,2,RATIO,40,40,TRUE
clk_cpu_x_vreftrim_list,dfx,3,RATIO,40,40,TRUE
clk_cpu_x_vreftrim_list,dfx,4,RATIO,40,40,TRUE
clk_cpu_x_vreftrim_list,dfx,5,RATIO,40,40,TRUE
clk_cpu_x_vreftrim_list,dfx,6,RATIO,40,40,TRUE
clk_cpu_x_vreftrim_list,dlvr,0,RATIO,31,31,TRUE
clk_cpu_x_vreftrim_list,dlvr,1,RATIO,31,31,TRUE
clk_cpu_x_vreftrim_list,dlvr,2,RATIO,31,31,TRUE
clk_cpu_x_vreftrim_list,dlvr,3,RATIO,31,31,TRUE
clk_cpu_x_vreftrim_list,dlvr,4,RATIO,31,31,TRUE
clk_cpu_x_vreftrim_list,dlvr,5,RATIO,31,31,TRUE
clk_cpu_x_vreftrim_list,dlvr,6,RATIO,31,31,TRUE
clk_cpu_x_vreftrim_list,pnc,0,RATIO,24,24,TRUE
clk_cpu_x_vreftrim_list,pnc,1,RATIO,24,24,TRUE
clk_cpu_x_vreftrim_list,pnc,2,RATIO,24,24,TRUE
clk_cpu_x_vreftrim_list,pnc,3,RATIO,24,24,TRUE
clk_cpu_x_vreftrim_list,pnc,4,RATIO,24,24,TRUE
clk_cpu_x_vreftrim_list,pnc,5,RATIO,24,24,TRUE
clk_cpu_x_vreftrim_list,pnc,6,RATIO,24,24,TRUE
clk_cpu_x_vreftrim_list,ring,0,RATIO,24,24,TRUE
clk_cpu_x_vreftrim_list,ring,1,RATIO,24,24,TRUE
clk_cpu_x_vreftrim_list,ring,2,RATIO,24,24,TRUE
clk_cpu_x_vreftrim_list,ring,3,RATIO,24,24,TRUE
clk_cpu_x_vreftrim_list,ring,4,RATIO,24,24,TRUE
clk_cpu_x_vreftrim_list,ring,5,RATIO,24,24,TRUE
clk_cpu_x_vreftrim_list,ring,6,RATIO,24,24,TRUE
clk_cpu_x_vreftrim_list,pnc,0,VREFRESULT,0.72,1,TRUE
clk_cpu_x_vreftrim_list,pnc,1,VREFRESULT,0.72,1,TRUE
clk_cpu_x_vreftrim_list,pnc,2,VREFRESULT,0.72,1,TRUE
clk_cpu_x_vreftrim_list,pnc,3,VREFRESULT,0.72,1,TRUE
clk_cpu_x_vreftrim_list,pnc,4,VREFRESULT,0.72,1,TRUE
clk_cpu_x_vreftrim_list,pnc,5,VREFRESULT,0.72,1,TRUE
clk_cpu_x_vreftrim_list,pnc,6,VREFRESULT,0.72,1,TRUE
clk_cpu_x_vreftrim_list,arw,0,VREFRESULT,0.72,1,TRUE
clk_cpu_x_vreftrim_list,arw,1,VREFRESULT,0.72,1,TRUE
clk_cpu_x_vreftrim_list,arw,2,VREFRESULT,0.72,1,TRUE
clk_cpu_x_vreftrim_list,arw,3,VREFRESULT,0.72,1,TRUE
clk_cpu_x_vreftrim_list,arw,4,VREFRESULT,0.72,1,TRUE
clk_cpu_x_vreftrim_list,arw,5,VREFRESULT,0.72,1,TRUE
clk_cpu_x_vreftrim_list,arw,6,VREFRESULT,0.72,1,TRUE
clk_cpu_x_vreftrim_list,ring,0,VREFRESULT,0.72,1,TRUE
clk_cpu_x_vreftrim_list,ring,1,VREFRESULT,0.72,1,TRUE
clk_cpu_x_vreftrim_list,ring,2,VREFRESULT,0.72,1,TRUE
clk_cpu_x_vreftrim_list,ring,3,VREFRESULT,0.72,1,TRUE
clk_cpu_x_vreftrim_list,ring,4,VREFRESULT,0.72,1,TRUE
clk_cpu_x_vreftrim_list,ring,5,VREFRESULT,0.72,1,TRUE
clk_cpu_x_vreftrim_list,ring,6,VREFRESULT,0.72,1,TRUE
clk_cpu_x_vreftrim_list,c2h,0,VREFRESULT,0.72,1,TRUE
clk_cpu_x_vreftrim_list,c2h,1,VREFRESULT,0.72,1,TRUE
clk_cpu_x_vreftrim_list,c2h,2,VREFRESULT,0.72,1,TRUE
clk_cpu_x_vreftrim_list,c2h,3,VREFRESULT,0.72,1,TRUE
clk_cpu_x_vreftrim_list,c2h,4,VREFRESULT,0.72,1,TRUE
clk_cpu_x_vreftrim_list,c2h,5,VREFRESULT,0.72,1,TRUE
clk_cpu_x_vreftrim_list,c2h,6,VREFRESULT,0.72,1,TRUE
clk_cpu_x_vreftrim_list,dfx,0,VREFRESULT,0.72,1,TRUE
clk_cpu_x_vreftrim_list,dfx,1,VREFRESULT,0.72,1,TRUE
clk_cpu_x_vreftrim_list,dfx,2,VREFRESULT,0.72,1,TRUE
clk_cpu_x_vreftrim_list,dfx,3,VREFRESULT,0.72,1,TRUE
clk_cpu_x_vreftrim_list,dfx,4,VREFRESULT,0.72,1,TRUE
clk_cpu_x_vreftrim_list,dfx,5,VREFRESULT,0.72,1,TRUE
clk_cpu_x_vreftrim_list,dfx,6,VREFRESULT,0.72,1,TRUE
clk_cpu_x_vreftrim_list,dlvr,0,VREFRESULT,0.72,1,TRUE
clk_cpu_x_vreftrim_list,dlvr,1,VREFRESULT,0.72,1,TRUE
clk_cpu_x_vreftrim_list,dlvr,2,VREFRESULT,0.72,1,TRUE
clk_cpu_x_vreftrim_list,dlvr,3,VREFRESULT,0.72,1,TRUE
clk_cpu_x_vreftrim_list,dlvr,4,VREFRESULT,0.72,1,TRUE
clk_cpu_x_vreftrim_list,dlvr,5,VREFRESULT,0.72,1,TRUE
clk_cpu_x_vreftrim_list,dlvr,6,VREFRESULT,0.72,1,TRUE
clk_cpu_x_openloop_list,pnc,0,DCOFREQ,1,8000,TRUE
clk_cpu_x_openloop_list,pnc,1,DCOFREQ,1,8000,TRUE
clk_cpu_x_openloop_list,pnc,2,DCOFREQ,1,8000,TRUE
clk_cpu_x_openloop_list,pnc,3,DCOFREQ,1,8000,TRUE
clk_cpu_x_openloop_list,pnc,4,DCOFREQ,1,8000,TRUE
clk_cpu_x_openloop_list,pnc,5,DCOFREQ,1,8000,TRUE
clk_cpu_x_openloop_list,pnc,6,DCOFREQ,1,8000,TRUE
clk_cpu_x_openloop_list,pnc,7,DCOFREQ,1,8000,TRUE
clk_cpu_x_openloop_list,pnc,8,DCOFREQ,1,8000,TRUE
clk_cpu_x_openloop_list,pnc,9,DCOFREQ,1,8000,TRUE
clk_cpu_x_openloop_list,pnc,10,DCOFREQ,1,8000,TRUE
clk_cpu_x_openloop_list,pnc,11,DCOFREQ,1,8000,TRUE
clk_cpu_x_openloop_list,pnc,12,DCOFREQ,1,8000,TRUE
clk_cpu_x_openloop_list,pnc,13,DCOFREQ,1,8000,TRUE
clk_cpu_x_openloop_list,pnc,14,DCOFREQ,1,8000,TRUE
clk_cpu_x_openloop_list,pnc,15,DCOFREQ,1,8000,TRUE
clk_cpu_x_openloop_list,pnc,16,DCOFREQ,1,8000,TRUE
clk_cpu_x_openloop_list,pnc,17,DCOFREQ,1,8000,TRUE
clk_cpu_x_openloop_list,pnc,18,DCOFREQ,1,8000,TRUE
clk_cpu_x_openloop_list,pnc,19,DCOFREQ,1,8000,TRUE
clk_cpu_x_openloop_list,pnc,20,DCOFREQ,1,8000,TRUE
clk_cpu_x_openloop_list,pnc,21,DCOFREQ,1,8000,TRUE
clk_cpu_x_openloop_list,pnc,22,DCOFREQ,1,8000,TRUE
clk_cpu_x_openloop_list,pnc,23,DCOFREQ,1,8000,TRUE
clk_cpu_x_openloop_list,pnc,24,DCOFREQ,1,8000,TRUE
clk_cpu_x_openloop_list,pnc,25,DCOFREQ,1,8000,TRUE
clk_cpu_x_openloop_list,pnc,26,DCOFREQ,1,8000,TRUE
clk_cpu_x_openloop_list,pnc,27,DCOFREQ,1,8000,TRUE
clk_cpu_x_openloop_list,pnc,28,DCOFREQ,1,8000,TRUE
clk_cpu_x_openloop_list,pnc,29,DCOFREQ,1,8000,TRUE
clk_cpu_x_openloop_list,pnc,30,DCOFREQ,1,8000,TRUE
clk_cpu_x_openloop_list,pnc,31,DCOFREQ,1,8000,TRUE
clk_cpu_x_openloop_list,arw,0,DCOFREQ,1,8000,TRUE
clk_cpu_x_openloop_list,arw,1,DCOFREQ,1,8000,TRUE
clk_cpu_x_openloop_list,arw,2,DCOFREQ,1,8000,TRUE
clk_cpu_x_openloop_list,arw,3,DCOFREQ,1,8000,TRUE
clk_cpu_x_openloop_list,arw,4,DCOFREQ,1,8000,TRUE
clk_cpu_x_openloop_list,arw,5,DCOFREQ,1,8000,TRUE
clk_cpu_x_openloop_list,arw,6,DCOFREQ,1,8000,TRUE
clk_cpu_x_openloop_list,arw,7,DCOFREQ,1,8000,TRUE
clk_cpu_x_openloop_list,arw,8,DCOFREQ,1,8000,TRUE
clk_cpu_x_openloop_list,arw,9,DCOFREQ,1,8000,TRUE
clk_cpu_x_openloop_list,arw,10,DCOFREQ,1,8000,TRUE
clk_cpu_x_openloop_list,arw,11,DCOFREQ,1,8000,TRUE
clk_cpu_x_openloop_list,arw,12,DCOFREQ,1,8000,TRUE
clk_cpu_x_openloop_list,arw,13,DCOFREQ,1,8000,TRUE
clk_cpu_x_openloop_list,arw,14,DCOFREQ,1,8000,TRUE
clk_cpu_x_openloop_list,arw,15,DCOFREQ,1,8000,TRUE
clk_cpu_x_openloop_list,arw,16,DCOFREQ,1,8000,TRUE
clk_cpu_x_openloop_list,arw,17,DCOFREQ,1,8000,TRUE
clk_cpu_x_openloop_list,arw,18,DCOFREQ,1,8000,TRUE
clk_cpu_x_openloop_list,arw,19,DCOFREQ,1,8000,TRUE
clk_cpu_x_openloop_list,arw,20,DCOFREQ,1,8000,TRUE
clk_cpu_x_openloop_list,arw,21,DCOFREQ,1,8000,TRUE
clk_cpu_x_openloop_list,arw,22,DCOFREQ,1,8000,TRUE
clk_cpu_x_openloop_list,arw,23,DCOFREQ,1,8000,TRUE
clk_cpu_x_openloop_list,arw,24,DCOFREQ,1,8000,TRUE
clk_cpu_x_openloop_list,arw,25,DCOFREQ,1,8000,TRUE
clk_cpu_x_openloop_list,arw,26,DCOFREQ,1,8000,TRUE
clk_cpu_x_openloop_list,arw,27,DCOFREQ,1,8000,TRUE
clk_cpu_x_openloop_list,arw,28,DCOFREQ,1,8000,TRUE
clk_cpu_x_openloop_list,arw,29,DCOFREQ,1,8000,TRUE
clk_cpu_x_openloop_list,arw,30,DCOFREQ,1,8000,TRUE
clk_cpu_x_openloop_list,arw,31,DCOFREQ,1,8000,TRUE
clk_cpu_x_openloop_list,ring,0,DCOFREQ,1,8000,TRUE
clk_cpu_x_openloop_list,ring,1,DCOFREQ,1,8000,TRUE
clk_cpu_x_openloop_list,ring,2,DCOFREQ,1,8000,TRUE
clk_cpu_x_openloop_list,ring,3,DCOFREQ,1,8000,TRUE
clk_cpu_x_openloop_list,ring,4,DCOFREQ,1,8000,TRUE
clk_cpu_x_openloop_list,ring,5,DCOFREQ,1,8000,TRUE
clk_cpu_x_openloop_list,ring,6,DCOFREQ,1,8000,TRUE
clk_cpu_x_openloop_list,ring,7,DCOFREQ,1,8000,TRUE
clk_cpu_x_openloop_list,ring,8,DCOFREQ,1,8000,TRUE
clk_cpu_x_openloop_list,ring,9,DCOFREQ,1,8000,TRUE
clk_cpu_x_openloop_list,ring,10,DCOFREQ,1,8000,TRUE
clk_cpu_x_openloop_list,ring,11,DCOFREQ,1,8000,TRUE
clk_cpu_x_openloop_list,ring,12,DCOFREQ,1,8000,TRUE
clk_cpu_x_openloop_list,ring,13,DCOFREQ,1,8000,TRUE
clk_cpu_x_openloop_list,ring,14,DCOFREQ,1,8000,TRUE
clk_cpu_x_openloop_list,ring,15,DCOFREQ,1,8000,TRUE
clk_cpu_x_openloop_list,ring,16,DCOFREQ,1,8000,TRUE
clk_cpu_x_openloop_list,ring,17,DCOFREQ,1,8000,TRUE
clk_cpu_x_openloop_list,ring,18,DCOFREQ,1,8000,TRUE
clk_cpu_x_openloop_list,ring,19,DCOFREQ,1,8000,TRUE
clk_cpu_x_openloop_list,ring,20,DCOFREQ,1,8000,TRUE
clk_cpu_x_openloop_list,ring,21,DCOFREQ,1,8000,TRUE
clk_cpu_x_openloop_list,ring,22,DCOFREQ,1,8000,TRUE
clk_cpu_x_openloop_list,ring,23,DCOFREQ,1,8000,TRUE
clk_cpu_x_openloop_list,ring,24,DCOFREQ,1,8000,TRUE
clk_cpu_x_openloop_list,ring,25,DCOFREQ,1,8000,TRUE
clk_cpu_x_openloop_list,ring,26,DCOFREQ,1,8000,TRUE
clk_cpu_x_openloop_list,ring,27,DCOFREQ,1,8000,TRUE
clk_cpu_x_openloop_list,ring,28,DCOFREQ,1,8000,TRUE
clk_cpu_x_openloop_list,ring,29,DCOFREQ,1,8000,TRUE
clk_cpu_x_openloop_list,ring,30,DCOFREQ,1,8000,TRUE
clk_cpu_x_openloop_list,ring,31,DCOFREQ,1,8000,TRUE
clk_cpu_x_openloop_list,dfx,0,DCOFREQ,1,8000,TRUE
clk_cpu_x_openloop_list,dfx,1,DCOFREQ,1,8000,TRUE
clk_cpu_x_openloop_list,dfx,2,DCOFREQ,1,8000,TRUE
clk_cpu_x_openloop_list,dfx,3,DCOFREQ,1,8000,TRUE
clk_cpu_x_openloop_list,dfx,4,DCOFREQ,1,8000,TRUE
clk_cpu_x_openloop_list,dfx,5,DCOFREQ,1,8000,TRUE
clk_cpu_x_openloop_list,dfx,6,DCOFREQ,1,8000,TRUE
clk_cpu_x_openloop_list,dfx,7,DCOFREQ,1,8000,TRUE
clk_cpu_x_openloop_list,dfx,8,DCOFREQ,1,8000,TRUE
clk_cpu_x_openloop_list,dfx,9,DCOFREQ,1,8000,TRUE
clk_cpu_x_openloop_list,dfx,10,DCOFREQ,1,8000,TRUE
clk_cpu_x_openloop_list,dfx,11,DCOFREQ,1,8000,TRUE
clk_cpu_x_openloop_list,dfx,12,DCOFREQ,1,8000,TRUE
clk_cpu_x_openloop_list,dfx,13,DCOFREQ,1,8000,TRUE
clk_cpu_x_openloop_list,dfx,14,DCOFREQ,1,8000,TRUE
clk_cpu_x_openloop_list,dfx,15,DCOFREQ,1,8000,TRUE
clk_cpu_x_openloop_list,dfx,16,DCOFREQ,1,8000,TRUE
clk_cpu_x_openloop_list,dfx,17,DCOFREQ,1,8000,TRUE
clk_cpu_x_openloop_list,dfx,18,DCOFREQ,1,8000,TRUE
clk_cpu_x_openloop_list,dfx,19,DCOFREQ,1,8000,TRUE
clk_cpu_x_openloop_list,dfx,20,DCOFREQ,1,8000,TRUE
clk_cpu_x_openloop_list,dfx,21,DCOFREQ,1,8000,TRUE
clk_cpu_x_openloop_list,dfx,22,DCOFREQ,1,8000,TRUE
clk_cpu_x_openloop_list,dfx,23,DCOFREQ,1,8000,TRUE
clk_cpu_x_openloop_list,dfx,24,DCOFREQ,1,8000,TRUE
clk_cpu_x_openloop_list,dfx,25,DCOFREQ,1,8000,TRUE
clk_cpu_x_openloop_list,dfx,26,DCOFREQ,1,8000,TRUE
clk_cpu_x_openloop_list,dfx,27,DCOFREQ,1,8000,TRUE
clk_cpu_x_openloop_list,dfx,28,DCOFREQ,1,8000,TRUE
clk_cpu_x_openloop_list,dfx,29,DCOFREQ,1,8000,TRUE
clk_cpu_x_openloop_list,dfx,30,DCOFREQ,1,8000,TRUE
clk_cpu_x_openloop_list,dfx,31,DCOFREQ,1,8000,TRUE
clk_cpu_x_fllafsdeltaf_list,pnc,0,DCOFREQ,0,0,TRUE
clk_cpu_x_fllafsdeltaf_list,pnc,1,DCOFREQ,0,0,TRUE
clk_cpu_x_fllafsdeltaf_list,pnc,2,DCOFREQ,0,0,TRUE
clk_cpu_x_fllafsdeltaf_list,pnc,3,DCOFREQ,0,0,TRUE
clk_cpu_x_fllafsdeltaf_list,pnc,4,DCOFREQ,0,0,TRUE
clk_cpu_x_fllafsdeltaf_list,pnc,5,DCOFREQ,0,0,TRUE
clk_cpu_x_fllafsdeltaf_list,pnc,6,DCOFREQ,0,0,TRUE
clk_cpu_x_fllafsdeltaf_list,pnc,7,DCOFREQ,0,0,TRUE
clk_cpu_x_fllafsdeltaf_list,pnc,8,DCOFREQ,0,0,TRUE
clk_cpu_x_fllafsdeltaf_list,pnc,9,DCOFREQ,0,0,TRUE
clk_cpu_x_fllafsdeltaf_list,pnc,10,DCOFREQ,0,0,TRUE
clk_cpu_x_fllafsdeltaf_list,pnc,11,DCOFREQ,0,0,TRUE
clk_cpu_x_fllafsdeltaf_list,pnc,12,DCOFREQ,0,0,TRUE
clk_cpu_x_fllafsdeltaf_list,pnc,13,DCOFREQ,0,0,TRUE
clk_cpu_x_fllafsdeltaf_list,pnc,14,DCOFREQ,0,0,TRUE
clk_cpu_x_fllafsdeltaf_list,pnc,15,DCOFREQ,0,0,TRUE
clk_cpu_x_fllafsdeltaf_list,pnc,16,DCOFREQ,0,0,TRUE
clk_cpu_x_fllafsdeltaf_list,pnc,17,DCOFREQ,0,0,TRUE
clk_cpu_x_fllafsdeltaf_list,pnc,18,DCOFREQ,0,0,TRUE
clk_cpu_x_fllafsdeltaf_list,pnc,19,DCOFREQ,0,0,TRUE
clk_cpu_x_fllafsdeltaf_list,pnc,20,DCOFREQ,0,0,TRUE
clk_cpu_x_fllafsdeltaf_list,pnc,21,DCOFREQ,0,0,TRUE
clk_cpu_x_fllafsdeltaf_list,pnc,22,DCOFREQ,0,0,TRUE
clk_cpu_x_fllafsdeltaf_list,pnc,23,DCOFREQ,0,0,TRUE
clk_cpu_x_fllafsdeltaf_list,pnc,24,DCOFREQ,0,0,TRUE
clk_cpu_x_fllafsdeltaf_list,pnc,25,DCOFREQ,0,0,TRUE
clk_cpu_x_fllafsdeltaf_list,pnc,26,DCOFREQ,0,0,TRUE
clk_cpu_x_fllafsdeltaf_list,pnc,27,DCOFREQ,0,0,TRUE
clk_cpu_x_fllafsdeltaf_list,pnc,28,DCOFREQ,0,0,TRUE
clk_cpu_x_fllafsdeltaf_list,pnc,29,DCOFREQ,0,0,TRUE
clk_cpu_x_fllafsdeltaf_list,pnc,30,DCOFREQ,0,0,TRUE
clk_cpu_x_fllafsdeltaf_list,pnc,31,DCOFREQ,0,0,TRUE
clk_cpu_x_fllafsdeltaf_list,pnc,32,DCOFREQ,0,0,TRUE
clk_cpu_x_fllafsdeltaf_list,arw,0,DCOFREQ,0,0,TRUE
clk_cpu_x_fllafsdeltaf_list,arw,1,DCOFREQ,0,0,TRUE
clk_cpu_x_fllafsdeltaf_list,arw,2,DCOFREQ,0,0,TRUE
clk_cpu_x_fllafsdeltaf_list,arw,3,DCOFREQ,0,0,TRUE
clk_cpu_x_fllafsdeltaf_list,arw,4,DCOFREQ,0,0,TRUE
clk_cpu_x_fllafsdeltaf_list,arw,5,DCOFREQ,0,0,TRUE
clk_cpu_x_fllafsdeltaf_list,arw,6,DCOFREQ,0,0,TRUE
clk_cpu_x_fllafsdeltaf_list,arw,7,DCOFREQ,0,0,TRUE
clk_cpu_x_fllafsdeltaf_list,arw,8,DCOFREQ,0,0,TRUE
clk_cpu_x_fllafsdeltaf_list,arw,9,DCOFREQ,0,0,TRUE
clk_cpu_x_fllafsdeltaf_list,arw,10,DCOFREQ,0,0,TRUE
clk_cpu_x_fllafsdeltaf_list,arw,11,DCOFREQ,0,0,TRUE
clk_cpu_x_fllafsdeltaf_list,arw,12,DCOFREQ,0,0,TRUE
clk_cpu_x_fllafsdeltaf_list,arw,13,DCOFREQ,0,0,TRUE
clk_cpu_x_fllafsdeltaf_list,arw,14,DCOFREQ,0,0,TRUE
clk_cpu_x_fllafsdeltaf_list,arw,15,DCOFREQ,0,0,TRUE
clk_cpu_x_fllafsdeltaf_list,arw,16,DCOFREQ,0,0,TRUE
clk_cpu_x_fllafsdeltaf_list,arw,17,DCOFREQ,0,0,TRUE
clk_cpu_x_fllafsdeltaf_list,arw,18,DCOFREQ,0,0,TRUE
clk_cpu_x_fllafsdeltaf_list,arw,19,DCOFREQ,0,0,TRUE
clk_cpu_x_fllafsdeltaf_list,arw,20,DCOFREQ,0,0,TRUE
clk_cpu_x_fllafsdeltaf_list,arw,21,DCOFREQ,0,0,TRUE
clk_cpu_x_fllafsdeltaf_list,arw,22,DCOFREQ,0,0,TRUE
clk_cpu_x_fllafsdeltaf_list,arw,23,DCOFREQ,0,0,TRUE
clk_cpu_x_fllafsdeltaf_list,arw,24,DCOFREQ,0,0,TRUE
clk_cpu_x_fllafsdeltaf_list,arw,25,DCOFREQ,0,0,TRUE
clk_cpu_x_fllafsdeltaf_list,arw,26,DCOFREQ,0,0,TRUE
clk_cpu_x_fllafsdeltaf_list,arw,27,DCOFREQ,0,0,TRUE
clk_cpu_x_fllafsdeltaf_list,arw,28,DCOFREQ,0,0,TRUE
clk_cpu_x_fllafsdeltaf_list,arw,29,DCOFREQ,0,0,TRUE
clk_cpu_x_fllafsdeltaf_list,arw,30,DCOFREQ,0,0,TRUE
clk_cpu_x_fllafsdeltaf_list,arw,31,DCOFREQ,0,0,TRUE
clk_cpu_x_fllafsdeltaf_list,arw,32,DCOFREQ,0,0,TRUE
clk_cpu_x_fllafsdeltaf_list,ring,0,DCOFREQ,0,0,TRUE
clk_cpu_x_fllafsdeltaf_list,ring,1,DCOFREQ,0,0,TRUE
clk_cpu_x_fllafsdeltaf_list,ring,2,DCOFREQ,0,0,TRUE
clk_cpu_x_fllafsdeltaf_list,ring,3,DCOFREQ,0,0,TRUE
clk_cpu_x_fllafsdeltaf_list,ring,4,DCOFREQ,0,0,TRUE
clk_cpu_x_fllafsdeltaf_list,ring,5,DCOFREQ,0,0,TRUE
clk_cpu_x_fllafsdeltaf_list,ring,6,DCOFREQ,0,0,TRUE
clk_cpu_x_fllafsdeltaf_list,ring,7,DCOFREQ,0,0,TRUE
clk_cpu_x_fllafsdeltaf_list,ring,8,DCOFREQ,0,0,TRUE
clk_cpu_x_fllafsdeltaf_list,ring,9,DCOFREQ,0,0,TRUE
clk_cpu_x_fllafsdeltaf_list,ring,10,DCOFREQ,0,0,TRUE
clk_cpu_x_fllafsdeltaf_list,ring,11,DCOFREQ,0,0,TRUE
clk_cpu_x_fllafsdeltaf_list,ring,12,DCOFREQ,0,0,TRUE
clk_cpu_x_fllafsdeltaf_list,ring,13,DCOFREQ,0,0,TRUE
clk_cpu_x_fllafsdeltaf_list,ring,14,DCOFREQ,0,0,TRUE
clk_cpu_x_fllafsdeltaf_list,ring,15,DCOFREQ,0,0,TRUE
clk_cpu_x_fllafsdeltaf_list,ring,16,DCOFREQ,0,0,TRUE
clk_cpu_x_fllafsdeltaf_list,ring,17,DCOFREQ,0,0,TRUE
clk_cpu_x_fllafsdeltaf_list,ring,18,DCOFREQ,0,0,TRUE
clk_cpu_x_fllafsdeltaf_list,ring,19,DCOFREQ,0,0,TRUE
clk_cpu_x_fllafsdeltaf_list,ring,20,DCOFREQ,0,0,TRUE
clk_cpu_x_fllafsdeltaf_list,ring,21,DCOFREQ,0,0,TRUE
clk_cpu_x_fllafsdeltaf_list,ring,22,DCOFREQ,0,0,TRUE
clk_cpu_x_fllafsdeltaf_list,ring,23,DCOFREQ,0,0,TRUE
clk_cpu_x_fllafsdeltaf_list,ring,24,DCOFREQ,0,0,TRUE
clk_cpu_x_fllafsdeltaf_list,ring,25,DCOFREQ,0,0,TRUE
clk_cpu_x_fllafsdeltaf_list,ring,26,DCOFREQ,0,0,TRUE
clk_cpu_x_fllafsdeltaf_list,ring,27,DCOFREQ,0,0,TRUE
clk_cpu_x_fllafsdeltaf_list,ring,28,DCOFREQ,0,0,TRUE
clk_cpu_x_fllafsdeltaf_list,ring,29,DCOFREQ,0,0,TRUE
clk_cpu_x_fllafsdeltaf_list,ring,30,DCOFREQ,0,0,TRUE
clk_cpu_x_fllafsdeltaf_list,ring,31,DCOFREQ,0,0,TRUE
clk_cpu_x_fllafsdeltaf_list,ring,32,DCOFREQ,0,0,TRUE
