Group,Entity,UV_01,UV_02,UV_03,DIFF,UV_01_line,UV_02_line,UV_03_line,Symbolized,UV_01_symbols,UV_02_symbols,UV_03_symbols,OV_07,OV_08,OV_09,OV_07_line,OV_08_line,OV_09_line,OV_07_symbols,OV_08_symbols,OV_09_symbols,UV_01_CPU1,UV_02_CPU1,UV_03_CPU1,UV_01_CPU1_line,UV_02_CPU1_line,UV_03_CPU1_line,UV_01_CPU1_symbols,UV_02_CPU1_symbols,UV_03_CPU1_symbols,OV_07_CPU1,OV_08_CPU1,OV_09_CPU1,OV_07_CPU1_line,OV_08_CPU1_line,OV_09_CPU1_line,OV_07_CPU1_symbols,OV_08_CPU1_symbols,OV_09_CPU1_symbols
g0,<flow>,UV_01,UV_02,UV_03,DIFF,727,622,517,UV_0<s0>,s0=1,s0=2,s0=3,,,,,,,,,,,,,,,,,,,,,,,,,,,
g0,FUSE_X_FUSECONFIG_K_BEGINCPUPKG_X_X_X_X_VLD_01_UV,FUSE_X_FUSECONFIG_K_BEGINCPUPKG_X_X_X_X_VLD_01_UV,,,PARTIAL,727,,,,,,,,,,,,,,,,,,,,,,,,,,,,,,,,,
g0,FUSE_X_FUSECONFIG_K_BEGINCPUPKG_X_X_X_X_VLD_01_UV.edc,KILL,,,PARTIAL,727,,,,,,,,,,,,,,,,,,,,,,,,,,,,,,,,,
g0,FUSE_X_FUSECONFIG_K_BEGINCPUPKG_X_X_X_X_VLD_01_UV.connectivity.R-2,Return -2,,,PARTIAL,729,,,,,,,,,,,,,,,,,,,,,,,,,,,,,,,,,
g0,FUSE_X_FUSECONFIG_K_BEGINCPUPKG_X_X_X_X_VLD_01_UV.connectivity.R-1,Return -1,,,PARTIAL,735,,,,,,,,,,,,,,,,,,,,,,,,,,,,,,,,,
g0,FUSE_X_FUSECONFIG_K_BEGINCPUPKG_X_X_X_X_VLD_01_UV.connectivity.R0,Return 0,,,PARTIAL,741,,,,,,,,,,,,,,,,,,,,,,,,,,,,,,,,,
g0,FUSE_X_FUSECONFIG_K_BEGINCPUPKG_X_X_X_X_VLD_01_UV.connectivity.R1,GoTo FUSE_X_FUSEREAD_K_BEGINCPUPKG_X_X_X_X_VLD_UV_01,,,PARTIAL,748,,,,,,,,,,,,,,,,,,,,,,,,,,,,,,,,,
g0,FUSE_X_FUSECONFIG_K_BEGINCPUPKG_X_X_X_X_VLD_01_UV.param.ConfigurationFile,"__shared__::TpRule.If_CLASS_NVL_S52C(""./InputFiles/VLD_C2X.setpoints.json"",""./InputFiles/VLD_C1X.setpoints.json"")",,,PARTIAL,153,,,,,,,,,,,,,,,,,,,,,,,,,,,,,,,,,
g0,FUSE_X_FUSECONFIG_K_BEGINCPUPKG_X_X_X_X_VLD_01_UV.param.SetPoint,CXX_Undervolt01,,,PARTIAL,154,,,,,,,,,,,,,,,,,,,,,,,,,,,,,,,,,
g0,FUSE_X_FUSEREAD_K_BEGINCPUPKG_X_X_X_X_VLD_UV_01,FUSE_X_FUSEREAD_K_BEGINCPUPKG_X_X_X_X_VLD_UV_01,,,PARTIAL,755,,,,,,,,,,,,,,,,,,,,,,,,,,,,,,,,,
g0,FUSE_X_FUSEREAD_K_BEGINCPUPKG_X_X_X_X_VLD_UV_01.edc,KILL,,,PARTIAL,755,,,,,,,,,,,,,,,,,,,,,,,,,,,,,,,,,
g0,FUSE_X_FUSEREAD_K_BEGINCPUPKG_X_X_X_X_VLD_UV_01.connectivity.R-2,Return -2,,,PARTIAL,757,,,,,,,,,,,,,,,,,,,,,,,,,,,,,,,,,
g0,FUSE_X_FUSEREAD_K_BEGINCPUPKG_X_X_X_X_VLD_UV_01.connectivity.R-1,Return -1,,,PARTIAL,763,,,,,,,,,,,,,,,,,,,,,,,,,,,,,,,,,
g0,FUSE_X_FUSEREAD_K_BEGINCPUPKG_X_X_X_X_VLD_UV_01.connectivity.R0,Return 0,,,PARTIAL,769,,,,,,,,,,,,,,,,,,,,,,,,,,,,,,,,,
g0,FUSE_X_FUSEREAD_K_BEGINCPUPKG_X_X_X_X_VLD_UV_01.connectivity.R1,GoTo FUSE_X_X_K_BEGINCPUPKG_X_X_X_X_VLD_SETSHAREDSTORAGE01,,,PARTIAL,776,,,,,,,,,,,,,,,,,,,,,,,,,,,,,,,,,
g0,FUSE_X_FUSEREAD_K_BEGINCPUPKG_X_X_X_X_VLD_UV_01.connectivity.R2,Return 0,,,PARTIAL,781,,,,,,,,,,,,,,,,,,,,,,,,,,,,,,,,,
g0,FUSE_X_FUSEREAD_K_BEGINCPUPKG_X_X_X_X_VLD_UV_01.connectivity.R3,Return 0,,,PARTIAL,788,,,,,,,,,,,,,,,,,,,,,,,,,,,,,,,,,
g0,FUSE_X_FUSEREAD_K_BEGINCPUPKG_X_X_X_X_VLD_UV_01.connectivity.R4,Return 0,,,PARTIAL,795,,,,,,,,,,,,,,,,,,,,,,,,,,,,,,,,,
g0,FUSE_X_FUSEREAD_K_BEGINCPUPKG_X_X_X_X_VLD_UV_01.param.Patlist,cpu_fuse_hvm_vld_vbump,,,PARTIAL,159,,,,,,,,,,,,,,,,,,,,,,,,,,,,,,,,,
g0,FUSE_X_FUSEREAD_K_BEGINCPUPKG_X_X_X_X_VLD_UV_01.param.LevelsTc,BASE::cpu_all_bf_x_x_pkg_lvl_nom,,,PARTIAL,160,,,,,,,,,,,,,,,,,,,,,,,,,,,,,,,,,
g0,FUSE_X_FUSEREAD_K_BEGINCPUPKG_X_X_X_X_VLD_UV_01.param.TimingsTc,BASE::pkg_cpu_fun_timing_mts100_tstprtclk50_tck100,,,PARTIAL,161,,,,,,,,,,,,,,,,,,,,,,,,,,,,,,,,,
g0,FUSE_X_FUSEREAD_K_BEGINCPUPKG_X_X_X_X_VLD_UV_01.param.ConfigName,VLDReadFlow,,,PARTIAL,163,,,,,,,,,,,,,,,,,,,,,,,,,,,,,,,,,
g0,FUSE_X_FUSEREAD_K_BEGINCPUPKG_X_X_X_X_VLD_UV_01.param.ConfigurationFile,"__shared__::TpRule.If_CLASS_NVL_S52C(""./InputFiles/VLD_C2X.fuseread.json"",""./InputFiles/VLD_C1X.fuseread.json"")",,,PARTIAL,164,,,,,,,,,,,,,,,,,,,,,,,,,,,,,,,,,
g0,FUSE_X_FUSEREAD_K_BEGINCPUPKG_X_X_X_X_VLD_UV_01.param.FailingMaskName,"Short_VLD,Open_VLD",,,PARTIAL,165,,,,,,,,,,,,,,,,,,,,,,,,,,,,,,,,,
g0,FUSE_X_FUSEREAD_K_BEGINCPUPKG_X_X_X_X_VLD_UV_01.param.FuseGroupToDatalog,,,,OK,166,,,,,,,,,,,,,,,,,,,,,,,,,,,,,,,,,
g0,FUSE_X_FUSEREAD_K_BEGINCPUPKG_X_X_X_X_VLD_UV_01.param.PassingMaskName,Undervolt_VLD,,,PARTIAL,167,,,,,,,,,,,,,,,,,,,,,,,,,,,,,,,,,
g0,FUSE_X_FUSEREAD_K_BEGINCPUPKG_X_X_X_X_VLD_UV_01.param.RegisterName,"__shared__::TpRule.If_CLASS_NVL_S52C(""CPU0_VLD,CPU1_VLD"",""CPU0_VLD"")",,,PARTIAL,168,,,,,,,,,,,,,,,,,,,,,,,,,,,,,,,,,
g0,FUSE_X_FUSEREAD_K_BEGINCPUPKG_X_X_X_X_VLD_UV_01.param.VoltageFile,./InputFiles/VLD_UV.fuseReadVoltageFile.json,,,PARTIAL,169,,,,,,,,,,,,,,,,,,,,,,,,,,,,,,,,,
g0,FUSE_X_X_K_BEGINCPUPKG_X_X_X_X_VLD_SETSHAREDSTORAGE01,FUSE_X_X_K_BEGINCPUPKG_X_X_X_X_VLD_SETSHAREDSTORAGE01,,,PARTIAL,804,,,,,,,,,,,,,,,,,,,,,,,,,,,,,,,,,
g0,FUSE_X_X_K_BEGINCPUPKG_X_X_X_X_VLD_SETSHAREDSTORAGE01.edc,KILL,,,PARTIAL,804,,,,,,,,,,,,,,,,,,,,,,,,,,,,,,,,,
g0,FUSE_X_X_K_BEGINCPUPKG_X_X_X_X_VLD_SETSHAREDSTORAGE01.connectivity.R-2,Return -2,,,PARTIAL,806,,,,,,,,,,,,,,,,,,,,,,,,,,,,,,,,,
g0,FUSE_X_X_K_BEGINCPUPKG_X_X_X_X_VLD_SETSHAREDSTORAGE01.connectivity.R-1,Return -1,,,PARTIAL,812,,,,,,,,,,,,,,,,,,,,,,,,,,,,,,,,,
g0,FUSE_X_X_K_BEGINCPUPKG_X_X_X_X_VLD_SETSHAREDSTORAGE01.connectivity.R0,Return 0,,,PARTIAL,818,,,,,,,,,,,,,,,,,,,,,,,,,,,,,,,,,
g0,FUSE_X_X_K_BEGINCPUPKG_X_X_X_X_VLD_SETSHAREDSTORAGE01.connectivity.R1,Return 1,,,PARTIAL,825,,,,,,,,,,,,,,,,,,,,,,,,,,,,,,,,,
g0,FUSE_X_X_K_BEGINCPUPKG_X_X_X_X_VLD_SETSHAREDSTORAGE01.param.Path,./InputFiles/VLD_SharedStorage_01.json,,,PARTIAL,175,,,,,,,,,,,,,,,,,,,,,,,,,,,,,,,,,
g0,FUSE_X_FUSECONFIG_K_BEGINCPUPKG_X_X_X_X_VLD_02_UV,,FUSE_X_FUSECONFIG_K_BEGINCPUPKG_X_X_X_X_VLD_02_UV,,PARTIAL,,622,,,,,,,,,,,,,,,,,,,,,,,,,,,,,,,,
g0,FUSE_X_FUSECONFIG_K_BEGINCPUPKG_X_X_X_X_VLD_02_UV.edc,,KILL,,PARTIAL,,622,,,,,,,,,,,,,,,,,,,,,,,,,,,,,,,,
g0,FUSE_X_FUSECONFIG_K_BEGINCPUPKG_X_X_X_X_VLD_02_UV.connectivity.R-2,,Return -2,,PARTIAL,,624,,,,,,,,,,,,,,,,,,,,,,,,,,,,,,,,
g0,FUSE_X_FUSECONFIG_K_BEGINCPUPKG_X_X_X_X_VLD_02_UV.connectivity.R-1,,Return -1,,PARTIAL,,630,,,,,,,,,,,,,,,,,,,,,,,,,,,,,,,,
g0,FUSE_X_FUSECONFIG_K_BEGINCPUPKG_X_X_X_X_VLD_02_UV.connectivity.R0,,Return 0,,PARTIAL,,636,,,,,,,,,,,,,,,,,,,,,,,,,,,,,,,,
g0,FUSE_X_FUSECONFIG_K_BEGINCPUPKG_X_X_X_X_VLD_02_UV.connectivity.R1,,GoTo FUSE_X_FUSEREAD_K_BEGINCPUPKG_X_X_X_X_VLD_UV_02,,PARTIAL,,643,,,,,,,,,,,,,,,,,,,,,,,,,,,,,,,,
g0,FUSE_X_FUSECONFIG_K_BEGINCPUPKG_X_X_X_X_VLD_02_UV.param.ConfigurationFile,,"__shared__::TpRule.If_CLASS_NVL_S52C(""./InputFiles/VLD_C2X.setpoints.json"",""./InputFiles/VLD_C1X.setpoints.json"")",,PARTIAL,,125,,,,,,,,,,,,,,,,,,,,,,,,,,,,,,,,
g0,FUSE_X_FUSECONFIG_K_BEGINCPUPKG_X_X_X_X_VLD_02_UV.param.SetPoint,,CXX_Undervolt02,,PARTIAL,,126,,,,,,,,,,,,,,,,,,,,,,,,,,,,,,,,
g0,FUSE_X_FUSEREAD_K_BEGINCPUPKG_X_X_X_X_VLD_UV_02,,FUSE_X_FUSEREAD_K_BEGINCPUPKG_X_X_X_X_VLD_UV_02,,PARTIAL,,650,,,,,,,,,,,,,,,,,,,,,,,,,,,,,,,,
g0,FUSE_X_FUSEREAD_K_BEGINCPUPKG_X_X_X_X_VLD_UV_02.edc,,KILL,,PARTIAL,,650,,,,,,,,,,,,,,,,,,,,,,,,,,,,,,,,
g0,FUSE_X_FUSEREAD_K_BEGINCPUPKG_X_X_X_X_VLD_UV_02.connectivity.R-2,,Return -2,,PARTIAL,,652,,,,,,,,,,,,,,,,,,,,,,,,,,,,,,,,
g0,FUSE_X_FUSEREAD_K_BEGINCPUPKG_X_X_X_X_VLD_UV_02.connectivity.R-1,,Return -1,,PARTIAL,,658,,,,,,,,,,,,,,,,,,,,,,,,,,,,,,,,
g0,FUSE_X_FUSEREAD_K_BEGINCPUPKG_X_X_X_X_VLD_UV_02.connectivity.R0,,Return 0,,PARTIAL,,664,,,,,,,,,,,,,,,,,,,,,,,,,,,,,,,,
g0,FUSE_X_FUSEREAD_K_BEGINCPUPKG_X_X_X_X_VLD_UV_02.connectivity.R1,,GoTo FUSE_X_X_K_BEGINCPUPKG_X_X_X_X_VLD_SETSHAREDSTORAGE02,,PARTIAL,,671,,,,,,,,,,,,,,,,,,,,,,,,,,,,,,,,
g0,FUSE_X_FUSEREAD_K_BEGINCPUPKG_X_X_X_X_VLD_UV_02.connectivity.R2,,Return 2,,PARTIAL,,676,,,,,,,,,,,,,,,,,,,,,,,,,,,,,,,,
g0,FUSE_X_FUSEREAD_K_BEGINCPUPKG_X_X_X_X_VLD_UV_02.connectivity.R3,,Return 0,,PARTIAL,,681,,,,,,,,,,,,,,,,,,,,,,,,,,,,,,,,
g0,FUSE_X_FUSEREAD_K_BEGINCPUPKG_X_X_X_X_VLD_UV_02.connectivity.R4,,Return 2,,PARTIAL,,688,,,,,,,,,,,,,,,,,,,,,,,,,,,,,,,,
g0,FUSE_X_FUSEREAD_K_BEGINCPUPKG_X_X_X_X_VLD_UV_02.param.Patlist,,cpu_fuse_hvm_vld_vbump,,PARTIAL,,131,,,,,,,,,,,,,,,,,,,,,,,,,,,,,,,,
g0,FUSE_X_FUSEREAD_K_BEGINCPUPKG_X_X_X_X_VLD_UV_02.param.LevelsTc,,BASE::cpu_all_bf_x_x_pkg_lvl_nom,,PARTIAL,,132,,,,,,,,,,,,,,,,,,,,,,,,,,,,,,,,
g0,FUSE_X_FUSEREAD_K_BEGINCPUPKG_X_X_X_X_VLD_UV_02.param.TimingsTc,,BASE::pkg_cpu_fun_timing_mts100_tstprtclk50_tck100,,PARTIAL,,133,,,,,,,,,,,,,,,,,,,,,,,,,,,,,,,,
g0,FUSE_X_FUSEREAD_K_BEGINCPUPKG_X_X_X_X_VLD_UV_02.param.ConfigName,,VLDReadFlow,,PARTIAL,,135,,,,,,,,,,,,,,,,,,,,,,,,,,,,,,,,
g0,FUSE_X_FUSEREAD_K_BEGINCPUPKG_X_X_X_X_VLD_UV_02.param.ConfigurationFile,,"__shared__::TpRule.If_CLASS_NVL_S52C(""./InputFiles/VLD_C2X.fuseread.json"",""./InputFiles/VLD_C1X.fuseread.json"")",,PARTIAL,,136,,,,,,,,,,,,,,,,,,,,,,,,,,,,,,,,
g0,FUSE_X_FUSEREAD_K_BEGINCPUPKG_X_X_X_X_VLD_UV_02.param.FailingMaskName,,"Short_VLD,Open_VLD",,PARTIAL,,137,,,,,,,,,,,,,,,,,,,,,,,,,,,,,,,,
g0,FUSE_X_FUSEREAD_K_BEGINCPUPKG_X_X_X_X_VLD_UV_02.param.FuseGroupToDatalog,,,,OK,,138,,,,,,,,,,,,,,,,,,,,,,,,,,,,,,,,
g0,FUSE_X_FUSEREAD_K_BEGINCPUPKG_X_X_X_X_VLD_UV_02.param.PassingMaskName,,Undervolt_VLD,,PARTIAL,,139,,,,,,,,,,,,,,,,,,,,,,,,,,,,,,,,
g0,FUSE_X_FUSEREAD_K_BEGINCPUPKG_X_X_X_X_VLD_UV_02.param.RegisterName,,"__shared__::TpRule.If_CLASS_NVL_S52C(""CPU0_VLD,CPU1_VLD"",""CPU0_VLD"")",,PARTIAL,,140,,,,,,,,,,,,,,,,,,,,,,,,,,,,,,,,
g0,FUSE_X_FUSEREAD_K_BEGINCPUPKG_X_X_X_X_VLD_UV_02.param.VoltageFile,,./InputFiles/VLD_UV.fuseReadVoltageFile.json,,PARTIAL,,141,,,,,,,,,,,,,,,,,,,,,,,,,,,,,,,,
g0,FUSE_X_X_K_BEGINCPUPKG_X_X_X_X_VLD_SETSHAREDSTORAGE02,,FUSE_X_X_K_BEGINCPUPKG_X_X_X_X_VLD_SETSHAREDSTORAGE02,,PARTIAL,,695,,,,,,,,,,,,,,,,,,,,,,,,,,,,,,,,
g0,FUSE_X_X_K_BEGINCPUPKG_X_X_X_X_VLD_SETSHAREDSTORAGE02.edc,,KILL,,PARTIAL,,695,,,,,,,,,,,,,,,,,,,,,,,,,,,,,,,,
g0,FUSE_X_X_K_BEGINCPUPKG_X_X_X_X_VLD_SETSHAREDSTORAGE02.connectivity.R-2,,Return -2,,PARTIAL,,697,,,,,,,,,,,,,,,,,,,,,,,,,,,,,,,,
g0,FUSE_X_X_K_BEGINCPUPKG_X_X_X_X_VLD_SETSHAREDSTORAGE02.connectivity.R-1,,Return -1,,PARTIAL,,703,,,,,,,,,,,,,,,,,,,,,,,,,,,,,,,,
g0,FUSE_X_X_K_BEGINCPUPKG_X_X_X_X_VLD_SETSHAREDSTORAGE02.connectivity.R0,,Return 0,,PARTIAL,,709,,,,,,,,,,,,,,,,,,,,,,,,,,,,,,,,
g0,FUSE_X_X_K_BEGINCPUPKG_X_X_X_X_VLD_SETSHAREDSTORAGE02.connectivity.R1,,Return 1,,PARTIAL,,716,,,,,,,,,,,,,,,,,,,,,,,,,,,,,,,,
g0,FUSE_X_X_K_BEGINCPUPKG_X_X_X_X_VLD_SETSHAREDSTORAGE02.param.Path,,./InputFiles/VLD_SharedStorage_02.json,,PARTIAL,,147,,,,,,,,,,,,,,,,,,,,,,,,,,,,,,,,
g0,FUSE_X_FUSECONFIG_K_BEGINCPUPKG_X_X_X_X_VLD_03_UV,,,FUSE_X_FUSECONFIG_K_BEGINCPUPKG_X_X_X_X_VLD_03_UV,PARTIAL,,,517,,,,,,,,,,,,,,,,,,,,,,,,,,,,,,,
g0,FUSE_X_FUSECONFIG_K_BEGINCPUPKG_X_X_X_X_VLD_03_UV.edc,,,KILL,PARTIAL,,,517,,,,,,,,,,,,,,,,,,,,,,,,,,,,,,,
g0,FUSE_X_FUSECONFIG_K_BEGINCPUPKG_X_X_X_X_VLD_03_UV.connectivity.R-2,,,Return -2,PARTIAL,,,519,,,,,,,,,,,,,,,,,,,,,,,,,,,,,,,
g0,FUSE_X_FUSECONFIG_K_BEGINCPUPKG_X_X_X_X_VLD_03_UV.connectivity.R-1,,,Return -1,PARTIAL,,,525,,,,,,,,,,,,,,,,,,,,,,,,,,,,,,,
g0,FUSE_X_FUSECONFIG_K_BEGINCPUPKG_X_X_X_X_VLD_03_UV.connectivity.R0,,,Return 0,PARTIAL,,,531,,,,,,,,,,,,,,,,,,,,,,,,,,,,,,,
g0,FUSE_X_FUSECONFIG_K_BEGINCPUPKG_X_X_X_X_VLD_03_UV.connectivity.R1,,,GoTo FUSE_X_FUSEREAD_K_BEGINCPUPKG_X_X_X_X_VLD_UV_03,PARTIAL,,,538,,,,,,,,,,,,,,,,,,,,,,,,,,,,,,,
g0,FUSE_X_FUSECONFIG_K_BEGINCPUPKG_X_X_X_X_VLD_03_UV.param.ConfigurationFile,,,"__shared__::TpRule.If_CLASS_NVL_S52C(""./InputFiles/VLD_C2X.setpoints.json"",""./InputFiles/VLD_C1X.setpoints.json"")",PARTIAL,,,97,,,,,,,,,,,,,,,,,,,,,,,,,,,,,,,
g0,FUSE_X_FUSECONFIG_K_BEGINCPUPKG_X_X_X_X_VLD_03_UV.param.SetPoint,,,CXX_Undervolt03,PARTIAL,,,98,,,,,,,,,,,,,,,,,,,,,,,,,,,,,,,
g0,FUSE_X_FUSEREAD_K_BEGINCPUPKG_X_X_X_X_VLD_UV_03,,,FUSE_X_FUSEREAD_K_BEGINCPUPKG_X_X_X_X_VLD_UV_03,PARTIAL,,,545,,,,,,,,,,,,,,,,,,,,,,,,,,,,,,,
g0,FUSE_X_FUSEREAD_K_BEGINCPUPKG_X_X_X_X_VLD_UV_03.edc,,,KILL,PARTIAL,,,545,,,,,,,,,,,,,,,,,,,,,,,,,,,,,,,
g0,FUSE_X_FUSEREAD_K_BEGINCPUPKG_X_X_X_X_VLD_UV_03.connectivity.R-2,,,Return -2,PARTIAL,,,547,,,,,,,,,,,,,,,,,,,,,,,,,,,,,,,
g0,FUSE_X_FUSEREAD_K_BEGINCPUPKG_X_X_X_X_VLD_UV_03.connectivity.R-1,,,Return -1,PARTIAL,,,553,,,,,,,,,,,,,,,,,,,,,,,,,,,,,,,
g0,FUSE_X_FUSEREAD_K_BEGINCPUPKG_X_X_X_X_VLD_UV_03.connectivity.R0,,,Return 0,PARTIAL,,,559,,,,,,,,,,,,,,,,,,,,,,,,,,,,,,,
g0,FUSE_X_FUSEREAD_K_BEGINCPUPKG_X_X_X_X_VLD_UV_03.connectivity.R1,,,GoTo FUSE_X_X_K_BEGINCPUPKG_X_X_X_X_VLD_SETSHAREDSTORAGE03,PARTIAL,,,566,,,,,,,,,,,,,,,,,,,,,,,,,,,,,,,
g0,FUSE_X_FUSEREAD_K_BEGINCPUPKG_X_X_X_X_VLD_UV_03.connectivity.R2,,,Return 2,PARTIAL,,,571,,,,,,,,,,,,,,,,,,,,,,,,,,,,,,,
g0,FUSE_X_FUSEREAD_K_BEGINCPUPKG_X_X_X_X_VLD_UV_03.connectivity.R3,,,Return 0,PARTIAL,,,576,,,,,,,,,,,,,,,,,,,,,,,,,,,,,,,
g0,FUSE_X_FUSEREAD_K_BEGINCPUPKG_X_X_X_X_VLD_UV_03.connectivity.R4,,,Return 2,PARTIAL,,,583,,,,,,,,,,,,,,,,,,,,,,,,,,,,,,,
g0,FUSE_X_FUSEREAD_K_BEGINCPUPKG_X_X_X_X_VLD_UV_03.param.Patlist,,,cpu_fuse_hvm_vld_vbump,PARTIAL,,,103,,,,,,,,,,,,,,,,,,,,,,,,,,,,,,,
g0,FUSE_X_FUSEREAD_K_BEGINCPUPKG_X_X_X_X_VLD_UV_03.param.LevelsTc,,,BASE::cpu_all_bf_x_x_pkg_lvl_nom,PARTIAL,,,104,,,,,,,,,,,,,,,,,,,,,,,,,,,,,,,
g0,FUSE_X_FUSEREAD_K_BEGINCPUPKG_X_X_X_X_VLD_UV_03.param.TimingsTc,,,BASE::pkg_cpu_fun_timing_mts100_tstprtclk50_tck100,PARTIAL,,,105,,,,,,,,,,,,,,,,,,,,,,,,,,,,,,,
g0,FUSE_X_FUSEREAD_K_BEGINCPUPKG_X_X_X_X_VLD_UV_03.param.ConfigName,,,VLDReadFlow,PARTIAL,,,107,,,,,,,,,,,,,,,,,,,,,,,,,,,,,,,
g0,FUSE_X_FUSEREAD_K_BEGINCPUPKG_X_X_X_X_VLD_UV_03.param.ConfigurationFile,,,"__shared__::TpRule.If_CLASS_NVL_S52C(""./InputFiles/VLD_C2X.fuseread.json"",""./InputFiles/VLD_C1X.fuseread.json"")",PARTIAL,,,108,,,,,,,,,,,,,,,,,,,,,,,,,,,,,,,
g0,FUSE_X_FUSEREAD_K_BEGINCPUPKG_X_X_X_X_VLD_UV_03.param.FailingMaskName,,,"Short_VLD,Open_VLD",PARTIAL,,,109,,,,,,,,,,,,,,,,,,,,,,,,,,,,,,,
g0,FUSE_X_FUSEREAD_K_BEGINCPUPKG_X_X_X_X_VLD_UV_03.param.FuseGroupToDatalog,,,,OK,,,110,,,,,,,,,,,,,,,,,,,,,,,,,,,,,,,
g0,FUSE_X_FUSEREAD_K_BEGINCPUPKG_X_X_X_X_VLD_UV_03.param.PassingMaskName,,,Undervolt_VLD,PARTIAL,,,111,,,,,,,,,,,,,,,,,,,,,,,,,,,,,,,
g0,FUSE_X_FUSEREAD_K_BEGINCPUPKG_X_X_X_X_VLD_UV_03.param.RegisterName,,,"__shared__::TpRule.If_CLASS_NVL_S52C(""CPU0_VLD,CPU1_VLD"",""CPU0_VLD"")",PARTIAL,,,112,,,,,,,,,,,,,,,,,,,,,,,,,,,,,,,
g0,FUSE_X_FUSEREAD_K_BEGINCPUPKG_X_X_X_X_VLD_UV_03.param.VoltageFile,,,./InputFiles/VLD_UV.fuseReadVoltageFile.json,PARTIAL,,,113,,,,,,,,,,,,,,,,,,,,,,,,,,,,,,,
g0,FUSE_X_X_K_BEGINCPUPKG_X_X_X_X_VLD_SETSHAREDSTORAGE03,,,FUSE_X_X_K_BEGINCPUPKG_X_X_X_X_VLD_SETSHAREDSTORAGE03,PARTIAL,,,590,,,,,,,,,,,,,,,,,,,,,,,,,,,,,,,
g0,FUSE_X_X_K_BEGINCPUPKG_X_X_X_X_VLD_SETSHAREDSTORAGE03.edc,,,KILL,PARTIAL,,,590,,,,,,,,,,,,,,,,,,,,,,,,,,,,,,,
g0,FUSE_X_X_K_BEGINCPUPKG_X_X_X_X_VLD_SETSHAREDSTORAGE03.connectivity.R-2,,,Return -2,PARTIAL,,,592,,,,,,,,,,,,,,,,,,,,,,,,,,,,,,,
g0,FUSE_X_X_K_BEGINCPUPKG_X_X_X_X_VLD_SETSHAREDSTORAGE03.connectivity.R-1,,,Return -1,PARTIAL,,,598,,,,,,,,,,,,,,,,,,,,,,,,,,,,,,,
g0,FUSE_X_X_K_BEGINCPUPKG_X_X_X_X_VLD_SETSHAREDSTORAGE03.connectivity.R0,,,Return 0,PARTIAL,,,604,,,,,,,,,,,,,,,,,,,,,,,,,,,,,,,
g0,FUSE_X_X_K_BEGINCPUPKG_X_X_X_X_VLD_SETSHAREDSTORAGE03.connectivity.R1,,,Return 1,PARTIAL,,,611,,,,,,,,,,,,,,,,,,,,,,,,,,,,,,,
g0,FUSE_X_X_K_BEGINCPUPKG_X_X_X_X_VLD_SETSHAREDSTORAGE03.param.Path,,,./InputFiles/VLD_SharedStorage_03.json,PARTIAL,,,119,,,,,,,,,,,,,,,,,,,,,,,,,,,,,,,
g1,<flow>,,,,DIFF,,,,OV_0<s0>,,,,OV_07,OV_08,OV_09,1132,1027,922,s0=7,s0=8,s0=9,,,,,,,,,,,,,,,,,,
g1,FUSE_X_FUSECONFIG_K_BEGINCPUPKG_X_X_X_X_VLD_07_OV,,,,PARTIAL,,,,,,,,FUSE_X_FUSECONFIG_K_BEGINCPUPKG_X_X_X_X_VLD_07_OV,,,1132,,,,,,,,,,,,,,,,,,,,,,,
g1,FUSE_X_FUSECONFIG_K_BEGINCPUPKG_X_X_X_X_VLD_07_OV.edc,,,,PARTIAL,,,,,,,,KILL,,,1132,,,,,,,,,,,,,,,,,,,,,,,
g1,FUSE_X_FUSECONFIG_K_BEGINCPUPKG_X_X_X_X_VLD_07_OV.connectivity.R-2,,,,PARTIAL,,,,,,,,Return -2,,,1134,,,,,,,,,,,,,,,,,,,,,,,
g1,FUSE_X_FUSECONFIG_K_BEGINCPUPKG_X_X_X_X_VLD_07_OV.connectivity.R-1,,,,PARTIAL,,,,,,,,Return -1,,,1140,,,,,,,,,,,,,,,,,,,,,,,
g1,FUSE_X_FUSECONFIG_K_BEGINCPUPKG_X_X_X_X_VLD_07_OV.connectivity.R0,,,,PARTIAL,,,,,,,,Return 0,,,1146,,,,,,,,,,,,,,,,,,,,,,,
g1,FUSE_X_FUSECONFIG_K_BEGINCPUPKG_X_X_X_X_VLD_07_OV.connectivity.R1,,,,PARTIAL,,,,,,,,GoTo FUSE_X_FUSEREAD_K_BEGINCPUPKG_X_X_X_X_VLD_OV_07,,,1153,,,,,,,,,,,,,,,,,,,,,,,
g1,FUSE_X_FUSECONFIG_K_BEGINCPUPKG_X_X_X_X_VLD_07_OV.param.ConfigurationFile,,,,PARTIAL,,,,,,,,"__shared__::TpRule.If_CLASS_NVL_S52C(""./InputFiles/VLD_C2X.setpoints.json"",""./InputFiles/VLD_C1X.setpoints.json"")",,,237,,,,,,,,,,,,,,,,,,,,,,,
g1,FUSE_X_FUSECONFIG_K_BEGINCPUPKG_X_X_X_X_VLD_07_OV.param.SetPoint,,,,PARTIAL,,,,,,,,CXX_Overvolt07,,,238,,,,,,,,,,,,,,,,,,,,,,,
g1,FUSE_X_FUSEREAD_K_BEGINCPUPKG_X_X_X_X_VLD_OV_07,,,,PARTIAL,,,,,,,,FUSE_X_FUSEREAD_K_BEGINCPUPKG_X_X_X_X_VLD_OV_07,,,1160,,,,,,,,,,,,,,,,,,,,,,,
g1,FUSE_X_FUSEREAD_K_BEGINCPUPKG_X_X_X_X_VLD_OV_07.edc,,,,PARTIAL,,,,,,,,KILL,,,1160,,,,,,,,,,,,,,,,,,,,,,,
g1,FUSE_X_FUSEREAD_K_BEGINCPUPKG_X_X_X_X_VLD_OV_07.connectivity.R-2,,,,PARTIAL,,,,,,,,Return -2,,,1162,,,,,,,,,,,,,,,,,,,,,,,
g1,FUSE_X_FUSEREAD_K_BEGINCPUPKG_X_X_X_X_VLD_OV_07.connectivity.R-1,,,,PARTIAL,,,,,,,,Return -1,,,1168,,,,,,,,,,,,,,,,,,,,,,,
g1,FUSE_X_FUSEREAD_K_BEGINCPUPKG_X_X_X_X_VLD_OV_07.connectivity.R0,,,,PARTIAL,,,,,,,,Return 0,,,1174,,,,,,,,,,,,,,,,,,,,,,,
g1,FUSE_X_FUSEREAD_K_BEGINCPUPKG_X_X_X_X_VLD_OV_07.connectivity.R1,,,,PARTIAL,,,,,,,,GoTo FUSE_X_X_K_BEGINCPUPKG_X_X_X_X_OVLD_SETSHAREDSTORAGE07,,,1181,,,,,,,,,,,,,,,,,,,,,,,
g1,FUSE_X_FUSEREAD_K_BEGINCPUPKG_X_X_X_X_VLD_OV_07.connectivity.R2,,,,PARTIAL,,,,,,,,Return 0,,,1186,,,,,,,,,,,,,,,,,,,,,,,
g1,FUSE_X_FUSEREAD_K_BEGINCPUPKG_X_X_X_X_VLD_OV_07.connectivity.R3,,,,PARTIAL,,,,,,,,Return 0,,,1193,,,,,,,,,,,,,,,,,,,,,,,
g1,FUSE_X_FUSEREAD_K_BEGINCPUPKG_X_X_X_X_VLD_OV_07.connectivity.R4,,,,PARTIAL,,,,,,,,Return 0,,,1200,,,,,,,,,,,,,,,,,,,,,,,
g1,FUSE_X_FUSEREAD_K_BEGINCPUPKG_X_X_X_X_VLD_OV_07.param.Patlist,,,,PARTIAL,,,,,,,,cpu_fuse_hvm_vld_vbump,,,243,,,,,,,,,,,,,,,,,,,,,,,
g1,FUSE_X_FUSEREAD_K_BEGINCPUPKG_X_X_X_X_VLD_OV_07.param.LevelsTc,,,,PARTIAL,,,,,,,,BASE::cpu_all_bf_x_x_pkg_lvl_nom,,,244,,,,,,,,,,,,,,,,,,,,,,,
g1,FUSE_X_FUSEREAD_K_BEGINCPUPKG_X_X_X_X_VLD_OV_07.param.TimingsTc,,,,PARTIAL,,,,,,,,BASE::pkg_cpu_fun_timing_mts100_tstprtclk50_tck100,,,245,,,,,,,,,,,,,,,,,,,,,,,
g1,FUSE_X_FUSEREAD_K_BEGINCPUPKG_X_X_X_X_VLD_OV_07.param.ConfigName,,,,PARTIAL,,,,,,,,VLDReadFlow,,,247,,,,,,,,,,,,,,,,,,,,,,,
g1,FUSE_X_FUSEREAD_K_BEGINCPUPKG_X_X_X_X_VLD_OV_07.param.ConfigurationFile,,,,PARTIAL,,,,,,,,"__shared__::TpRule.If_CLASS_NVL_S52C(""./InputFiles/VLD_C2X.fuseread.json"",""./InputFiles/VLD_C1X.fuseread.json"")",,,248,,,,,,,,,,,,,,,,,,,,,,,
g1,FUSE_X_FUSEREAD_K_BEGINCPUPKG_X_X_X_X_VLD_OV_07.param.FailingMaskName,,,,PARTIAL,,,,,,,,"Short_VLD,Open_VLD",,,249,,,,,,,,,,,,,,,,,,,,,,,
g1,FUSE_X_FUSEREAD_K_BEGINCPUPKG_X_X_X_X_VLD_OV_07.param.FuseGroupToDatalog,,,,OK,,,,,,,,,,,250,,,,,,,,,,,,,,,,,,,,,,,
g1,FUSE_X_FUSEREAD_K_BEGINCPUPKG_X_X_X_X_VLD_OV_07.param.PassingMaskName,,,,PARTIAL,,,,,,,,Overvolt_VLD,,,251,,,,,,,,,,,,,,,,,,,,,,,
g1,FUSE_X_FUSEREAD_K_BEGINCPUPKG_X_X_X_X_VLD_OV_07.param.RegisterName,,,,PARTIAL,,,,,,,,"__shared__::TpRule.If_CLASS_NVL_S52C(""CPU0_VLD,CPU1_VLD"",""CPU0_VLD"")",,,252,,,,,,,,,,,,,,,,,,,,,,,
g1,FUSE_X_FUSEREAD_K_BEGINCPUPKG_X_X_X_X_VLD_OV_07.param.VoltageFile,,,,PARTIAL,,,,,,,,./InputFiles/VLD_OV.fuseReadVoltageFile.json,,,253,,,,,,,,,,,,,,,,,,,,,,,
g1,FUSE_X_X_K_BEGINCPUPKG_X_X_X_X_OVLD_SETSHAREDSTORAGE07,,,,PARTIAL,,,,,,,,FUSE_X_X_K_BEGINCPUPKG_X_X_X_X_OVLD_SETSHAREDSTORAGE07,,,1209,,,,,,,,,,,,,,,,,,,,,,,
g1,FUSE_X_X_K_BEGINCPUPKG_X_X_X_X_OVLD_SETSHAREDSTORAGE07.edc,,,,PARTIAL,,,,,,,,KILL,,,1209,,,,,,,,,,,,,,,,,,,,,,,
g1,FUSE_X_X_K_BEGINCPUPKG_X_X_X_X_OVLD_SETSHAREDSTORAGE07.connectivity.R-2,,,,PARTIAL,,,,,,,,Return -2,,,1211,,,,,,,,,,,,,,,,,,,,,,,
g1,FUSE_X_X_K_BEGINCPUPKG_X_X_X_X_OVLD_SETSHAREDSTORAGE07.connectivity.R-1,,,,PARTIAL,,,,,,,,Return -1,,,1217,,,,,,,,,,,,,,,,,,,,,,,
g1,FUSE_X_X_K_BEGINCPUPKG_X_X_X_X_OVLD_SETSHAREDSTORAGE07.connectivity.R0,,,,PARTIAL,,,,,,,,Return 0,,,1223,,,,,,,,,,,,,,,,,,,,,,,
g1,FUSE_X_X_K_BEGINCPUPKG_X_X_X_X_OVLD_SETSHAREDSTORAGE07.connectivity.R1,,,,PARTIAL,,,,,,,,Return 1,,,1230,,,,,,,,,,,,,,,,,,,,,,,
g1,FUSE_X_X_K_BEGINCPUPKG_X_X_X_X_OVLD_SETSHAREDSTORAGE07.param.Path,,,,PARTIAL,,,,,,,,./InputFiles/VLD_SharedStorage_07.json,,,259,,,,,,,,,,,,,,,,,,,,,,,
g1,FUSE_X_FUSECONFIG_K_BEGINCPUPKG_X_X_X_X_VLD_08_OV,,,,PARTIAL,,,,,,,,,FUSE_X_FUSECONFIG_K_BEGINCPUPKG_X_X_X_X_VLD_08_OV,,,1027,,,,,,,,,,,,,,,,,,,,,,
g1,FUSE_X_FUSECONFIG_K_BEGINCPUPKG_X_X_X_X_VLD_08_OV.edc,,,,PARTIAL,,,,,,,,,KILL,,,1027,,,,,,,,,,,,,,,,,,,,,,
g1,FUSE_X_FUSECONFIG_K_BEGINCPUPKG_X_X_X_X_VLD_08_OV.connectivity.R-2,,,,PARTIAL,,,,,,,,,Return -2,,,1029,,,,,,,,,,,,,,,,,,,,,,
g1,FUSE_X_FUSECONFIG_K_BEGINCPUPKG_X_X_X_X_VLD_08_OV.connectivity.R-1,,,,PARTIAL,,,,,,,,,Return -1,,,1035,,,,,,,,,,,,,,,,,,,,,,
g1,FUSE_X_FUSECONFIG_K_BEGINCPUPKG_X_X_X_X_VLD_08_OV.connectivity.R0,,,,PARTIAL,,,,,,,,,Return 0,,,1041,,,,,,,,,,,,,,,,,,,,,,
g1,FUSE_X_FUSECONFIG_K_BEGINCPUPKG_X_X_X_X_VLD_08_OV.connectivity.R1,,,,PARTIAL,,,,,,,,,GoTo FUSE_X_FUSEREAD_K_BEGINCPUPKG_X_X_X_X_VLD_OV_08,,,1048,,,,,,,,,,,,,,,,,,,,,,
g1,FUSE_X_FUSECONFIG_K_BEGINCPUPKG_X_X_X_X_VLD_08_OV.param.ConfigurationFile,,,,PARTIAL,,,,,,,,,"__shared__::TpRule.If_CLASS_NVL_S52C(""./InputFiles/VLD_C2X.setpoints.json"",""./InputFiles/VLD_C1X.setpoints.json"")",,,209,,,,,,,,,,,,,,,,,,,,,,
g1,FUSE_X_FUSECONFIG_K_BEGINCPUPKG_X_X_X_X_VLD_08_OV.param.SetPoint,,,,PARTIAL,,,,,,,,,CXX_Overvolt08,,,210,,,,,,,,,,,,,,,,,,,,,,
g1,FUSE_X_FUSEREAD_K_BEGINCPUPKG_X_X_X_X_VLD_OV_08,,,,PARTIAL,,,,,,,,,FUSE_X_FUSEREAD_K_BEGINCPUPKG_X_X_X_X_VLD_OV_08,,,1055,,,,,,,,,,,,,,,,,,,,,,
g1,FUSE_X_FUSEREAD_K_BEGINCPUPKG_X_X_X_X_VLD_OV_08.edc,,,,PARTIAL,,,,,,,,,KILL,,,1055,,,,,,,,,,,,,,,,,,,,,,
g1,FUSE_X_FUSEREAD_K_BEGINCPUPKG_X_X_X_X_VLD_OV_08.connectivity.R-2,,,,PARTIAL,,,,,,,,,Return -2,,,1057,,,,,,,,,,,,,,,,,,,,,,
g1,FUSE_X_FUSEREAD_K_BEGINCPUPKG_X_X_X_X_VLD_OV_08.connectivity.R-1,,,,PARTIAL,,,,,,,,,Return -1,,,1063,,,,,,,,,,,,,,,,,,,,,,
g1,FUSE_X_FUSEREAD_K_BEGINCPUPKG_X_X_X_X_VLD_OV_08.connectivity.R0,,,,PARTIAL,,,,,,,,,Return 0,,,1069,,,,,,,,,,,,,,,,,,,,,,
g1,FUSE_X_FUSEREAD_K_BEGINCPUPKG_X_X_X_X_VLD_OV_08.connectivity.R1,,,,PARTIAL,,,,,,,,,GoTo FUSE_X_X_K_BEGINCPUPKG_X_X_X_X_OVLD_SETSHAREDSTORAGE08,,,1076,,,,,,,,,,,,,,,,,,,,,,
g1,FUSE_X_FUSEREAD_K_BEGINCPUPKG_X_X_X_X_VLD_OV_08.connectivity.R2,,,,PARTIAL,,,,,,,,,Return 0,,,1081,,,,,,,,,,,,,,,,,,,,,,
g1,FUSE_X_FUSEREAD_K_BEGINCPUPKG_X_X_X_X_VLD_OV_08.connectivity.R3,,,,PARTIAL,,,,,,,,,Return 2,,,1088,,,,,,,,,,,,,,,,,,,,,,
g1,FUSE_X_FUSEREAD_K_BEGINCPUPKG_X_X_X_X_VLD_OV_08.connectivity.R4,,,,PARTIAL,,,,,,,,,Return 2,,,1093,,,,,,,,,,,,,,,,,,,,,,
g1,FUSE_X_FUSEREAD_K_BEGINCPUPKG_X_X_X_X_VLD_OV_08.param.Patlist,,,,PARTIAL,,,,,,,,,cpu_fuse_hvm_vld_vbump,,,215,,,,,,,,,,,,,,,,,,,,,,
g1,FUSE_X_FUSEREAD_K_BEGINCPUPKG_X_X_X_X_VLD_OV_08.param.LevelsTc,,,,PARTIAL,,,,,,,,,BASE::cpu_all_bf_x_x_pkg_lvl_nom,,,216,,,,,,,,,,,,,,,,,,,,,,
g1,FUSE_X_FUSEREAD_K_BEGINCPUPKG_X_X_X_X_VLD_OV_08.param.TimingsTc,,,,PARTIAL,,,,,,,,,BASE::pkg_cpu_fun_timing_mts100_tstprtclk50_tck100,,,217,,,,,,,,,,,,,,,,,,,,,,
g1,FUSE_X_FUSEREAD_K_BEGINCPUPKG_X_X_X_X_VLD_OV_08.param.ConfigName,,,,PARTIAL,,,,,,,,,VLDReadFlow,,,219,,,,,,,,,,,,,,,,,,,,,,
g1,FUSE_X_FUSEREAD_K_BEGINCPUPKG_X_X_X_X_VLD_OV_08.param.ConfigurationFile,,,,PARTIAL,,,,,,,,,"__shared__::TpRule.If_CLASS_NVL_S52C(""./InputFiles/VLD_C2X.fuseread.json"",""./InputFiles/VLD_C1X.fuseread.json"")",,,220,,,,,,,,,,,,,,,,,,,,,,
g1,FUSE_X_FUSEREAD_K_BEGINCPUPKG_X_X_X_X_VLD_OV_08.param.FailingMaskName,,,,PARTIAL,,,,,,,,,"Short_VLD,Open_VLD",,,221,,,,,,,,,,,,,,,,,,,,,,
g1,FUSE_X_FUSEREAD_K_BEGINCPUPKG_X_X_X_X_VLD_OV_08.param.FuseGroupToDatalog,,,,OK,,,,,,,,,,,,222,,,,,,,,,,,,,,,,,,,,,,
g1,FUSE_X_FUSEREAD_K_BEGINCPUPKG_X_X_X_X_VLD_OV_08.param.PassingMaskName,,,,PARTIAL,,,,,,,,,Overvolt_VLD,,,223,,,,,,,,,,,,,,,,,,,,,,
g1,FUSE_X_FUSEREAD_K_BEGINCPUPKG_X_X_X_X_VLD_OV_08.param.RegisterName,,,,PARTIAL,,,,,,,,,"__shared__::TpRule.If_CLASS_NVL_S52C(""CPU0_VLD,CPU1_VLD"",""CPU0_VLD"")",,,224,,,,,,,,,,,,,,,,,,,,,,
g1,FUSE_X_FUSEREAD_K_BEGINCPUPKG_X_X_X_X_VLD_OV_08.param.VoltageFile,,,,PARTIAL,,,,,,,,,./InputFiles/VLD_OV.fuseReadVoltageFile.json,,,225,,,,,,,,,,,,,,,,,,,,,,
g1,FUSE_X_X_K_BEGINCPUPKG_X_X_X_X_OVLD_SETSHAREDSTORAGE08,,,,PARTIAL,,,,,,,,,FUSE_X_X_K_BEGINCPUPKG_X_X_X_X_OVLD_SETSHAREDSTORAGE08,,,1100,,,,,,,,,,,,,,,,,,,,,,
g1,FUSE_X_X_K_BEGINCPUPKG_X_X_X_X_OVLD_SETSHAREDSTORAGE08.edc,,,,PARTIAL,,,,,,,,,KILL,,,1100,,,,,,,,,,,,,,,,,,,,,,
g1,FUSE_X_X_K_BEGINCPUPKG_X_X_X_X_OVLD_SETSHAREDSTORAGE08.connectivity.R-2,,,,PARTIAL,,,,,,,,,Return -2,,,1102,,,,,,,,,,,,,,,,,,,,,,
g1,FUSE_X_X_K_BEGINCPUPKG_X_X_X_X_OVLD_SETSHAREDSTORAGE08.connectivity.R-1,,,,PARTIAL,,,,,,,,,Return -1,,,1108,,,,,,,,,,,,,,,,,,,,,,
g1,FUSE_X_X_K_BEGINCPUPKG_X_X_X_X_OVLD_SETSHAREDSTORAGE08.connectivity.R0,,,,PARTIAL,,,,,,,,,Return 0,,,1114,,,,,,,,,,,,,,,,,,,,,,
g1,FUSE_X_X_K_BEGINCPUPKG_X_X_X_X_OVLD_SETSHAREDSTORAGE08.connectivity.R1,,,,PARTIAL,,,,,,,,,Return 1,,,1121,,,,,,,,,,,,,,,,,,,,,,
g1,FUSE_X_X_K_BEGINCPUPKG_X_X_X_X_OVLD_SETSHAREDSTORAGE08.param.Path,,,,PARTIAL,,,,,,,,,./InputFiles/VLD_SharedStorage_08.json,,,231,,,,,,,,,,,,,,,,,,,,,,
g1,FUSE_X_FUSECONFIG_K_BEGINCPUPKG_X_X_X_X_VLD_09_OV,,,,PARTIAL,,,,,,,,,,FUSE_X_FUSECONFIG_K_BEGINCPUPKG_X_X_X_X_VLD_09_OV,,,922,,,,,,,,,,,,,,,,,,,,,
g1,FUSE_X_FUSECONFIG_K_BEGINCPUPKG_X_X_X_X_VLD_09_OV.edc,,,,PARTIAL,,,,,,,,,,KILL,,,922,,,,,,,,,,,,,,,,,,,,,
g1,FUSE_X_FUSECONFIG_K_BEGINCPUPKG_X_X_X_X_VLD_09_OV.connectivity.R-2,,,,PARTIAL,,,,,,,,,,Return -2,,,924,,,,,,,,,,,,,,,,,,,,,
g1,FUSE_X_FUSECONFIG_K_BEGINCPUPKG_X_X_X_X_VLD_09_OV.connectivity.R-1,,,,PARTIAL,,,,,,,,,,Return -1,,,930,,,,,,,,,,,,,,,,,,,,,
g1,FUSE_X_FUSECONFIG_K_BEGINCPUPKG_X_X_X_X_VLD_09_OV.connectivity.R0,,,,PARTIAL,,,,,,,,,,Return 0,,,936,,,,,,,,,,,,,,,,,,,,,
g1,FUSE_X_FUSECONFIG_K_BEGINCPUPKG_X_X_X_X_VLD_09_OV.connectivity.R1,,,,PARTIAL,,,,,,,,,,GoTo FUSE_X_FUSEREAD_K_BEGINCPUPKG_X_X_X_X_VLD_OV_09,,,943,,,,,,,,,,,,,,,,,,,,,
g1,FUSE_X_FUSECONFIG_K_BEGINCPUPKG_X_X_X_X_VLD_09_OV.param.ConfigurationFile,,,,PARTIAL,,,,,,,,,,"__shared__::TpRule.If_CLASS_NVL_S52C(""./InputFiles/VLD_C2X.setpoints.json"",""./InputFiles/VLD_C1X.setpoints.json"")",,,181,,,,,,,,,,,,,,,,,,,,,
g1,FUSE_X_FUSECONFIG_K_BEGINCPUPKG_X_X_X_X_VLD_09_OV.param.SetPoint,,,,PARTIAL,,,,,,,,,,CXX_Overvolt09,,,182,,,,,,,,,,,,,,,,,,,,,
g1,FUSE_X_FUSEREAD_K_BEGINCPUPKG_X_X_X_X_VLD_OV_09,,,,PARTIAL,,,,,,,,,,FUSE_X_FUSEREAD_K_BEGINCPUPKG_X_X_X_X_VLD_OV_09,,,950,,,,,,,,,,,,,,,,,,,,,
g1,FUSE_X_FUSEREAD_K_BEGINCPUPKG_X_X_X_X_VLD_OV_09.edc,,,,PARTIAL,,,,,,,,,,KILL,,,950,,,,,,,,,,,,,,,,,,,,,
g1,FUSE_X_FUSEREAD_K_BEGINCPUPKG_X_X_X_X_VLD_OV_09.connectivity.R-2,,,,PARTIAL,,,,,,,,,,Return -2,,,952,,,,,,,,,,,,,,,,,,,,,
g1,FUSE_X_FUSEREAD_K_BEGINCPUPKG_X_X_X_X_VLD_OV_09.connectivity.R-1,,,,PARTIAL,,,,,,,,,,Return -1,,,958,,,,,,,,,,,,,,,,,,,,,
g1,FUSE_X_FUSEREAD_K_BEGINCPUPKG_X_X_X_X_VLD_OV_09.connectivity.R0,,,,PARTIAL,,,,,,,,,,Return 0,,,964,,,,,,,,,,,,,,,,,,,,,
g1,FUSE_X_FUSEREAD_K_BEGINCPUPKG_X_X_X_X_VLD_OV_09.connectivity.R1,,,,PARTIAL,,,,,,,,,,GoTo FUSE_X_X_K_BEGINCPUPKG_X_X_X_X_OVLD_SETSHAREDSTORAGE09,,,971,,,,,,,,,,,,,,,,,,,,,
g1,FUSE_X_FUSEREAD_K_BEGINCPUPKG_X_X_X_X_VLD_OV_09.connectivity.R2,,,,PARTIAL,,,,,,,,,,Return 0,,,976,,,,,,,,,,,,,,,,,,,,,
g1,FUSE_X_FUSEREAD_K_BEGINCPUPKG_X_X_X_X_VLD_OV_09.connectivity.R3,,,,PARTIAL,,,,,,,,,,Return 2,,,983,,,,,,,,,,,,,,,,,,,,,
g1,FUSE_X_FUSEREAD_K_BEGINCPUPKG_X_X_X_X_VLD_OV_09.connectivity.R4,,,,PARTIAL,,,,,,,,,,Return 2,,,988,,,,,,,,,,,,,,,,,,,,,
g1,FUSE_X_FUSEREAD_K_BEGINCPUPKG_X_X_X_X_VLD_OV_09.param.Patlist,,,,PARTIAL,,,,,,,,,,cpu_fuse_hvm_vld_vbump,,,187,,,,,,,,,,,,,,,,,,,,,
g1,FUSE_X_FUSEREAD_K_BEGINCPUPKG_X_X_X_X_VLD_OV_09.param.LevelsTc,,,,PARTIAL,,,,,,,,,,BASE::cpu_all_bf_x_x_pkg_lvl_nom,,,188,,,,,,,,,,,,,,,,,,,,,
g1,FUSE_X_FUSEREAD_K_BEGINCPUPKG_X_X_X_X_VLD_OV_09.param.TimingsTc,,,,PARTIAL,,,,,,,,,,BASE::pkg_cpu_fun_timing_mts100_tstprtclk50_tck100,,,189,,,,,,,,,,,,,,,,,,,,,
g1,FUSE_X_FUSEREAD_K_BEGINCPUPKG_X_X_X_X_VLD_OV_09.param.ConfigName,,,,PARTIAL,,,,,,,,,,VLDReadFlow,,,191,,,,,,,,,,,,,,,,,,,,,
g1,FUSE_X_FUSEREAD_K_BEGINCPUPKG_X_X_X_X_VLD_OV_09.param.ConfigurationFile,,,,PARTIAL,,,,,,,,,,"__shared__::TpRule.If_CLASS_NVL_S52C(""./InputFiles/VLD_C2X.fuseread.json"",""./InputFiles/VLD_C1X.fuseread.json"")",,,192,,,,,,,,,,,,,,,,,,,,,
g1,FUSE_X_FUSEREAD_K_BEGINCPUPKG_X_X_X_X_VLD_OV_09.param.FailingMaskName,,,,PARTIAL,,,,,,,,,,"Short_VLD,Open_VLD",,,193,,,,,,,,,,,,,,,,,,,,,
g1,FUSE_X_FUSEREAD_K_BEGINCPUPKG_X_X_X_X_VLD_OV_09.param.FuseGroupToDatalog,,,,OK,,,,,,,,,,,,,194,,,,,,,,,,,,,,,,,,,,,
g1,FUSE_X_FUSEREAD_K_BEGINCPUPKG_X_X_X_X_VLD_OV_09.param.PassingMaskName,,,,PARTIAL,,,,,,,,,,Overvolt_VLD,,,195,,,,,,,,,,,,,,,,,,,,,
g1,FUSE_X_FUSEREAD_K_BEGINCPUPKG_X_X_X_X_VLD_OV_09.param.RegisterName,,,,PARTIAL,,,,,,,,,,"__shared__::TpRule.If_CLASS_NVL_S52C(""CPU0_VLD,CPU1_VLD"",""CPU0_VLD"")",,,196,,,,,,,,,,,,,,,,,,,,,
g1,FUSE_X_FUSEREAD_K_BEGINCPUPKG_X_X_X_X_VLD_OV_09.param.VoltageFile,,,,PARTIAL,,,,,,,,,,./InputFiles/VLD_OV.fuseReadVoltageFile.json,,,197,,,,,,,,,,,,,,,,,,,,,
g1,FUSE_X_X_K_BEGINCPUPKG_X_X_X_X_OVLD_SETSHAREDSTORAGE09,,,,PARTIAL,,,,,,,,,,FUSE_X_X_K_BEGINCPUPKG_X_X_X_X_OVLD_SETSHAREDSTORAGE09,,,995,,,,,,,,,,,,,,,,,,,,,
g1,FUSE_X_X_K_BEGINCPUPKG_X_X_X_X_OVLD_SETSHAREDSTORAGE09.edc,,,,PARTIAL,,,,,,,,,,KILL,,,995,,,,,,,,,,,,,,,,,,,,,
g1,FUSE_X_X_K_BEGINCPUPKG_X_X_X_X_OVLD_SETSHAREDSTORAGE09.connectivity.R-2,,,,PARTIAL,,,,,,,,,,Return -2,,,997,,,,,,,,,,,,,,,,,,,,,
g1,FUSE_X_X_K_BEGINCPUPKG_X_X_X_X_OVLD_SETSHAREDSTORAGE09.connectivity.R-1,,,,PARTIAL,,,,,,,,,,Return -1,,,1003,,,,,,,,,,,,,,,,,,,,,
g1,FUSE_X_X_K_BEGINCPUPKG_X_X_X_X_OVLD_SETSHAREDSTORAGE09.connectivity.R0,,,,PARTIAL,,,,,,,,,,Return 0,,,1009,,,,,,,,,,,,,,,,,,,,,
g1,FUSE_X_X_K_BEGINCPUPKG_X_X_X_X_OVLD_SETSHAREDSTORAGE09.connectivity.R1,,,,PARTIAL,,,,,,,,,,Return 1,,,1016,,,,,,,,,,,,,,,,,,,,,
g1,FUSE_X_X_K_BEGINCPUPKG_X_X_X_X_OVLD_SETSHAREDSTORAGE09.param.Path,,,,PARTIAL,,,,,,,,,,./InputFiles/VLD_SharedStorage_09.json,,,203,,,,,,,,,,,,,,,,,,,,,
g2,<flow>,,,,DIFF,,,,UV_0<s0>_CPU1,,,,,,,,,,,,,UV_01_CPU1,UV_02_CPU1,UV_03_CPU1,1537,1432,1327,s0=1,s0=2,s0=3,,,,,,,,,
g2,FUSE_X_FUSECONFIG_K_BEGINCPUPKG_X_X_X_X_VLD_01_UV_CPU1,,,,PARTIAL,,,,,,,,,,,,,,,,,FUSE_X_FUSECONFIG_K_BEGINCPUPKG_X_X_X_X_VLD_01_UV_CPU1,,,1537,,,,,,,,,,,,,,
g2,FUSE_X_FUSECONFIG_K_BEGINCPUPKG_X_X_X_X_VLD_01_UV_CPU1.edc,,,,PARTIAL,,,,,,,,,,,,,,,,,KILL,,,1537,,,,,,,,,,,,,,
g2,FUSE_X_FUSECONFIG_K_BEGINCPUPKG_X_X_X_X_VLD_01_UV_CPU1.connectivity.R-2,,,,PARTIAL,,,,,,,,,,,,,,,,,Return -2,,,1539,,,,,,,,,,,,,,
g2,FUSE_X_FUSECONFIG_K_BEGINCPUPKG_X_X_X_X_VLD_01_UV_CPU1.connectivity.R-1,,,,PARTIAL,,,,,,,,,,,,,,,,,Return -1,,,1545,,,,,,,,,,,,,,
g2,FUSE_X_FUSECONFIG_K_BEGINCPUPKG_X_X_X_X_VLD_01_UV_CPU1.connectivity.R0,,,,PARTIAL,,,,,,,,,,,,,,,,,Return 0,,,1551,,,,,,,,,,,,,,
g2,FUSE_X_FUSECONFIG_K_BEGINCPUPKG_X_X_X_X_VLD_01_UV_CPU1.connectivity.R1,,,,PARTIAL,,,,,,,,,,,,,,,,,GoTo FUSE_X_FUSEREAD_K_BEGINCPUPKG_X_X_X_X_VLD_UV_01_CPU1,,,1558,,,,,,,,,,,,,,
g2,FUSE_X_FUSECONFIG_K_BEGINCPUPKG_X_X_X_X_VLD_01_UV_CPU1.param.ConfigurationFile,,,,PARTIAL,,,,,,,,,,,,,,,,,"__shared__::TpRule.If_CLASS_NVL_S52C(""./InputFiles/VLD_C2X.setpoints.json"",""./InputFiles/VLD_C1X.setpoints.json"")",,,321,,,,,,,,,,,,,,
g2,FUSE_X_FUSECONFIG_K_BEGINCPUPKG_X_X_X_X_VLD_01_UV_CPU1.param.SetPoint,,,,PARTIAL,,,,,,,,,,,,,,,,,CXX_Undervolt01,,,322,,,,,,,,,,,,,,
g2,FUSE_X_FUSEREAD_K_BEGINCPUPKG_X_X_X_X_VLD_UV_01_CPU1,,,,PARTIAL,,,,,,,,,,,,,,,,,FUSE_X_FUSEREAD_K_BEGINCPUPKG_X_X_X_X_VLD_UV_01_CPU1,,,1565,,,,,,,,,,,,,,
g2,FUSE_X_FUSEREAD_K_BEGINCPUPKG_X_X_X_X_VLD_UV_01_CPU1.edc,,,,PARTIAL,,,,,,,,,,,,,,,,,KILL,,,1565,,,,,,,,,,,,,,
g2,FUSE_X_FUSEREAD_K_BEGINCPUPKG_X_X_X_X_VLD_UV_01_CPU1.connectivity.R-2,,,,PARTIAL,,,,,,,,,,,,,,,,,Return -2,,,1567,,,,,,,,,,,,,,
g2,FUSE_X_FUSEREAD_K_BEGINCPUPKG_X_X_X_X_VLD_UV_01_CPU1.connectivity.R-1,,,,PARTIAL,,,,,,,,,,,,,,,,,Return -1,,,1573,,,,,,,,,,,,,,
g2,FUSE_X_FUSEREAD_K_BEGINCPUPKG_X_X_X_X_VLD_UV_01_CPU1.connectivity.R0,,,,PARTIAL,,,,,,,,,,,,,,,,,Return 0,,,1579,,,,,,,,,,,,,,
g2,FUSE_X_FUSEREAD_K_BEGINCPUPKG_X_X_X_X_VLD_UV_01_CPU1.connectivity.R1,,,,PARTIAL,,,,,,,,,,,,,,,,,GoTo FUSE_X_X_K_BEGINCPUPKG_X_X_X_X_VLD_SETSHAREDSTORAGE01_CPU1,,,1586,,,,,,,,,,,,,,
g2,FUSE_X_FUSEREAD_K_BEGINCPUPKG_X_X_X_X_VLD_UV_01_CPU1.connectivity.R2,,,,PARTIAL,,,,,,,,,,,,,,,,,Return 0,,,1591,,,,,,,,,,,,,,
g2,FUSE_X_FUSEREAD_K_BEGINCPUPKG_X_X_X_X_VLD_UV_01_CPU1.connectivity.R3,,,,PARTIAL,,,,,,,,,,,,,,,,,Return 0,,,1598,,,,,,,,,,,,,,
g2,FUSE_X_FUSEREAD_K_BEGINCPUPKG_X_X_X_X_VLD_UV_01_CPU1.connectivity.R4,,,,PARTIAL,,,,,,,,,,,,,,,,,Return 0,,,1605,,,,,,,,,,,,,,
g2,FUSE_X_FUSEREAD_K_BEGINCPUPKG_X_X_X_X_VLD_UV_01_CPU1.param.Patlist,,,,PARTIAL,,,,,,,,,,,,,,,,,cpu_fuse_hvm_vld_vbump,,,327,,,,,,,,,,,,,,
g2,FUSE_X_FUSEREAD_K_BEGINCPUPKG_X_X_X_X_VLD_UV_01_CPU1.param.LevelsTc,,,,PARTIAL,,,,,,,,,,,,,,,,,BASE::cpu_all_bf_x_x_pkg_lvl_nom,,,328,,,,,,,,,,,,,,
g2,FUSE_X_FUSEREAD_K_BEGINCPUPKG_X_X_X_X_VLD_UV_01_CPU1.param.TimingsTc,,,,PARTIAL,,,,,,,,,,,,,,,,,BASE::pkg_cpu_fun_timing_mts100_tstprtclk50_tck100,,,329,,,,,,,,,,,,,,
g2,FUSE_X_FUSEREAD_K_BEGINCPUPKG_X_X_X_X_VLD_UV_01_CPU1.param.ConfigName,,,,PARTIAL,,,,,,,,,,,,,,,,,VLDReadFlow,,,331,,,,,,,,,,,,,,
g2,FUSE_X_FUSEREAD_K_BEGINCPUPKG_X_X_X_X_VLD_UV_01_CPU1.param.ConfigurationFile,,,,PARTIAL,,,,,,,,,,,,,,,,,"__shared__::TpRule.If_CLASS_NVL_S52C(""./InputFiles/VLD_C2X.fuseread.json"",""./InputFiles/VLD_C1X.fuseread.json"")",,,332,,,,,,,,,,,,,,
g2,FUSE_X_FUSEREAD_K_BEGINCPUPKG_X_X_X_X_VLD_UV_01_CPU1.param.FailingMaskName,,,,PARTIAL,,,,,,,,,,,,,,,,,"Short_VLD,Open_VLD",,,333,,,,,,,,,,,,,,
g2,FUSE_X_FUSEREAD_K_BEGINCPUPKG_X_X_X_X_VLD_UV_01_CPU1.param.FuseGroupToDatalog,,,,OK,,,,,,,,,,,,,,,,,,,,334,,,,,,,,,,,,,,
g2,FUSE_X_FUSEREAD_K_BEGINCPUPKG_X_X_X_X_VLD_UV_01_CPU1.param.PassingMaskName,,,,PARTIAL,,,,,,,,,,,,,,,,,Undervolt_VLD,,,335,,,,,,,,,,,,,,
g2,FUSE_X_FUSEREAD_K_BEGINCPUPKG_X_X_X_X_VLD_UV_01_CPU1.param.RegisterName,,,,PARTIAL,,,,,,,,,,,,,,,,,"__shared__::TpRule.If_CLASS_NVL_S52C(""CPU0_VLD,CPU1_VLD"",""CPU0_VLD"")",,,336,,,,,,,,,,,,,,
g2,FUSE_X_FUSEREAD_K_BEGINCPUPKG_X_X_X_X_VLD_UV_01_CPU1.param.VoltageFile,,,,PARTIAL,,,,,,,,,,,,,,,,,./InputFiles/VLD_UV.fuseReadVoltageFile.json,,,337,,,,,,,,,,,,,,
g2,FUSE_X_X_K_BEGINCPUPKG_X_X_X_X_VLD_SETSHAREDSTORAGE01_CPU1,,,,PARTIAL,,,,,,,,,,,,,,,,,FUSE_X_X_K_BEGINCPUPKG_X_X_X_X_VLD_SETSHAREDSTORAGE01_CPU1,,,1614,,,,,,,,,,,,,,
g2,FUSE_X_X_K_BEGINCPUPKG_X_X_X_X_VLD_SETSHAREDSTORAGE01_CPU1.edc,,,,PARTIAL,,,,,,,,,,,,,,,,,KILL,,,1614,,,,,,,,,,,,,,
g2,FUSE_X_X_K_BEGINCPUPKG_X_X_X_X_VLD_SETSHAREDSTORAGE01_CPU1.connectivity.R-2,,,,PARTIAL,,,,,,,,,,,,,,,,,Return -2,,,1616,,,,,,,,,,,,,,
g2,FUSE_X_X_K_BEGINCPUPKG_X_X_X_X_VLD_SETSHAREDSTORAGE01_CPU1.connectivity.R-1,,,,PARTIAL,,,,,,,,,,,,,,,,,Return -1,,,1622,,,,,,,,,,,,,,
g2,FUSE_X_X_K_BEGINCPUPKG_X_X_X_X_VLD_SETSHAREDSTORAGE01_CPU1.connectivity.R0,,,,PARTIAL,,,,,,,,,,,,,,,,,Return 0,,,1628,,,,,,,,,,,,,,
g2,FUSE_X_X_K_BEGINCPUPKG_X_X_X_X_VLD_SETSHAREDSTORAGE01_CPU1.connectivity.R1,,,,PARTIAL,,,,,,,,,,,,,,,,,Return 1,,,1635,,,,,,,,,,,,,,
g2,FUSE_X_X_K_BEGINCPUPKG_X_X_X_X_VLD_SETSHAREDSTORAGE01_CPU1.param.Path,,,,PARTIAL,,,,,,,,,,,,,,,,,./InputFiles/VLD_SharedStorage_01.json,,,343,,,,,,,,,,,,,,
g2,FUSE_X_FUSECONFIG_K_BEGINCPUPKG_X_X_X_X_VLD_02_UV_CPU1,,,,PARTIAL,,,,,,,,,,,,,,,,,,FUSE_X_FUSECONFIG_K_BEGINCPUPKG_X_X_X_X_VLD_02_UV_CPU1,,,1432,,,,,,,,,,,,,
g2,FUSE_X_FUSECONFIG_K_BEGINCPUPKG_X_X_X_X_VLD_02_UV_CPU1.edc,,,,PARTIAL,,,,,,,,,,,,,,,,,,KILL,,,1432,,,,,,,,,,,,,
g2,FUSE_X_FUSECONFIG_K_BEGINCPUPKG_X_X_X_X_VLD_02_UV_CPU1.connectivity.R-2,,,,PARTIAL,,,,,,,,,,,,,,,,,,Return -2,,,1434,,,,,,,,,,,,,
g2,FUSE_X_FUSECONFIG_K_BEGINCPUPKG_X_X_X_X_VLD_02_UV_CPU1.connectivity.R-1,,,,PARTIAL,,,,,,,,,,,,,,,,,,Return -1,,,1440,,,,,,,,,,,,,
g2,FUSE_X_FUSECONFIG_K_BEGINCPUPKG_X_X_X_X_VLD_02_UV_CPU1.connectivity.R0,,,,PARTIAL,,,,,,,,,,,,,,,,,,Return 0,,,1446,,,,,,,,,,,,,
g2,FUSE_X_FUSECONFIG_K_BEGINCPUPKG_X_X_X_X_VLD_02_UV_CPU1.connectivity.R1,,,,PARTIAL,,,,,,,,,,,,,,,,,,GoTo FUSE_X_FUSEREAD_K_BEGINCPUPKG_X_X_X_X_VLD_UV_02_CPU1,,,1453,,,,,,,,,,,,,
g2,FUSE_X_FUSECONFIG_K_BEGINCPUPKG_X_X_X_X_VLD_02_UV_CPU1.param.ConfigurationFile,,,,PARTIAL,,,,,,,,,,,,,,,,,,"__shared__::TpRule.If_CLASS_NVL_S52C(""./InputFiles/VLD_C2X.setpoints.json"",""./InputFiles/VLD_C1X.setpoints.json"")",,,293,,,,,,,,,,,,,
g2,FUSE_X_FUSECONFIG_K_BEGINCPUPKG_X_X_X_X_VLD_02_UV_CPU1.param.SetPoint,,,,PARTIAL,,,,,,,,,,,,,,,,,,CXX_Undervolt02,,,294,,,,,,,,,,,,,
g2,FUSE_X_FUSEREAD_K_BEGINCPUPKG_X_X_X_X_VLD_UV_02_CPU1,,,,PARTIAL,,,,,,,,,,,,,,,,,,FUSE_X_FUSEREAD_K_BEGINCPUPKG_X_X_X_X_VLD_UV_02_CPU1,,,1460,,,,,,,,,,,,,
g2,FUSE_X_FUSEREAD_K_BEGINCPUPKG_X_X_X_X_VLD_UV_02_CPU1.edc,,,,PARTIAL,,,,,,,,,,,,,,,,,,KILL,,,1460,,,,,,,,,,,,,
g2,FUSE_X_FUSEREAD_K_BEGINCPUPKG_X_X_X_X_VLD_UV_02_CPU1.connectivity.R-2,,,,PARTIAL,,,,,,,,,,,,,,,,,,Return -2,,,1462,,,,,,,,,,,,,
g2,FUSE_X_FUSEREAD_K_BEGINCPUPKG_X_X_X_X_VLD_UV_02_CPU1.connectivity.R-1,,,,PARTIAL,,,,,,,,,,,,,,,,,,Return -1,,,1468,,,,,,,,,,,,,
g2,FUSE_X_FUSEREAD_K_BEGINCPUPKG_X_X_X_X_VLD_UV_02_CPU1.connectivity.R0,,,,PARTIAL,,,,,,,,,,,,,,,,,,Return 0,,,1474,,,,,,,,,,,,,
g2,FUSE_X_FUSEREAD_K_BEGINCPUPKG_X_X_X_X_VLD_UV_02_CPU1.connectivity.R1,,,,PARTIAL,,,,,,,,,,,,,,,,,,GoTo FUSE_X_X_K_BEGINCPUPKG_X_X_X_X_VLD_SETSHAREDSTORAGE02_CPU1,,,1481,,,,,,,,,,,,,
g2,FUSE_X_FUSEREAD_K_BEGINCPUPKG_X_X_X_X_VLD_UV_02_CPU1.connectivity.R2,,,,PARTIAL,,,,,,,,,,,,,,,,,,Return 2,,,1486,,,,,,,,,,,,,
g2,FUSE_X_FUSEREAD_K_BEGINCPUPKG_X_X_X_X_VLD_UV_02_CPU1.connectivity.R3,,,,PARTIAL,,,,,,,,,,,,,,,,,,Return 0,,,1491,,,,,,,,,,,,,
g2,FUSE_X_FUSEREAD_K_BEGINCPUPKG_X_X_X_X_VLD_UV_02_CPU1.connectivity.R4,,,,PARTIAL,,,,,,,,,,,,,,,,,,Return 2,,,1498,,,,,,,,,,,,,
g2,FUSE_X_FUSEREAD_K_BEGINCPUPKG_X_X_X_X_VLD_UV_02_CPU1.param.Patlist,,,,PARTIAL,,,,,,,,,,,,,,,,,,cpu_fuse_hvm_vld_vbump,,,299,,,,,,,,,,,,,
g2,FUSE_X_FUSEREAD_K_BEGINCPUPKG_X_X_X_X_VLD_UV_02_CPU1.param.LevelsTc,,,,PARTIAL,,,,,,,,,,,,,,,,,,BASE::cpu_all_bf_x_x_pkg_lvl_nom,,,300,,,,,,,,,,,,,
g2,FUSE_X_FUSEREAD_K_BEGINCPUPKG_X_X_X_X_VLD_UV_02_CPU1.param.TimingsTc,,,,PARTIAL,,,,,,,,,,,,,,,,,,BASE::pkg_cpu_fun_timing_mts100_tstprtclk50_tck100,,,301,,,,,,,,,,,,,
g2,FUSE_X_FUSEREAD_K_BEGINCPUPKG_X_X_X_X_VLD_UV_02_CPU1.param.ConfigName,,,,PARTIAL,,,,,,,,,,,,,,,,,,VLDReadFlow,,,303,,,,,,,,,,,,,
g2,FUSE_X_FUSEREAD_K_BEGINCPUPKG_X_X_X_X_VLD_UV_02_CPU1.param.ConfigurationFile,,,,PARTIAL,,,,,,,,,,,,,,,,,,"__shared__::TpRule.If_CLASS_NVL_S52C(""./InputFiles/VLD_C2X.fuseread.json"",""./InputFiles/VLD_C1X.fuseread.json"")",,,304,,,,,,,,,,,,,
g2,FUSE_X_FUSEREAD_K_BEGINCPUPKG_X_X_X_X_VLD_UV_02_CPU1.param.FailingMaskName,,,,PARTIAL,,,,,,,,,,,,,,,,,,"Short_VLD,Open_VLD",,,305,,,,,,,,,,,,,
g2,FUSE_X_FUSEREAD_K_BEGINCPUPKG_X_X_X_X_VLD_UV_02_CPU1.param.FuseGroupToDatalog,,,,OK,,,,,,,,,,,,,,,,,,,,,306,,,,,,,,,,,,,
g2,FUSE_X_FUSEREAD_K_BEGINCPUPKG_X_X_X_X_VLD_UV_02_CPU1.param.PassingMaskName,,,,PARTIAL,,,,,,,,,,,,,,,,,,Undervolt_VLD,,,307,,,,,,,,,,,,,
g2,FUSE_X_FUSEREAD_K_BEGINCPUPKG_X_X_X_X_VLD_UV_02_CPU1.param.RegisterName,,,,PARTIAL,,,,,,,,,,,,,,,,,,"__shared__::TpRule.If_CLASS_NVL_S52C(""CPU0_VLD,CPU1_VLD"",""CPU0_VLD"")",,,308,,,,,,,,,,,,,
g2,FUSE_X_FUSEREAD_K_BEGINCPUPKG_X_X_X_X_VLD_UV_02_CPU1.param.VoltageFile,,,,PARTIAL,,,,,,,,,,,,,,,,,,./InputFiles/VLD_UV.fuseReadVoltageFile.json,,,309,,,,,,,,,,,,,
g2,FUSE_X_X_K_BEGINCPUPKG_X_X_X_X_VLD_SETSHAREDSTORAGE02_CPU1,,,,PARTIAL,,,,,,,,,,,,,,,,,,FUSE_X_X_K_BEGINCPUPKG_X_X_X_X_VLD_SETSHAREDSTORAGE02_CPU1,,,1505,,,,,,,,,,,,,
g2,FUSE_X_X_K_BEGINCPUPKG_X_X_X_X_VLD_SETSHAREDSTORAGE02_CPU1.edc,,,,PARTIAL,,,,,,,,,,,,,,,,,,KILL,,,1505,,,,,,,,,,,,,
g2,FUSE_X_X_K_BEGINCPUPKG_X_X_X_X_VLD_SETSHAREDSTORAGE02_CPU1.connectivity.R-2,,,,PARTIAL,,,,,,,,,,,,,,,,,,Return -2,,,1507,,,,,,,,,,,,,
g2,FUSE_X_X_K_BEGINCPUPKG_X_X_X_X_VLD_SETSHAREDSTORAGE02_CPU1.connectivity.R-1,,,,PARTIAL,,,,,,,,,,,,,,,,,,Return -1,,,1513,,,,,,,,,,,,,
g2,FUSE_X_X_K_BEGINCPUPKG_X_X_X_X_VLD_SETSHAREDSTORAGE02_CPU1.connectivity.R0,,,,PARTIAL,,,,,,,,,,,,,,,,,,Return 0,,,1519,,,,,,,,,,,,,
g2,FUSE_X_X_K_BEGINCPUPKG_X_X_X_X_VLD_SETSHAREDSTORAGE02_CPU1.connectivity.R1,,,,PARTIAL,,,,,,,,,,,,,,,,,,Return 1,,,1526,,,,,,,,,,,,,
g2,FUSE_X_X_K_BEGINCPUPKG_X_X_X_X_VLD_SETSHAREDSTORAGE02_CPU1.param.Path,,,,PARTIAL,,,,,,,,,,,,,,,,,,./InputFiles/VLD_SharedStorage_02.json,,,315,,,,,,,,,,,,,
g2,FUSE_X_FUSECONFIG_K_BEGINCPUPKG_X_X_X_X_VLD_03_UV_CPU1,,,,PARTIAL,,,,,,,,,,,,,,,,,,,FUSE_X_FUSECONFIG_K_BEGINCPUPKG_X_X_X_X_VLD_03_UV_CPU1,,,1327,,,,,,,,,,,,
g2,FUSE_X_FUSECONFIG_K_BEGINCPUPKG_X_X_X_X_VLD_03_UV_CPU1.edc,,,,PARTIAL,,,,,,,,,,,,,,,,,,,KILL,,,1327,,,,,,,,,,,,
g2,FUSE_X_FUSECONFIG_K_BEGINCPUPKG_X_X_X_X_VLD_03_UV_CPU1.connectivity.R-2,,,,PARTIAL,,,,,,,,,,,,,,,,,,,Return -2,,,1329,,,,,,,,,,,,
g2,FUSE_X_FUSECONFIG_K_BEGINCPUPKG_X_X_X_X_VLD_03_UV_CPU1.connectivity.R-1,,,,PARTIAL,,,,,,,,,,,,,,,,,,,Return -1,,,1335,,,,,,,,,,,,
g2,FUSE_X_FUSECONFIG_K_BEGINCPUPKG_X_X_X_X_VLD_03_UV_CPU1.connectivity.R0,,,,PARTIAL,,,,,,,,,,,,,,,,,,,Return 0,,,1341,,,,,,,,,,,,
g2,FUSE_X_FUSECONFIG_K_BEGINCPUPKG_X_X_X_X_VLD_03_UV_CPU1.connectivity.R1,,,,PARTIAL,,,,,,,,,,,,,,,,,,,GoTo FUSE_X_FUSEREAD_K_BEGINCPUPKG_X_X_X_X_VLD_UV_03_CPU1,,,1348,,,,,,,,,,,,
g2,FUSE_X_FUSECONFIG_K_BEGINCPUPKG_X_X_X_X_VLD_03_UV_CPU1.param.ConfigurationFile,,,,PARTIAL,,,,,,,,,,,,,,,,,,,"__shared__::TpRule.If_CLASS_NVL_S52C(""./InputFiles/VLD_C2X.setpoints.json"",""./InputFiles/VLD_C1X.setpoints.json"")",,,265,,,,,,,,,,,,
g2,FUSE_X_FUSECONFIG_K_BEGINCPUPKG_X_X_X_X_VLD_03_UV_CPU1.param.SetPoint,,,,PARTIAL,,,,,,,,,,,,,,,,,,,CXX_Undervolt03,,,266,,,,,,,,,,,,
g2,FUSE_X_FUSEREAD_K_BEGINCPUPKG_X_X_X_X_VLD_UV_03_CPU1,,,,PARTIAL,,,,,,,,,,,,,,,,,,,FUSE_X_FUSEREAD_K_BEGINCPUPKG_X_X_X_X_VLD_UV_03_CPU1,,,1355,,,,,,,,,,,,
g2,FUSE_X_FUSEREAD_K_BEGINCPUPKG_X_X_X_X_VLD_UV_03_CPU1.edc,,,,PARTIAL,,,,,,,,,,,,,,,,,,,KILL,,,1355,,,,,,,,,,,,
g2,FUSE_X_FUSEREAD_K_BEGINCPUPKG_X_X_X_X_VLD_UV_03_CPU1.connectivity.R-2,,,,PARTIAL,,,,,,,,,,,,,,,,,,,Return -2,,,1357,,,,,,,,,,,,
g2,FUSE_X_FUSEREAD_K_BEGINCPUPKG_X_X_X_X_VLD_UV_03_CPU1.connectivity.R-1,,,,PARTIAL,,,,,,,,,,,,,,,,,,,Return -1,,,1363,,,,,,,,,,,,
g2,FUSE_X_FUSEREAD_K_BEGINCPUPKG_X_X_X_X_VLD_UV_03_CPU1.connectivity.R0,,,,PARTIAL,,,,,,,,,,,,,,,,,,,Return 0,,,1369,,,,,,,,,,,,
g2,FUSE_X_FUSEREAD_K_BEGINCPUPKG_X_X_X_X_VLD_UV_03_CPU1.connectivity.R1,,,,PARTIAL,,,,,,,,,,,,,,,,,,,GoTo FUSE_X_X_K_BEGINCPUPKG_X_X_X_X_VLD_SETSHAREDSTORAGE03_CPU1,,,1376,,,,,,,,,,,,
g2,FUSE_X_FUSEREAD_K_BEGINCPUPKG_X_X_X_X_VLD_UV_03_CPU1.connectivity.R2,,,,PARTIAL,,,,,,,,,,,,,,,,,,,Return 2,,,1381,,,,,,,,,,,,
g2,FUSE_X_FUSEREAD_K_BEGINCPUPKG_X_X_X_X_VLD_UV_03_CPU1.connectivity.R3,,,,PARTIAL,,,,,,,,,,,,,,,,,,,Return 0,,,1386,,,,,,,,,,,,
g2,FUSE_X_FUSEREAD_K_BEGINCPUPKG_X_X_X_X_VLD_UV_03_CPU1.connectivity.R4,,,,PARTIAL,,,,,,,,,,,,,,,,,,,Return 2,,,1393,,,,,,,,,,,,
g2,FUSE_X_FUSEREAD_K_BEGINCPUPKG_X_X_X_X_VLD_UV_03_CPU1.param.Patlist,,,,PARTIAL,,,,,,,,,,,,,,,,,,,cpu_fuse_hvm_vld_vbump,,,271,,,,,,,,,,,,
g2,FUSE_X_FUSEREAD_K_BEGINCPUPKG_X_X_X_X_VLD_UV_03_CPU1.param.LevelsTc,,,,PARTIAL,,,,,,,,,,,,,,,,,,,BASE::cpu_all_bf_x_x_pkg_lvl_nom,,,272,,,,,,,,,,,,
g2,FUSE_X_FUSEREAD_K_BEGINCPUPKG_X_X_X_X_VLD_UV_03_CPU1.param.TimingsTc,,,,PARTIAL,,,,,,,,,,,,,,,,,,,BASE::pkg_cpu_fun_timing_mts100_tstprtclk50_tck100,,,273,,,,,,,,,,,,
g2,FUSE_X_FUSEREAD_K_BEGINCPUPKG_X_X_X_X_VLD_UV_03_CPU1.param.ConfigName,,,,PARTIAL,,,,,,,,,,,,,,,,,,,VLDReadFlow,,,275,,,,,,,,,,,,
g2,FUSE_X_FUSEREAD_K_BEGINCPUPKG_X_X_X_X_VLD_UV_03_CPU1.param.ConfigurationFile,,,,PARTIAL,,,,,,,,,,,,,,,,,,,"__shared__::TpRule.If_CLASS_NVL_S52C(""./InputFiles/VLD_C2X.fuseread.json"",""./InputFiles/VLD_C1X.fuseread.json"")",,,276,,,,,,,,,,,,
g2,FUSE_X_FUSEREAD_K_BEGINCPUPKG_X_X_X_X_VLD_UV_03_CPU1.param.FailingMaskName,,,,PARTIAL,,,,,,,,,,,,,,,,,,,"Short_VLD,Open_VLD",,,277,,,,,,,,,,,,
g2,FUSE_X_FUSEREAD_K_BEGINCPUPKG_X_X_X_X_VLD_UV_03_CPU1.param.FuseGroupToDatalog,,,,OK,,,,,,,,,,,,,,,,,,,,,,278,,,,,,,,,,,,
g2,FUSE_X_FUSEREAD_K_BEGINCPUPKG_X_X_X_X_VLD_UV_03_CPU1.param.PassingMaskName,,,,PARTIAL,,,,,,,,,,,,,,,,,,,Undervolt_VLD,,,279,,,,,,,,,,,,
g2,FUSE_X_FUSEREAD_K_BEGINCPUPKG_X_X_X_X_VLD_UV_03_CPU1.param.RegisterName,,,,PARTIAL,,,,,,,,,,,,,,,,,,,"__shared__::TpRule.If_CLASS_NVL_S52C(""CPU0_VLD,CPU1_VLD"",""CPU0_VLD"")",,,280,,,,,,,,,,,,
g2,FUSE_X_FUSEREAD_K_BEGINCPUPKG_X_X_X_X_VLD_UV_03_CPU1.param.VoltageFile,,,,PARTIAL,,,,,,,,,,,,,,,,,,,./InputFiles/VLD_UV.fuseReadVoltageFile.json,,,281,,,,,,,,,,,,
g2,FUSE_X_X_K_BEGINCPUPKG_X_X_X_X_VLD_SETSHAREDSTORAGE03_CPU1,,,,PARTIAL,,,,,,,,,,,,,,,,,,,FUSE_X_X_K_BEGINCPUPKG_X_X_X_X_VLD_SETSHAREDSTORAGE03_CPU1,,,1400,,,,,,,,,,,,
g2,FUSE_X_X_K_BEGINCPUPKG_X_X_X_X_VLD_SETSHAREDSTORAGE03_CPU1.edc,,,,PARTIAL,,,,,,,,,,,,,,,,,,,KILL,,,1400,,,,,,,,,,,,
g2,FUSE_X_X_K_BEGINCPUPKG_X_X_X_X_VLD_SETSHAREDSTORAGE03_CPU1.connectivity.R-2,,,,PARTIAL,,,,,,,,,,,,,,,,,,,Return -2,,,1402,,,,,,,,,,,,
g2,FUSE_X_X_K_BEGINCPUPKG_X_X_X_X_VLD_SETSHAREDSTORAGE03_CPU1.connectivity.R-1,,,,PARTIAL,,,,,,,,,,,,,,,,,,,Return -1,,,1408,,,,,,,,,,,,
g2,FUSE_X_X_K_BEGINCPUPKG_X_X_X_X_VLD_SETSHAREDSTORAGE03_CPU1.connectivity.R0,,,,PARTIAL,,,,,,,,,,,,,,,,,,,Return 0,,,1414,,,,,,,,,,,,
g2,FUSE_X_X_K_BEGINCPUPKG_X_X_X_X_VLD_SETSHAREDSTORAGE03_CPU1.connectivity.R1,,,,PARTIAL,,,,,,,,,,,,,,,,,,,Return 1,,,1421,,,,,,,,,,,,
g2,FUSE_X_X_K_BEGINCPUPKG_X_X_X_X_VLD_SETSHAREDSTORAGE03_CPU1.param.Path,,,,PARTIAL,,,,,,,,,,,,,,,,,,,./InputFiles/VLD_SharedStorage_03.json,,,287,,,,,,,,,,,,
g3,<flow>,,,,DIFF,,,,OV_0<s0>_CPU1,,,,,,,,,,,,,,,,,,,,,,OV_07_CPU1,OV_08_CPU1,OV_09_CPU1,1942,1837,1732,s0=7,s0=8,s0=9
g3,FUSE_X_FUSECONFIG_K_BEGINCPUPKG_X_X_X_X_VLD_07_OV_CPU1,,,,PARTIAL,,,,,,,,,,,,,,,,,,,,,,,,,,FUSE_X_FUSECONFIG_K_BEGINCPUPKG_X_X_X_X_VLD_07_OV_CPU1,,,1942,,,,,
g3,FUSE_X_FUSECONFIG_K_BEGINCPUPKG_X_X_X_X_VLD_07_OV_CPU1.edc,,,,PARTIAL,,,,,,,,,,,,,,,,,,,,,,,,,,KILL,,,1942,,,,,
g3,FUSE_X_FUSECONFIG_K_BEGINCPUPKG_X_X_X_X_VLD_07_OV_CPU1.connectivity.R-2,,,,PARTIAL,,,,,,,,,,,,,,,,,,,,,,,,,,Return -2,,,1944,,,,,
g3,FUSE_X_FUSECONFIG_K_BEGINCPUPKG_X_X_X_X_VLD_07_OV_CPU1.connectivity.R-1,,,,PARTIAL,,,,,,,,,,,,,,,,,,,,,,,,,,Return -1,,,1950,,,,,
g3,FUSE_X_FUSECONFIG_K_BEGINCPUPKG_X_X_X_X_VLD_07_OV_CPU1.connectivity.R0,,,,PARTIAL,,,,,,,,,,,,,,,,,,,,,,,,,,Return 0,,,1956,,,,,
g3,FUSE_X_FUSECONFIG_K_BEGINCPUPKG_X_X_X_X_VLD_07_OV_CPU1.connectivity.R1,,,,PARTIAL,,,,,,,,,,,,,,,,,,,,,,,,,,GoTo FUSE_X_FUSEREAD_K_BEGINCPUPKG_X_X_X_X_VLD_OV_07_CPU1,,,1963,,,,,
g3,FUSE_X_FUSECONFIG_K_BEGINCPUPKG_X_X_X_X_VLD_07_OV_CPU1.param.ConfigurationFile,,,,PARTIAL,,,,,,,,,,,,,,,,,,,,,,,,,,"__shared__::TpRule.If_CLASS_NVL_S52C(""./InputFiles/VLD_C2X.setpoints.json"",""./InputFiles/VLD_C1X.setpoints.json"")",,,405,,,,,
g3,FUSE_X_FUSECONFIG_K_BEGINCPUPKG_X_X_X_X_VLD_07_OV_CPU1.param.SetPoint,,,,PARTIAL,,,,,,,,,,,,,,,,,,,,,,,,,,CXX_Overvolt07,,,406,,,,,
g3,FUSE_X_FUSEREAD_K_BEGINCPUPKG_X_X_X_X_VLD_OV_07_CPU1,,,,PARTIAL,,,,,,,,,,,,,,,,,,,,,,,,,,FUSE_X_FUSEREAD_K_BEGINCPUPKG_X_X_X_X_VLD_OV_07_CPU1,,,1970,,,,,
g3,FUSE_X_FUSEREAD_K_BEGINCPUPKG_X_X_X_X_VLD_OV_07_CPU1.edc,,,,PARTIAL,,,,,,,,,,,,,,,,,,,,,,,,,,KILL,,,1970,,,,,
g3,FUSE_X_FUSEREAD_K_BEGINCPUPKG_X_X_X_X_VLD_OV_07_CPU1.connectivity.R-2,,,,PARTIAL,,,,,,,,,,,,,,,,,,,,,,,,,,Return -2,,,1972,,,,,
g3,FUSE_X_FUSEREAD_K_BEGINCPUPKG_X_X_X_X_VLD_OV_07_CPU1.connectivity.R-1,,,,PARTIAL,,,,,,,,,,,,,,,,,,,,,,,,,,Return -1,,,1978,,,,,
g3,FUSE_X_FUSEREAD_K_BEGINCPUPKG_X_X_X_X_VLD_OV_07_CPU1.connectivity.R0,,,,PARTIAL,,,,,,,,,,,,,,,,,,,,,,,,,,Return 0,,,1984,,,,,
g3,FUSE_X_FUSEREAD_K_BEGINCPUPKG_X_X_X_X_VLD_OV_07_CPU1.connectivity.R1,,,,PARTIAL,,,,,,,,,,,,,,,,,,,,,,,,,,GoTo FUSE_X_X_K_BEGINCPUPKG_X_X_X_X_OVLD_SETSHAREDSTORAGE07_CPU1,,,1991,,,,,
g3,FUSE_X_FUSEREAD_K_BEGINCPUPKG_X_X_X_X_VLD_OV_07_CPU1.connectivity.R2,,,,PARTIAL,,,,,,,,,,,,,,,,,,,,,,,,,,Return 0,,,1996,,,,,
g3,FUSE_X_FUSEREAD_K_BEGINCPUPKG_X_X_X_X_VLD_OV_07_CPU1.connectivity.R3,,,,PARTIAL,,,,,,,,,,,,,,,,,,,,,,,,,,Return 0,,,2003,,,,,
g3,FUSE_X_FUSEREAD_K_BEGINCPUPKG_X_X_X_X_VLD_OV_07_CPU1.connectivity.R4,,,,PARTIAL,,,,,,,,,,,,,,,,,,,,,,,,,,Return 0,,,2010,,,,,
g3,FUSE_X_FUSEREAD_K_BEGINCPUPKG_X_X_X_X_VLD_OV_07_CPU1.param.Patlist,,,,PARTIAL,,,,,,,,,,,,,,,,,,,,,,,,,,cpu_fuse_hvm_vld_vbump,,,411,,,,,
g3,FUSE_X_FUSEREAD_K_BEGINCPUPKG_X_X_X_X_VLD_OV_07_CPU1.param.LevelsTc,,,,PARTIAL,,,,,,,,,,,,,,,,,,,,,,,,,,BASE::cpu_all_bf_x_x_pkg_lvl_nom,,,412,,,,,
g3,FUSE_X_FUSEREAD_K_BEGINCPUPKG_X_X_X_X_VLD_OV_07_CPU1.param.TimingsTc,,,,PARTIAL,,,,,,,,,,,,,,,,,,,,,,,,,,BASE::pkg_cpu_fun_timing_mts100_tstprtclk50_tck100,,,413,,,,,
g3,FUSE_X_FUSEREAD_K_BEGINCPUPKG_X_X_X_X_VLD_OV_07_CPU1.param.ConfigName,,,,PARTIAL,,,,,,,,,,,,,,,,,,,,,,,,,,VLDReadFlow,,,415,,,,,
g3,FUSE_X_FUSEREAD_K_BEGINCPUPKG_X_X_X_X_VLD_OV_07_CPU1.param.ConfigurationFile,,,,PARTIAL,,,,,,,,,,,,,,,,,,,,,,,,,,"__shared__::TpRule.If_CLASS_NVL_S52C(""./InputFiles/VLD_C2X.fuseread.json"",""./InputFiles/VLD_C1X.fuseread.json"")",,,416,,,,,
g3,FUSE_X_FUSEREAD_K_BEGINCPUPKG_X_X_X_X_VLD_OV_07_CPU1.param.FailingMaskName,,,,PARTIAL,,,,,,,,,,,,,,,,,,,,,,,,,,"Short_VLD,Open_VLD",,,417,,,,,
g3,FUSE_X_FUSEREAD_K_BEGINCPUPKG_X_X_X_X_VLD_OV_07_CPU1.param.FuseGroupToDatalog,,,,OK,,,,,,,,,,,,,,,,,,,,,,,,,,,,,418,,,,,
g3,FUSE_X_FUSEREAD_K_BEGINCPUPKG_X_X_X_X_VLD_OV_07_CPU1.param.PassingMaskName,,,,PARTIAL,,,,,,,,,,,,,,,,,,,,,,,,,,Overvolt_VLD,,,419,,,,,
g3,FUSE_X_FUSEREAD_K_BEGINCPUPKG_X_X_X_X_VLD_OV_07_CPU1.param.RegisterName,,,,PARTIAL,,,,,,,,,,,,,,,,,,,,,,,,,,"__shared__::TpRule.If_CLASS_NVL_S52C(""CPU0_VLD,CPU1_VLD"",""CPU0_VLD"")",,,420,,,,,
g3,FUSE_X_FUSEREAD_K_BEGINCPUPKG_X_X_X_X_VLD_OV_07_CPU1.param.VoltageFile,,,,PARTIAL,,,,,,,,,,,,,,,,,,,,,,,,,,./InputFiles/VLD_OV.fuseReadVoltageFile.json,,,421,,,,,
g3,FUSE_X_X_K_BEGINCPUPKG_X_X_X_X_OVLD_SETSHAREDSTORAGE07_CPU1,,,,PARTIAL,,,,,,,,,,,,,,,,,,,,,,,,,,FUSE_X_X_K_BEGINCPUPKG_X_X_X_X_OVLD_SETSHAREDSTORAGE07_CPU1,,,2019,,,,,
g3,FUSE_X_X_K_BEGINCPUPKG_X_X_X_X_OVLD_SETSHAREDSTORAGE07_CPU1.edc,,,,PARTIAL,,,,,,,,,,,,,,,,,,,,,,,,,,KILL,,,2019,,,,,
g3,FUSE_X_X_K_BEGINCPUPKG_X_X_X_X_OVLD_SETSHAREDSTORAGE07_CPU1.connectivity.R-2,,,,PARTIAL,,,,,,,,,,,,,,,,,,,,,,,,,,Return -2,,,2021,,,,,
g3,FUSE_X_X_K_BEGINCPUPKG_X_X_X_X_OVLD_SETSHAREDSTORAGE07_CPU1.connectivity.R-1,,,,PARTIAL,,,,,,,,,,,,,,,,,,,,,,,,,,Return -1,,,2027,,,,,
g3,FUSE_X_X_K_BEGINCPUPKG_X_X_X_X_OVLD_SETSHAREDSTORAGE07_CPU1.connectivity.R0,,,,PARTIAL,,,,,,,,,,,,,,,,,,,,,,,,,,Return 0,,,2033,,,,,
g3,FUSE_X_X_K_BEGINCPUPKG_X_X_X_X_OVLD_SETSHAREDSTORAGE07_CPU1.connectivity.R1,,,,PARTIAL,,,,,,,,,,,,,,,,,,,,,,,,,,Return 1,,,2040,,,,,
g3,FUSE_X_X_K_BEGINCPUPKG_X_X_X_X_OVLD_SETSHAREDSTORAGE07_CPU1.param.Path,,,,PARTIAL,,,,,,,,,,,,,,,,,,,,,,,,,,./InputFiles/VLD_SharedStorage_07.json,,,427,,,,,
g3,FUSE_X_FUSECONFIG_K_BEGINCPUPKG_X_X_X_X_VLD_08_OV_CPU1,,,,PARTIAL,,,,,,,,,,,,,,,,,,,,,,,,,,,FUSE_X_FUSECONFIG_K_BEGINCPUPKG_X_X_X_X_VLD_08_OV_CPU1,,,1837,,,,
g3,FUSE_X_FUSECONFIG_K_BEGINCPUPKG_X_X_X_X_VLD_08_OV_CPU1.edc,,,,PARTIAL,,,,,,,,,,,,,,,,,,,,,,,,,,,KILL,,,1837,,,,
g3,FUSE_X_FUSECONFIG_K_BEGINCPUPKG_X_X_X_X_VLD_08_OV_CPU1.connectivity.R-2,,,,PARTIAL,,,,,,,,,,,,,,,,,,,,,,,,,,,Return -2,,,1839,,,,
g3,FUSE_X_FUSECONFIG_K_BEGINCPUPKG_X_X_X_X_VLD_08_OV_CPU1.connectivity.R-1,,,,PARTIAL,,,,,,,,,,,,,,,,,,,,,,,,,,,Return -1,,,1845,,,,
g3,FUSE_X_FUSECONFIG_K_BEGINCPUPKG_X_X_X_X_VLD_08_OV_CPU1.connectivity.R0,,,,PARTIAL,,,,,,,,,,,,,,,,,,,,,,,,,,,Return 0,,,1851,,,,
g3,FUSE_X_FUSECONFIG_K_BEGINCPUPKG_X_X_X_X_VLD_08_OV_CPU1.connectivity.R1,,,,PARTIAL,,,,,,,,,,,,,,,,,,,,,,,,,,,GoTo FUSE_X_FUSEREAD_K_BEGINCPUPKG_X_X_X_X_VLD_OV_08_CPU1,,,1858,,,,
g3,FUSE_X_FUSECONFIG_K_BEGINCPUPKG_X_X_X_X_VLD_08_OV_CPU1.param.ConfigurationFile,,,,PARTIAL,,,,,,,,,,,,,,,,,,,,,,,,,,,"__shared__::TpRule.If_CLASS_NVL_S52C(""./InputFiles/VLD_C2X.setpoints.json"",""./InputFiles/VLD_C1X.setpoints.json"")",,,377,,,,
g3,FUSE_X_FUSECONFIG_K_BEGINCPUPKG_X_X_X_X_VLD_08_OV_CPU1.param.SetPoint,,,,PARTIAL,,,,,,,,,,,,,,,,,,,,,,,,,,,CXX_Overvolt08,,,378,,,,
g3,FUSE_X_FUSEREAD_K_BEGINCPUPKG_X_X_X_X_VLD_OV_08_CPU1,,,,PARTIAL,,,,,,,,,,,,,,,,,,,,,,,,,,,FUSE_X_FUSEREAD_K_BEGINCPUPKG_X_X_X_X_VLD_OV_08_CPU1,,,1865,,,,
g3,FUSE_X_FUSEREAD_K_BEGINCPUPKG_X_X_X_X_VLD_OV_08_CPU1.edc,,,,PARTIAL,,,,,,,,,,,,,,,,,,,,,,,,,,,KILL,,,1865,,,,
g3,FUSE_X_FUSEREAD_K_BEGINCPUPKG_X_X_X_X_VLD_OV_08_CPU1.connectivity.R-2,,,,PARTIAL,,,,,,,,,,,,,,,,,,,,,,,,,,,Return -2,,,1867,,,,
g3,FUSE_X_FUSEREAD_K_BEGINCPUPKG_X_X_X_X_VLD_OV_08_CPU1.connectivity.R-1,,,,PARTIAL,,,,,,,,,,,,,,,,,,,,,,,,,,,Return -1,,,1873,,,,
g3,FUSE_X_FUSEREAD_K_BEGINCPUPKG_X_X_X_X_VLD_OV_08_CPU1.connectivity.R0,,,,PARTIAL,,,,,,,,,,,,,,,,,,,,,,,,,,,Return 0,,,1879,,,,
g3,FUSE_X_FUSEREAD_K_BEGINCPUPKG_X_X_X_X_VLD_OV_08_CPU1.connectivity.R1,,,,PARTIAL,,,,,,,,,,,,,,,,,,,,,,,,,,,GoTo FUSE_X_X_K_BEGINCPUPKG_X_X_X_X_OVLD_SETSHAREDSTORAGE08_CPU1,,,1886,,,,
g3,FUSE_X_FUSEREAD_K_BEGINCPUPKG_X_X_X_X_VLD_OV_08_CPU1.connectivity.R2,,,,PARTIAL,,,,,,,,,,,,,,,,,,,,,,,,,,,Return 0,,,1891,,,,
g3,FUSE_X_FUSEREAD_K_BEGINCPUPKG_X_X_X_X_VLD_OV_08_CPU1.connectivity.R3,,,,PARTIAL,,,,,,,,,,,,,,,,,,,,,,,,,,,Return 2,,,1898,,,,
g3,FUSE_X_FUSEREAD_K_BEGINCPUPKG_X_X_X_X_VLD_OV_08_CPU1.connectivity.R4,,,,PARTIAL,,,,,,,,,,,,,,,,,,,,,,,,,,,Return 2,,,1903,,,,
g3,FUSE_X_FUSEREAD_K_BEGINCPUPKG_X_X_X_X_VLD_OV_08_CPU1.param.Patlist,,,,PARTIAL,,,,,,,,,,,,,,,,,,,,,,,,,,,cpu_fuse_hvm_vld_vbump,,,383,,,,
g3,FUSE_X_FUSEREAD_K_BEGINCPUPKG_X_X_X_X_VLD_OV_08_CPU1.param.LevelsTc,,,,PARTIAL,,,,,,,,,,,,,,,,,,,,,,,,,,,BASE::cpu_all_bf_x_x_pkg_lvl_nom,,,384,,,,
g3,FUSE_X_FUSEREAD_K_BEGINCPUPKG_X_X_X_X_VLD_OV_08_CPU1.param.TimingsTc,,,,PARTIAL,,,,,,,,,,,,,,,,,,,,,,,,,,,BASE::pkg_cpu_fun_timing_mts100_tstprtclk50_tck100,,,385,,,,
g3,FUSE_X_FUSEREAD_K_BEGINCPUPKG_X_X_X_X_VLD_OV_08_CPU1.param.ConfigName,,,,PARTIAL,,,,,,,,,,,,,,,,,,,,,,,,,,,VLDReadFlow,,,387,,,,
g3,FUSE_X_FUSEREAD_K_BEGINCPUPKG_X_X_X_X_VLD_OV_08_CPU1.param.ConfigurationFile,,,,PARTIAL,,,,,,,,,,,,,,,,,,,,,,,,,,,"__shared__::TpRule.If_CLASS_NVL_S52C(""./InputFiles/VLD_C2X.fuseread.json"",""./InputFiles/VLD_C1X.fuseread.json"")",,,388,,,,
g3,FUSE_X_FUSEREAD_K_BEGINCPUPKG_X_X_X_X_VLD_OV_08_CPU1.param.FailingMaskName,,,,PARTIAL,,,,,,,,,,,,,,,,,,,,,,,,,,,"Short_VLD,Open_VLD",,,389,,,,
g3,FUSE_X_FUSEREAD_K_BEGINCPUPKG_X_X_X_X_VLD_OV_08_CPU1.param.FuseGroupToDatalog,,,,OK,,,,,,,,,,,,,,,,,,,,,,,,,,,,,,390,,,,
g3,FUSE_X_FUSEREAD_K_BEGINCPUPKG_X_X_X_X_VLD_OV_08_CPU1.param.PassingMaskName,,,,PARTIAL,,,,,,,,,,,,,,,,,,,,,,,,,,,Overvolt_VLD,,,391,,,,
g3,FUSE_X_FUSEREAD_K_BEGINCPUPKG_X_X_X_X_VLD_OV_08_CPU1.param.RegisterName,,,,PARTIAL,,,,,,,,,,,,,,,,,,,,,,,,,,,"__shared__::TpRule.If_CLASS_NVL_S52C(""CPU0_VLD,CPU1_VLD"",""CPU0_VLD"")",,,392,,,,
g3,FUSE_X_FUSEREAD_K_BEGINCPUPKG_X_X_X_X_VLD_OV_08_CPU1.param.VoltageFile,,,,PARTIAL,,,,,,,,,,,,,,,,,,,,,,,,,,,./InputFiles/VLD_OV.fuseReadVoltageFile.json,,,393,,,,
g3,FUSE_X_X_K_BEGINCPUPKG_X_X_X_X_OVLD_SETSHAREDSTORAGE08_CPU1,,,,PARTIAL,,,,,,,,,,,,,,,,,,,,,,,,,,,FUSE_X_X_K_BEGINCPUPKG_X_X_X_X_OVLD_SETSHAREDSTORAGE08_CPU1,,,1910,,,,
g3,FUSE_X_X_K_BEGINCPUPKG_X_X_X_X_OVLD_SETSHAREDSTORAGE08_CPU1.edc,,,,PARTIAL,,,,,,,,,,,,,,,,,,,,,,,,,,,KILL,,,1910,,,,
g3,FUSE_X_X_K_BEGINCPUPKG_X_X_X_X_OVLD_SETSHAREDSTORAGE08_CPU1.connectivity.R-2,,,,PARTIAL,,,,,,,,,,,,,,,,,,,,,,,,,,,Return -2,,,1912,,,,
g3,FUSE_X_X_K_BEGINCPUPKG_X_X_X_X_OVLD_SETSHAREDSTORAGE08_CPU1.connectivity.R-1,,,,PARTIAL,,,,,,,,,,,,,,,,,,,,,,,,,,,Return -1,,,1918,,,,
g3,FUSE_X_X_K_BEGINCPUPKG_X_X_X_X_OVLD_SETSHAREDSTORAGE08_CPU1.connectivity.R0,,,,PARTIAL,,,,,,,,,,,,,,,,,,,,,,,,,,,Return 0,,,1924,,,,
g3,FUSE_X_X_K_BEGINCPUPKG_X_X_X_X_OVLD_SETSHAREDSTORAGE08_CPU1.connectivity.R1,,,,PARTIAL,,,,,,,,,,,,,,,,,,,,,,,,,,,Return 1,,,1931,,,,
g3,FUSE_X_X_K_BEGINCPUPKG_X_X_X_X_OVLD_SETSHAREDSTORAGE08_CPU1.param.Path,,,,PARTIAL,,,,,,,,,,,,,,,,,,,,,,,,,,,./InputFiles/VLD_SharedStorage_08.json,,,399,,,,
g3,FUSE_X_FUSECONFIG_K_BEGINCPUPKG_X_X_X_X_VLD_09_OV_CPU1,,,,PARTIAL,,,,,,,,,,,,,,,,,,,,,,,,,,,,FUSE_X_FUSECONFIG_K_BEGINCPUPKG_X_X_X_X_VLD_09_OV_CPU1,,,1732,,,
g3,FUSE_X_FUSECONFIG_K_BEGINCPUPKG_X_X_X_X_VLD_09_OV_CPU1.edc,,,,PARTIAL,,,,,,,,,,,,,,,,,,,,,,,,,,,,KILL,,,1732,,,
g3,FUSE_X_FUSECONFIG_K_BEGINCPUPKG_X_X_X_X_VLD_09_OV_CPU1.connectivity.R-2,,,,PARTIAL,,,,,,,,,,,,,,,,,,,,,,,,,,,,Return -2,,,1734,,,
g3,FUSE_X_FUSECONFIG_K_BEGINCPUPKG_X_X_X_X_VLD_09_OV_CPU1.connectivity.R-1,,,,PARTIAL,,,,,,,,,,,,,,,,,,,,,,,,,,,,Return -1,,,1740,,,
g3,FUSE_X_FUSECONFIG_K_BEGINCPUPKG_X_X_X_X_VLD_09_OV_CPU1.connectivity.R0,,,,PARTIAL,,,,,,,,,,,,,,,,,,,,,,,,,,,,Return 0,,,1746,,,
g3,FUSE_X_FUSECONFIG_K_BEGINCPUPKG_X_X_X_X_VLD_09_OV_CPU1.connectivity.R1,,,,PARTIAL,,,,,,,,,,,,,,,,,,,,,,,,,,,,GoTo FUSE_X_FUSEREAD_K_BEGINCPUPKG_X_X_X_X_VLD_OV_09_CPU1,,,1753,,,
g3,FUSE_X_FUSECONFIG_K_BEGINCPUPKG_X_X_X_X_VLD_09_OV_CPU1.param.ConfigurationFile,,,,PARTIAL,,,,,,,,,,,,,,,,,,,,,,,,,,,,"__shared__::TpRule.If_CLASS_NVL_S52C(""./InputFiles/VLD_C2X.setpoints.json"",""./InputFiles/VLD_C1X.setpoints.json"")",,,349,,,
g3,FUSE_X_FUSECONFIG_K_BEGINCPUPKG_X_X_X_X_VLD_09_OV_CPU1.param.SetPoint,,,,PARTIAL,,,,,,,,,,,,,,,,,,,,,,,,,,,,CXX_Overvolt09,,,350,,,
g3,FUSE_X_FUSEREAD_K_BEGINCPUPKG_X_X_X_X_VLD_OV_09_CPU1,,,,PARTIAL,,,,,,,,,,,,,,,,,,,,,,,,,,,,FUSE_X_FUSEREAD_K_BEGINCPUPKG_X_X_X_X_VLD_OV_09_CPU1,,,1760,,,
g3,FUSE_X_FUSEREAD_K_BEGINCPUPKG_X_X_X_X_VLD_OV_09_CPU1.edc,,,,PARTIAL,,,,,,,,,,,,,,,,,,,,,,,,,,,,KILL,,,1760,,,
g3,FUSE_X_FUSEREAD_K_BEGINCPUPKG_X_X_X_X_VLD_OV_09_CPU1.connectivity.R-2,,,,PARTIAL,,,,,,,,,,,,,,,,,,,,,,,,,,,,Return -2,,,1762,,,
g3,FUSE_X_FUSEREAD_K_BEGINCPUPKG_X_X_X_X_VLD_OV_09_CPU1.connectivity.R-1,,,,PARTIAL,,,,,,,,,,,,,,,,,,,,,,,,,,,,Return -1,,,1768,,,
g3,FUSE_X_FUSEREAD_K_BEGINCPUPKG_X_X_X_X_VLD_OV_09_CPU1.connectivity.R0,,,,PARTIAL,,,,,,,,,,,,,,,,,,,,,,,,,,,,Return 0,,,1774,,,
g3,FUSE_X_FUSEREAD_K_BEGINCPUPKG_X_X_X_X_VLD_OV_09_CPU1.connectivity.R1,,,,PARTIAL,,,,,,,,,,,,,,,,,,,,,,,,,,,,GoTo FUSE_X_X_K_BEGINCPUPKG_X_X_X_X_OVLD_SETSHAREDSTORAGE09_CPU1,,,1781,,,
g3,FUSE_X_FUSEREAD_K_BEGINCPUPKG_X_X_X_X_VLD_OV_09_CPU1.connectivity.R2,,,,PARTIAL,,,,,,,,,,,,,,,,,,,,,,,,,,,,Return 0,,,1786,,,
g3,FUSE_X_FUSEREAD_K_BEGINCPUPKG_X_X_X_X_VLD_OV_09_CPU1.connectivity.R3,,,,PARTIAL,,,,,,,,,,,,,,,,,,,,,,,,,,,,Return 2,,,1793,,,
g3,FUSE_X_FUSEREAD_K_BEGINCPUPKG_X_X_X_X_VLD_OV_09_CPU1.connectivity.R4,,,,PARTIAL,,,,,,,,,,,,,,,,,,,,,,,,,,,,Return 2,,,1798,,,
g3,FUSE_X_FUSEREAD_K_BEGINCPUPKG_X_X_X_X_VLD_OV_09_CPU1.param.Patlist,,,,PARTIAL,,,,,,,,,,,,,,,,,,,,,,,,,,,,cpu_fuse_hvm_vld_vbump,,,355,,,
g3,FUSE_X_FUSEREAD_K_BEGINCPUPKG_X_X_X_X_VLD_OV_09_CPU1.param.LevelsTc,,,,PARTIAL,,,,,,,,,,,,,,,,,,,,,,,,,,,,BASE::cpu_all_bf_x_x_pkg_lvl_nom,,,356,,,
g3,FUSE_X_FUSEREAD_K_BEGINCPUPKG_X_X_X_X_VLD_OV_09_CPU1.param.TimingsTc,,,,PARTIAL,,,,,,,,,,,,,,,,,,,,,,,,,,,,BASE::pkg_cpu_fun_timing_mts100_tstprtclk50_tck100,,,357,,,
g3,FUSE_X_FUSEREAD_K_BEGINCPUPKG_X_X_X_X_VLD_OV_09_CPU1.param.ConfigName,,,,PARTIAL,,,,,,,,,,,,,,,,,,,,,,,,,,,,VLDReadFlow,,,359,,,
g3,FUSE_X_FUSEREAD_K_BEGINCPUPKG_X_X_X_X_VLD_OV_09_CPU1.param.ConfigurationFile,,,,PARTIAL,,,,,,,,,,,,,,,,,,,,,,,,,,,,"__shared__::TpRule.If_CLASS_NVL_S52C(""./InputFiles/VLD_C2X.fuseread.json"",""./InputFiles/VLD_C1X.fuseread.json"")",,,360,,,
g3,FUSE_X_FUSEREAD_K_BEGINCPUPKG_X_X_X_X_VLD_OV_09_CPU1.param.FailingMaskName,,,,PARTIAL,,,,,,,,,,,,,,,,,,,,,,,,,,,,"Short_VLD,Open_VLD",,,361,,,
g3,FUSE_X_FUSEREAD_K_BEGINCPUPKG_X_X_X_X_VLD_OV_09_CPU1.param.FuseGroupToDatalog,,,,OK,,,,,,,,,,,,,,,,,,,,,,,,,,,,,,,362,,,
g3,FUSE_X_FUSEREAD_K_BEGINCPUPKG_X_X_X_X_VLD_OV_09_CPU1.param.PassingMaskName,,,,PARTIAL,,,,,,,,,,,,,,,,,,,,,,,,,,,,Overvolt_VLD,,,363,,,
g3,FUSE_X_FUSEREAD_K_BEGINCPUPKG_X_X_X_X_VLD_OV_09_CPU1.param.RegisterName,,,,PARTIAL,,,,,,,,,,,,,,,,,,,,,,,,,,,,"__shared__::TpRule.If_CLASS_NVL_S52C(""CPU0_VLD,CPU1_VLD"",""CPU0_VLD"")",,,364,,,
g3,FUSE_X_FUSEREAD_K_BEGINCPUPKG_X_X_X_X_VLD_OV_09_CPU1.param.VoltageFile,,,,PARTIAL,,,,,,,,,,,,,,,,,,,,,,,,,,,,./InputFiles/VLD_OV.fuseReadVoltageFile.json,,,365,,,
g3,FUSE_X_X_K_BEGINCPUPKG_X_X_X_X_OVLD_SETSHAREDSTORAGE09_CPU1,,,,PARTIAL,,,,,,,,,,,,,,,,,,,,,,,,,,,,FUSE_X_X_K_BEGINCPUPKG_X_X_X_X_OVLD_SETSHAREDSTORAGE09_CPU1,,,1805,,,
g3,FUSE_X_X_K_BEGINCPUPKG_X_X_X_X_OVLD_SETSHAREDSTORAGE09_CPU1.edc,,,,PARTIAL,,,,,,,,,,,,,,,,,,,,,,,,,,,,KILL,,,1805,,,
g3,FUSE_X_X_K_BEGINCPUPKG_X_X_X_X_OVLD_SETSHAREDSTORAGE09_CPU1.connectivity.R-2,,,,PARTIAL,,,,,,,,,,,,,,,,,,,,,,,,,,,,Return -2,,,1807,,,
g3,FUSE_X_X_K_BEGINCPUPKG_X_X_X_X_OVLD_SETSHAREDSTORAGE09_CPU1.connectivity.R-1,,,,PARTIAL,,,,,,,,,,,,,,,,,,,,,,,,,,,,Return -1,,,1813,,,
g3,FUSE_X_X_K_BEGINCPUPKG_X_X_X_X_OVLD_SETSHAREDSTORAGE09_CPU1.connectivity.R0,,,,PARTIAL,,,,,,,,,,,,,,,,,,,,,,,,,,,,Return 0,,,1819,,,
g3,FUSE_X_X_K_BEGINCPUPKG_X_X_X_X_OVLD_SETSHAREDSTORAGE09_CPU1.connectivity.R1,,,,PARTIAL,,,,,,,,,,,,,,,,,,,,,,,,,,,,Return 1,,,1826,,,
g3,FUSE_X_X_K_BEGINCPUPKG_X_X_X_X_OVLD_SETSHAREDSTORAGE09_CPU1.param.Path,,,,PARTIAL,,,,,,,,,,,,,,,,,,,,,,,,,,,,./InputFiles/VLD_SharedStorage_09.json,,,371,,,
