Pin,IP,Sequence,Subsequence,Field,Size,LowLimit,HighLimit,ExpectedData,Equation,ItuffToken,ExitPort,Base,StorageToken
CPU_TDO,BGR,TRIM_CODE_GROUP_10,CODE_0,TRIM_CODE,8,-,-,-,-,TCSWEEP_0_10,-,-,I:DUT.BGDEFTEMPCO_BGTRIMCODE_H_0_10
CPU_TDO,BGR,TRIM_CODE_GROUP_10,CODE_0,DONE,1,-,-,-,-,TCSWEEP_0_10,-,-,
CPU_TDO,BGR,TRIM_CODE_GROUP_10,CODE_0,ERROR,1,-,-,-,-,TCSWEEP_0_10,-,-,
CPU_TDO,BGR,TRIM_CODE_GROUP_10,CODE_1,TRIM_CODE,8,-,-,-,-,TCSWEEP_1_10,-,-,I:DUT.BGDEFTEMPCO_BGTRIMCODE_H_1_10
CPU_TDO,BGR,TRIM_CODE_GROUP_10,CODE_1,DONE,1,-,-,-,-,TCSWEEP_1_10,-,-,
CPU_TDO,BGR,TRIM_CODE_GROUP_10,CODE_1,ERROR,1,-,-,-,-,TCSWEEP_1_10,-,-,
CPU_TDO,BGR,TRIM_CODE_GROUP_10,CODE_2,TRIM_CODE,8,-,-,-,-,TCSWEEP_2_10,-,-,I:DUT.BGDEFTEMPCO_BGTRIMCODE_H_2_10
CPU_TDO,BGR,TRIM_CODE_GROUP_10,CODE_2,DONE,1,-,-,-,-,TCSWEEP_2_10,-,-,
CPU_TDO,BGR,TRIM_CODE_GROUP_10,CODE_2,ERROR,1,-,-,-,-,TCSWEEP_2_10,-,-,
CPU_TDO,BGR,TRIM_CODE_GROUP_10,CODE_3,TRIM_CODE,8,-,-,-,-,TCSWEEP_3_10,-,-,I:DUT.BGDEFTEMPCO_BGTRIMCODE_H_3_10
CPU_TDO,BGR,TRIM_CODE_GROUP_10,CODE_3,DONE,1,-,-,-,-,TCSWEEP_3_10,-,-,
CPU_TDO,BGR,TRIM_CODE_GROUP_10,CODE_3,ERROR,1,-,-,-,-,TCSWEEP_3_10,-,-,
CPU_TDO,BGR,TRIM_CODE_GROUP_10,CODE_4,TRIM_CODE,8,-,-,-,-,TCSWEEP_4_10,-,-,I:DUT.BGDEFTEMPCO_BGTRIMCODE_H_4_10
CPU_TDO,BGR,TRIM_CODE_GROUP_10,CODE_4,DONE,1,-,-,-,-,TCSWEEP_4_10,-,-,
CPU_TDO,BGR,TRIM_CODE_GROUP_10,CODE_4,ERROR,1,-,-,-,-,TCSWEEP_4_10,-,-,
CPU_TDO,BGR,TRIM_CODE_GROUP_10,CODE_4,MED_TRIM_CODE,8,-,-,-,-,TCSWEEP_MED_10,-,-,
CPU_TDO,BGR,TRIM_CODE_GROUP_10,CODE_4,MED_DONE,1,-,-,-,-,TCSWEEP_MED_10,-,-,
CPU_TDO,BGR,TRIM_CODE_GROUP_11,CODE_0,TRIM_CODE,8,-,-,-,-,TCSWEEP_0_11,-,-,I:DUT.BGDEFTEMPCO_BGTRIMCODE_H_0_11
CPU_TDO,BGR,TRIM_CODE_GROUP_11,CODE_0,DONE,1,-,-,-,-,TCSWEEP_0_11,-,-,
CPU_TDO,BGR,TRIM_CODE_GROUP_11,CODE_0,ERROR,1,-,-,-,-,TCSWEEP_0_11,-,-,
CPU_TDO,BGR,TRIM_CODE_GROUP_11,CODE_1,TRIM_CODE,8,-,-,-,-,TCSWEEP_1_11,-,-,I:DUT.BGDEFTEMPCO_BGTRIMCODE_H_1_11
CPU_TDO,BGR,TRIM_CODE_GROUP_11,CODE_1,DONE,1,-,-,-,-,TCSWEEP_1_11,-,-,
CPU_TDO,BGR,TRIM_CODE_GROUP_11,CODE_1,ERROR,1,-,-,-,-,TCSWEEP_1_11,-,-,
CPU_TDO,BGR,TRIM_CODE_GROUP_11,CODE_2,TRIM_CODE,8,-,-,-,-,TCSWEEP_2_11,-,-,I:DUT.BGDEFTEMPCO_BGTRIMCODE_H_2_11
CPU_TDO,BGR,TRIM_CODE_GROUP_11,CODE_2,DONE,1,-,-,-,-,TCSWEEP_2_11,-,-,
CPU_TDO,BGR,TRIM_CODE_GROUP_11,CODE_2,ERROR,1,-,-,-,-,TCSWEEP_2_11,-,-,
CPU_TDO,BGR,TRIM_CODE_GROUP_11,CODE_3,TRIM_CODE,8,-,-,-,-,TCSWEEP_3_11,-,-,I:DUT.BGDEFTEMPCO_BGTRIMCODE_H_3_11
CPU_TDO,BGR,TRIM_CODE_GROUP_11,CODE_3,DONE,1,-,-,-,-,TCSWEEP_3_11,-,-,
CPU_TDO,BGR,TRIM_CODE_GROUP_11,CODE_3,ERROR,1,-,-,-,-,TCSWEEP_3_11,-,-,
CPU_TDO,BGR,TRIM_CODE_GROUP_11,CODE_4,TRIM_CODE,8,-,-,-,-,TCSWEEP_4_11,-,-,I:DUT.BGDEFTEMPCO_BGTRIMCODE_H_4_11
CPU_TDO,BGR,TRIM_CODE_GROUP_11,CODE_4,DONE,1,-,-,-,-,TCSWEEP_4_11,-,-,
CPU_TDO,BGR,TRIM_CODE_GROUP_11,CODE_4,ERROR,1,-,-,-,-,TCSWEEP_4_11,-,-,
CPU_TDO,BGR,TRIM_CODE_GROUP_11,CODE_4,MED_TRIM_CODE,8,-,-,-,-,TCSWEEP_MED_11,-,-,
CPU_TDO,BGR,TRIM_CODE_GROUP_11,CODE_4,MED_DONE,1,-,-,-,-,TCSWEEP_MED_11,-,-,
CPU_TDO,BGR,TRIM_CODE_GROUP_12,CODE_0,TRIM_CODE,8,-,-,-,-,TCSWEEP_0_12,-,-,I:DUT.BGDEFTEMPCO_BGTRIMCODE_H_0_12
CPU_TDO,BGR,TRIM_CODE_GROUP_12,CODE_0,DONE,1,-,-,-,-,TCSWEEP_0_12,-,-,
CPU_TDO,BGR,TRIM_CODE_GROUP_12,CODE_0,ERROR,1,-,-,-,-,TCSWEEP_0_12,-,-,
CPU_TDO,BGR,TRIM_CODE_GROUP_12,CODE_1,TRIM_CODE,8,-,-,-,-,TCSWEEP_1_12,-,-,I:DUT.BGDEFTEMPCO_BGTRIMCODE_H_1_12
CPU_TDO,BGR,TRIM_CODE_GROUP_12,CODE_1,DONE,1,-,-,-,-,TCSWEEP_1_12,-,-,
CPU_TDO,BGR,TRIM_CODE_GROUP_12,CODE_1,ERROR,1,-,-,-,-,TCSWEEP_1_12,-,-,
CPU_TDO,BGR,TRIM_CODE_GROUP_12,CODE_2,TRIM_CODE,8,-,-,-,-,TCSWEEP_2_12,-,-,I:DUT.BGDEFTEMPCO_BGTRIMCODE_H_2_12
CPU_TDO,BGR,TRIM_CODE_GROUP_12,CODE_2,DONE,1,-,-,-,-,TCSWEEP_2_12,-,-,
CPU_TDO,BGR,TRIM_CODE_GROUP_12,CODE_2,ERROR,1,-,-,-,-,TCSWEEP_2_12,-,-,
CPU_TDO,BGR,TRIM_CODE_GROUP_12,CODE_3,TRIM_CODE,8,-,-,-,-,TCSWEEP_3_12,-,-,I:DUT.BGDEFTEMPCO_BGTRIMCODE_H_3_12
CPU_TDO,BGR,TRIM_CODE_GROUP_12,CODE_3,DONE,1,-,-,-,-,TCSWEEP_3_12,-,-,
CPU_TDO,BGR,TRIM_CODE_GROUP_12,CODE_3,ERROR,1,-,-,-,-,TCSWEEP_3_12,-,-,
CPU_TDO,BGR,TRIM_CODE_GROUP_12,CODE_4,TRIM_CODE,8,-,-,-,-,TCSWEEP_4_12,-,-,I:DUT.BGDEFTEMPCO_BGTRIMCODE_H_4_12
CPU_TDO,BGR,TRIM_CODE_GROUP_12,CODE_4,DONE,1,-,-,-,-,TCSWEEP_4_12,-,-,
CPU_TDO,BGR,TRIM_CODE_GROUP_12,CODE_4,ERROR,1,-,-,-,-,TCSWEEP_4_12,-,-,
CPU_TDO,BGR,TRIM_CODE_GROUP_12,CODE_4,MED_TRIM_CODE,8,-,-,-,-,TCSWEEP_MED_12,-,-,
CPU_TDO,BGR,TRIM_CODE_GROUP_12,CODE_4,MED_DONE,1,-,-,-,-,TCSWEEP_MED_12,-,-,
CPU_TDO,BGR,TRIM_CODE_GROUP_13,CODE_0,TRIM_CODE,8,-,-,-,-,TCSWEEP_0_13,-,-,I:DUT.BGDEFTEMPCO_BGTRIMCODE_H_0_13
CPU_TDO,BGR,TRIM_CODE_GROUP_13,CODE_0,DONE,1,-,-,-,-,TCSWEEP_0_13,-,-,
CPU_TDO,BGR,TRIM_CODE_GROUP_13,CODE_0,ERROR,1,-,-,-,-,TCSWEEP_0_13,-,-,
CPU_TDO,BGR,TRIM_CODE_GROUP_13,CODE_1,TRIM_CODE,8,-,-,-,-,TCSWEEP_1_13,-,-,I:DUT.BGDEFTEMPCO_BGTRIMCODE_H_1_13
CPU_TDO,BGR,TRIM_CODE_GROUP_13,CODE_1,DONE,1,-,-,-,-,TCSWEEP_1_13,-,-,
CPU_TDO,BGR,TRIM_CODE_GROUP_13,CODE_1,ERROR,1,-,-,-,-,TCSWEEP_1_13,-,-,
CPU_TDO,BGR,TRIM_CODE_GROUP_13,CODE_2,TRIM_CODE,8,-,-,-,-,TCSWEEP_2_13,-,-,I:DUT.BGDEFTEMPCO_BGTRIMCODE_H_2_13
CPU_TDO,BGR,TRIM_CODE_GROUP_13,CODE_2,DONE,1,-,-,-,-,TCSWEEP_2_13,-,-,
CPU_TDO,BGR,TRIM_CODE_GROUP_13,CODE_2,ERROR,1,-,-,-,-,TCSWEEP_2_13,-,-,
CPU_TDO,BGR,TRIM_CODE_GROUP_13,CODE_3,TRIM_CODE,8,-,-,-,-,TCSWEEP_3_13,-,-,I:DUT.BGDEFTEMPCO_BGTRIMCODE_H_3_13
CPU_TDO,BGR,TRIM_CODE_GROUP_13,CODE_3,DONE,1,-,-,-,-,TCSWEEP_3_13,-,-,
CPU_TDO,BGR,TRIM_CODE_GROUP_13,CODE_3,ERROR,1,-,-,-,-,TCSWEEP_3_13,-,-,
CPU_TDO,BGR,TRIM_CODE_GROUP_13,CODE_4,TRIM_CODE,8,-,-,-,-,TCSWEEP_4_13,-,-,I:DUT.BGDEFTEMPCO_BGTRIMCODE_H_4_13
CPU_TDO,BGR,TRIM_CODE_GROUP_13,CODE_4,DONE,1,-,-,-,-,TCSWEEP_4_13,-,-,
CPU_TDO,BGR,TRIM_CODE_GROUP_13,CODE_4,ERROR,1,-,-,-,-,TCSWEEP_4_13,-,-,
CPU_TDO,BGR,TRIM_CODE_GROUP_13,CODE_4,MED_TRIM_CODE,8,-,-,-,-,TCSWEEP_MED_13,-,-,
CPU_TDO,BGR,TRIM_CODE_GROUP_13,CODE_4,MED_DONE,1,-,-,-,-,TCSWEEP_MED_13,-,-,
CPU_TDO,BGR,TRIM_CODE_GROUP_14,CODE_0,TRIM_CODE,8,-,-,-,-,TCSWEEP_0_14,-,-,I:DUT.BGDEFTEMPCO_BGTRIMCODE_H_0_14
CPU_TDO,BGR,TRIM_CODE_GROUP_14,CODE_0,DONE,1,-,-,-,-,TCSWEEP_0_14,-,-,
CPU_TDO,BGR,TRIM_CODE_GROUP_14,CODE_0,ERROR,1,-,-,-,-,TCSWEEP_0_14,-,-,
CPU_TDO,BGR,TRIM_CODE_GROUP_14,CODE_1,TRIM_CODE,8,-,-,-,-,TCSWEEP_1_14,-,-,I:DUT.BGDEFTEMPCO_BGTRIMCODE_H_1_14
CPU_TDO,BGR,TRIM_CODE_GROUP_14,CODE_1,DONE,1,-,-,-,-,TCSWEEP_1_14,-,-,
CPU_TDO,BGR,TRIM_CODE_GROUP_14,CODE_1,ERROR,1,-,-,-,-,TCSWEEP_1_14,-,-,
CPU_TDO,BGR,TRIM_CODE_GROUP_14,CODE_2,TRIM_CODE,8,-,-,-,-,TCSWEEP_2_14,-,-,I:DUT.BGDEFTEMPCO_BGTRIMCODE_H_2_14
CPU_TDO,BGR,TRIM_CODE_GROUP_14,CODE_2,DONE,1,-,-,-,-,TCSWEEP_2_14,-,-,
CPU_TDO,BGR,TRIM_CODE_GROUP_14,CODE_2,ERROR,1,-,-,-,-,TCSWEEP_2_14,-,-,
CPU_TDO,BGR,TRIM_CODE_GROUP_14,CODE_3,TRIM_CODE,8,-,-,-,-,TCSWEEP_3_14,-,-,I:DUT.BGDEFTEMPCO_BGTRIMCODE_H_3_14
CPU_TDO,BGR,TRIM_CODE_GROUP_14,CODE_3,DONE,1,-,-,-,-,TCSWEEP_3_14,-,-,
CPU_TDO,BGR,TRIM_CODE_GROUP_14,CODE_3,ERROR,1,-,-,-,-,TCSWEEP_3_14,-,-,
CPU_TDO,BGR,TRIM_CODE_GROUP_14,CODE_4,TRIM_CODE,8,-,-,-,-,TCSWEEP_4_14,-,-,I:DUT.BGDEFTEMPCO_BGTRIMCODE_H_4_14
CPU_TDO,BGR,TRIM_CODE_GROUP_14,CODE_4,DONE,1,-,-,-,-,TCSWEEP_4_14,-,-,
CPU_TDO,BGR,TRIM_CODE_GROUP_14,CODE_4,ERROR,1,-,-,-,-,TCSWEEP_4_14,-,-,
CPU_TDO,BGR,TRIM_CODE_GROUP_14,CODE_4,MED_TRIM_CODE,8,-,-,-,-,TCSWEEP_MED_14,-,-,
CPU_TDO,BGR,TRIM_CODE_GROUP_14,CODE_4,MED_DONE,1,-,-,-,-,TCSWEEP_MED_14,-,-,
CPU_TDO,BGR,TRIM_CODE_GROUP_15,CODE_0,TRIM_CODE,8,-,-,-,-,TCSWEEP_0_15,-,-,I:DUT.BGDEFTEMPCO_BGTRIMCODE_H_0_15
CPU_TDO,BGR,TRIM_CODE_GROUP_15,CODE_0,DONE,1,-,-,-,-,TCSWEEP_0_15,-,-,
CPU_TDO,BGR,TRIM_CODE_GROUP_15,CODE_0,ERROR,1,-,-,-,-,TCSWEEP_0_15,-,-,
CPU_TDO,BGR,TRIM_CODE_GROUP_15,CODE_1,TRIM_CODE,8,-,-,-,-,TCSWEEP_1_15,-,-,I:DUT.BGDEFTEMPCO_BGTRIMCODE_H_1_15
CPU_TDO,BGR,TRIM_CODE_GROUP_15,CODE_1,DONE,1,-,-,-,-,TCSWEEP_1_15,-,-,
CPU_TDO,BGR,TRIM_CODE_GROUP_15,CODE_1,ERROR,1,-,-,-,-,TCSWEEP_1_15,-,-,
CPU_TDO,BGR,TRIM_CODE_GROUP_15,CODE_2,TRIM_CODE,8,-,-,-,-,TCSWEEP_2_15,-,-,I:DUT.BGDEFTEMPCO_BGTRIMCODE_H_2_15
CPU_TDO,BGR,TRIM_CODE_GROUP_15,CODE_2,DONE,1,-,-,-,-,TCSWEEP_2_15,-,-,
CPU_TDO,BGR,TRIM_CODE_GROUP_15,CODE_2,ERROR,1,-,-,-,-,TCSWEEP_2_15,-,-,
CPU_TDO,BGR,TRIM_CODE_GROUP_15,CODE_3,TRIM_CODE,8,-,-,-,-,TCSWEEP_3_15,-,-,I:DUT.BGDEFTEMPCO_BGTRIMCODE_H_3_15
CPU_TDO,BGR,TRIM_CODE_GROUP_15,CODE_3,DONE,1,-,-,-,-,TCSWEEP_3_15,-,-,
CPU_TDO,BGR,TRIM_CODE_GROUP_15,CODE_3,ERROR,1,-,-,-,-,TCSWEEP_3_15,-,-,
CPU_TDO,BGR,TRIM_CODE_GROUP_15,CODE_4,TRIM_CODE,8,-,-,-,-,TCSWEEP_4_15,-,-,I:DUT.BGDEFTEMPCO_BGTRIMCODE_H_4_15
CPU_TDO,BGR,TRIM_CODE_GROUP_15,CODE_4,DONE,1,-,-,-,-,TCSWEEP_4_15,-,-,
CPU_TDO,BGR,TRIM_CODE_GROUP_15,CODE_4,ERROR,1,-,-,-,-,TCSWEEP_4_15,-,-,
CPU_TDO,BGR,TRIM_CODE_GROUP_15,CODE_4,MED_TRIM_CODE,8,-,-,-,-,TCSWEEP_MED_15,-,-,
CPU_TDO,BGR,TRIM_CODE_GROUP_15,CODE_4,MED_DONE,1,-,-,-,-,TCSWEEP_MED_15,-,-,
CPU_TDO,BGR,TRIM_CODE_GROUP_16,CODE_0,TRIM_CODE,8,-,-,-,-,TCSWEEP_0_16,-,-,I:DUT.BGDEFTEMPCO_BGTRIMCODE_H_0_16
CPU_TDO,BGR,TRIM_CODE_GROUP_16,CODE_0,DONE,1,-,-,-,-,TCSWEEP_0_16,-,-,
CPU_TDO,BGR,TRIM_CODE_GROUP_16,CODE_0,ERROR,1,-,-,-,-,TCSWEEP_0_16,-,-,
CPU_TDO,BGR,TRIM_CODE_GROUP_16,CODE_1,TRIM_CODE,8,-,-,-,-,TCSWEEP_1_16,-,-,I:DUT.BGDEFTEMPCO_BGTRIMCODE_H_1_16
CPU_TDO,BGR,TRIM_CODE_GROUP_16,CODE_1,DONE,1,-,-,-,-,TCSWEEP_1_16,-,-,
CPU_TDO,BGR,TRIM_CODE_GROUP_16,CODE_1,ERROR,1,-,-,-,-,TCSWEEP_1_16,-,-,
CPU_TDO,BGR,TRIM_CODE_GROUP_16,CODE_2,TRIM_CODE,8,-,-,-,-,TCSWEEP_2_16,-,-,I:DUT.BGDEFTEMPCO_BGTRIMCODE_H_2_16
CPU_TDO,BGR,TRIM_CODE_GROUP_16,CODE_2,DONE,1,-,-,-,-,TCSWEEP_2_16,-,-,
CPU_TDO,BGR,TRIM_CODE_GROUP_16,CODE_2,ERROR,1,-,-,-,-,TCSWEEP_2_16,-,-,
CPU_TDO,BGR,TRIM_CODE_GROUP_16,CODE_3,TRIM_CODE,8,-,-,-,-,TCSWEEP_3_16,-,-,I:DUT.BGDEFTEMPCO_BGTRIMCODE_H_3_16
CPU_TDO,BGR,TRIM_CODE_GROUP_16,CODE_3,DONE,1,-,-,-,-,TCSWEEP_3_16,-,-,
CPU_TDO,BGR,TRIM_CODE_GROUP_16,CODE_3,ERROR,1,-,-,-,-,TCSWEEP_3_16,-,-,
CPU_TDO,BGR,TRIM_CODE_GROUP_16,CODE_4,TRIM_CODE,8,-,-,-,-,TCSWEEP_4_16,-,-,I:DUT.BGDEFTEMPCO_BGTRIMCODE_H_4_16
CPU_TDO,BGR,TRIM_CODE_GROUP_16,CODE_4,DONE,1,-,-,-,-,TCSWEEP_4_16,-,-,
CPU_TDO,BGR,TRIM_CODE_GROUP_16,CODE_4,ERROR,1,-,-,-,-,TCSWEEP_4_16,-,-,
CPU_TDO,BGR,TRIM_CODE_GROUP_16,CODE_4,MED_TRIM_CODE,8,-,-,-,-,TCSWEEP_MED_16,-,-,
CPU_TDO,BGR,TRIM_CODE_GROUP_16,CODE_4,MED_DONE,1,-,-,-,-,TCSWEEP_MED_16,-,-,
CPU_TDO,BGR,TRIM_CODE_GROUP_17,CODE_0,TRIM_CODE,8,-,-,-,-,TCSWEEP_0_17,-,-,I:DUT.BGDEFTEMPCO_BGTRIMCODE_H_0_17
CPU_TDO,BGR,TRIM_CODE_GROUP_17,CODE_0,DONE,1,-,-,-,-,TCSWEEP_0_17,-,-,
CPU_TDO,BGR,TRIM_CODE_GROUP_17,CODE_0,ERROR,1,-,-,-,-,TCSWEEP_0_17,-,-,
CPU_TDO,BGR,TRIM_CODE_GROUP_17,CODE_1,TRIM_CODE,8,-,-,-,-,TCSWEEP_1_17,-,-,I:DUT.BGDEFTEMPCO_BGTRIMCODE_H_1_17
CPU_TDO,BGR,TRIM_CODE_GROUP_17,CODE_1,DONE,1,-,-,-,-,TCSWEEP_1_17,-,-,
CPU_TDO,BGR,TRIM_CODE_GROUP_17,CODE_1,ERROR,1,-,-,-,-,TCSWEEP_1_17,-,-,
CPU_TDO,BGR,TRIM_CODE_GROUP_17,CODE_2,TRIM_CODE,8,-,-,-,-,TCSWEEP_2_17,-,-,I:DUT.BGDEFTEMPCO_BGTRIMCODE_H_2_17
CPU_TDO,BGR,TRIM_CODE_GROUP_17,CODE_2,DONE,1,-,-,-,-,TCSWEEP_2_17,-,-,
CPU_TDO,BGR,TRIM_CODE_GROUP_17,CODE_2,ERROR,1,-,-,-,-,TCSWEEP_2_17,-,-,
CPU_TDO,BGR,TRIM_CODE_GROUP_17,CODE_3,TRIM_CODE,8,-,-,-,-,TCSWEEP_3_17,-,-,I:DUT.BGDEFTEMPCO_BGTRIMCODE_H_3_17
CPU_TDO,BGR,TRIM_CODE_GROUP_17,CODE_3,DONE,1,-,-,-,-,TCSWEEP_3_17,-,-,
CPU_TDO,BGR,TRIM_CODE_GROUP_17,CODE_3,ERROR,1,-,-,-,-,TCSWEEP_3_17,-,-,
CPU_TDO,BGR,TRIM_CODE_GROUP_17,CODE_4,TRIM_CODE,8,-,-,-,-,TCSWEEP_4_17,-,-,I:DUT.BGDEFTEMPCO_BGTRIMCODE_H_4_17
CPU_TDO,BGR,TRIM_CODE_GROUP_17,CODE_4,DONE,1,-,-,-,-,TCSWEEP_4_17,-,-,
CPU_TDO,BGR,TRIM_CODE_GROUP_17,CODE_4,ERROR,1,-,-,-,-,TCSWEEP_4_17,-,-,
CPU_TDO,BGR,TRIM_CODE_GROUP_17,CODE_4,MED_TRIM_CODE,8,-,-,-,-,TCSWEEP_MED_17,-,-,
CPU_TDO,BGR,TRIM_CODE_GROUP_17,CODE_4,MED_DONE,1,-,-,-,-,TCSWEEP_MED_17,-,-,
CPU_TDO,BGR,TRIM_CODE_GROUP_18,CODE_0,TRIM_CODE,8,-,-,-,-,TCSWEEP_0_18,-,-,I:DUT.BGDEFTEMPCO_BGTRIMCODE_H_0_18
CPU_TDO,BGR,TRIM_CODE_GROUP_18,CODE_0,DONE,1,-,-,-,-,TCSWEEP_0_18,-,-,
CPU_TDO,BGR,TRIM_CODE_GROUP_18,CODE_0,ERROR,1,-,-,-,-,TCSWEEP_0_18,-,-,
CPU_TDO,BGR,TRIM_CODE_GROUP_18,CODE_1,TRIM_CODE,8,-,-,-,-,TCSWEEP_1_18,-,-,I:DUT.BGDEFTEMPCO_BGTRIMCODE_H_1_18
CPU_TDO,BGR,TRIM_CODE_GROUP_18,CODE_1,DONE,1,-,-,-,-,TCSWEEP_1_18,-,-,
CPU_TDO,BGR,TRIM_CODE_GROUP_18,CODE_1,ERROR,1,-,-,-,-,TCSWEEP_1_18,-,-,
CPU_TDO,BGR,TRIM_CODE_GROUP_18,CODE_2,TRIM_CODE,8,-,-,-,-,TCSWEEP_2_18,-,-,I:DUT.BGDEFTEMPCO_BGTRIMCODE_H_2_18
CPU_TDO,BGR,TRIM_CODE_GROUP_18,CODE_2,DONE,1,-,-,-,-,TCSWEEP_2_18,-,-,
CPU_TDO,BGR,TRIM_CODE_GROUP_18,CODE_2,ERROR,1,-,-,-,-,TCSWEEP_2_18,-,-,
CPU_TDO,BGR,TRIM_CODE_GROUP_18,CODE_3,TRIM_CODE,8,-,-,-,-,TCSWEEP_3_18,-,-,I:DUT.BGDEFTEMPCO_BGTRIMCODE_H_3_18
CPU_TDO,BGR,TRIM_CODE_GROUP_18,CODE_3,DONE,1,-,-,-,-,TCSWEEP_3_18,-,-,
CPU_TDO,BGR,TRIM_CODE_GROUP_18,CODE_3,ERROR,1,-,-,-,-,TCSWEEP_3_18,-,-,
CPU_TDO,BGR,TRIM_CODE_GROUP_18,CODE_4,TRIM_CODE,8,-,-,-,-,TCSWEEP_4_18,-,-,I:DUT.BGDEFTEMPCO_BGTRIMCODE_H_4_18
CPU_TDO,BGR,TRIM_CODE_GROUP_18,CODE_4,DONE,1,-,-,-,-,TCSWEEP_4_18,-,-,
CPU_TDO,BGR,TRIM_CODE_GROUP_18,CODE_4,ERROR,1,-,-,-,-,TCSWEEP_4_18,-,-,
CPU_TDO,BGR,TRIM_CODE_GROUP_18,CODE_4,MED_TRIM_CODE,8,-,-,-,-,TCSWEEP_MED_18,-,-,
CPU_TDO,BGR,TRIM_CODE_GROUP_18,CODE_4,MED_DONE,1,-,-,-,-,TCSWEEP_MED_18,-,-,
CPU_TDO,BGR,TRIM_CODE_GROUP_19,CODE_0,TRIM_CODE,8,-,-,-,-,TCSWEEP_0_19,-,-,I:DUT.BGDEFTEMPCO_BGTRIMCODE_H_0_19
CPU_TDO,BGR,TRIM_CODE_GROUP_19,CODE_0,DONE,1,-,-,-,-,TCSWEEP_0_19,-,-,
CPU_TDO,BGR,TRIM_CODE_GROUP_19,CODE_0,ERROR,1,-,-,-,-,TCSWEEP_0_19,-,-,
CPU_TDO,BGR,TRIM_CODE_GROUP_19,CODE_1,TRIM_CODE,8,-,-,-,-,TCSWEEP_1_19,-,-,I:DUT.BGDEFTEMPCO_BGTRIMCODE_H_1_19
CPU_TDO,BGR,TRIM_CODE_GROUP_19,CODE_1,DONE,1,-,-,-,-,TCSWEEP_1_19,-,-,
CPU_TDO,BGR,TRIM_CODE_GROUP_19,CODE_1,ERROR,1,-,-,-,-,TCSWEEP_1_19,-,-,
CPU_TDO,BGR,TRIM_CODE_GROUP_19,CODE_2,TRIM_CODE,8,-,-,-,-,TCSWEEP_2_19,-,-,I:DUT.BGDEFTEMPCO_BGTRIMCODE_H_2_19
CPU_TDO,BGR,TRIM_CODE_GROUP_19,CODE_2,DONE,1,-,-,-,-,TCSWEEP_2_19,-,-,
CPU_TDO,BGR,TRIM_CODE_GROUP_19,CODE_2,ERROR,1,-,-,-,-,TCSWEEP_2_19,-,-,
CPU_TDO,BGR,TRIM_CODE_GROUP_19,CODE_3,TRIM_CODE,8,-,-,-,-,TCSWEEP_3_19,-,-,I:DUT.BGDEFTEMPCO_BGTRIMCODE_H_3_19
CPU_TDO,BGR,TRIM_CODE_GROUP_19,CODE_3,DONE,1,-,-,-,-,TCSWEEP_3_19,-,-,
CPU_TDO,BGR,TRIM_CODE_GROUP_19,CODE_3,ERROR,1,-,-,-,-,TCSWEEP_3_19,-,-,
CPU_TDO,BGR,TRIM_CODE_GROUP_19,CODE_4,TRIM_CODE,8,-,-,-,-,TCSWEEP_4_19,-,-,I:DUT.BGDEFTEMPCO_BGTRIMCODE_H_4_19
CPU_TDO,BGR,TRIM_CODE_GROUP_19,CODE_4,DONE,1,-,-,-,-,TCSWEEP_4_19,-,-,
CPU_TDO,BGR,TRIM_CODE_GROUP_19,CODE_4,ERROR,1,-,-,-,-,TCSWEEP_4_19,-,-,
CPU_TDO,BGR,TRIM_CODE_GROUP_19,CODE_4,MED_TRIM_CODE,8,-,-,-,-,TCSWEEP_MED_19,-,-,
CPU_TDO,BGR,TRIM_CODE_GROUP_19,CODE_4,MED_DONE,1,-,-,-,-,TCSWEEP_MED_19,-,-,
CPU_TDO,BGR,TRIM_CODE_GROUP_20,CODE_0,TRIM_CODE,8,-,-,-,-,TCSWEEP_0_20,-,-,I:DUT.BGDEFTEMPCO_BGTRIMCODE_H_0_20
CPU_TDO,BGR,TRIM_CODE_GROUP_20,CODE_0,DONE,1,-,-,-,-,TCSWEEP_0_20,-,-,
CPU_TDO,BGR,TRIM_CODE_GROUP_20,CODE_0,ERROR,1,-,-,-,-,TCSWEEP_0_20,-,-,
CPU_TDO,BGR,TRIM_CODE_GROUP_20,CODE_1,TRIM_CODE,8,-,-,-,-,TCSWEEP_1_20,-,-,I:DUT.BGDEFTEMPCO_BGTRIMCODE_H_1_20
CPU_TDO,BGR,TRIM_CODE_GROUP_20,CODE_1,DONE,1,-,-,-,-,TCSWEEP_1_20,-,-,
CPU_TDO,BGR,TRIM_CODE_GROUP_20,CODE_1,ERROR,1,-,-,-,-,TCSWEEP_1_20,-,-,
CPU_TDO,BGR,TRIM_CODE_GROUP_20,CODE_2,TRIM_CODE,8,-,-,-,-,TCSWEEP_2_20,-,-,I:DUT.BGDEFTEMPCO_BGTRIMCODE_H_2_20
CPU_TDO,BGR,TRIM_CODE_GROUP_20,CODE_2,DONE,1,-,-,-,-,TCSWEEP_2_20,-,-,
CPU_TDO,BGR,TRIM_CODE_GROUP_20,CODE_2,ERROR,1,-,-,-,-,TCSWEEP_2_20,-,-,
CPU_TDO,BGR,TRIM_CODE_GROUP_20,CODE_3,TRIM_CODE,8,-,-,-,-,TCSWEEP_3_20,-,-,I:DUT.BGDEFTEMPCO_BGTRIMCODE_H_3_20
CPU_TDO,BGR,TRIM_CODE_GROUP_20,CODE_3,DONE,1,-,-,-,-,TCSWEEP_3_20,-,-,
CPU_TDO,BGR,TRIM_CODE_GROUP_20,CODE_3,ERROR,1,-,-,-,-,TCSWEEP_3_20,-,-,
CPU_TDO,BGR,TRIM_CODE_GROUP_20,CODE_4,TRIM_CODE,8,-,-,-,-,TCSWEEP_4_20,-,-,I:DUT.BGDEFTEMPCO_BGTRIMCODE_H_4_20
CPU_TDO,BGR,TRIM_CODE_GROUP_20,CODE_4,DONE,1,-,-,-,-,TCSWEEP_4_20,-,-,
CPU_TDO,BGR,TRIM_CODE_GROUP_20,CODE_4,ERROR,1,-,-,-,-,TCSWEEP_4_20,-,-,
CPU_TDO,BGR,TRIM_CODE_GROUP_20,CODE_4,MED_TRIM_CODE,8,-,-,-,-,TCSWEEP_MED_20,-,-,
CPU_TDO,BGR,TRIM_CODE_GROUP_20,CODE_4,MED_DONE,1,-,-,-,-,TCSWEEP_MED_20,-,-,
CPU_TDO,BGR,TRIM_CODE_GROUP_21,CODE_0,TRIM_CODE,8,-,-,-,-,TCSWEEP_0_21,-,-,I:DUT.BGDEFTEMPCO_BGTRIMCODE_H_0_21
CPU_TDO,BGR,TRIM_CODE_GROUP_21,CODE_0,DONE,1,-,-,-,-,TCSWEEP_0_21,-,-,
CPU_TDO,BGR,TRIM_CODE_GROUP_21,CODE_0,ERROR,1,-,-,-,-,TCSWEEP_0_21,-,-,
CPU_TDO,BGR,TRIM_CODE_GROUP_21,CODE_1,TRIM_CODE,8,-,-,-,-,TCSWEEP_1_21,-,-,I:DUT.BGDEFTEMPCO_BGTRIMCODE_H_1_21
CPU_TDO,BGR,TRIM_CODE_GROUP_21,CODE_1,DONE,1,-,-,-,-,TCSWEEP_1_21,-,-,
CPU_TDO,BGR,TRIM_CODE_GROUP_21,CODE_1,ERROR,1,-,-,-,-,TCSWEEP_1_21,-,-,
CPU_TDO,BGR,TRIM_CODE_GROUP_21,CODE_2,TRIM_CODE,8,-,-,-,-,TCSWEEP_2_21,-,-,I:DUT.BGDEFTEMPCO_BGTRIMCODE_H_2_21
CPU_TDO,BGR,TRIM_CODE_GROUP_21,CODE_2,DONE,1,-,-,-,-,TCSWEEP_2_21,-,-,
CPU_TDO,BGR,TRIM_CODE_GROUP_21,CODE_2,ERROR,1,-,-,-,-,TCSWEEP_2_21,-,-,
CPU_TDO,BGR,TRIM_CODE_GROUP_21,CODE_3,TRIM_CODE,8,-,-,-,-,TCSWEEP_3_21,-,-,I:DUT.BGDEFTEMPCO_BGTRIMCODE_H_3_21
CPU_TDO,BGR,TRIM_CODE_GROUP_21,CODE_3,DONE,1,-,-,-,-,TCSWEEP_3_21,-,-,
CPU_TDO,BGR,TRIM_CODE_GROUP_21,CODE_3,ERROR,1,-,-,-,-,TCSWEEP_3_21,-,-,
CPU_TDO,BGR,TRIM_CODE_GROUP_21,CODE_4,TRIM_CODE,8,-,-,-,-,TCSWEEP_4_21,-,-,I:DUT.BGDEFTEMPCO_BGTRIMCODE_H_4_21
CPU_TDO,BGR,TRIM_CODE_GROUP_21,CODE_4,DONE,1,-,-,-,-,TCSWEEP_4_21,-,-,
CPU_TDO,BGR,TRIM_CODE_GROUP_21,CODE_4,ERROR,1,-,-,-,-,TCSWEEP_4_21,-,-,
CPU_TDO,BGR,TRIM_CODE_GROUP_21,CODE_4,MED_TRIM_CODE,8,-,-,-,-,TCSWEEP_MED_21,-,-,
CPU_TDO,BGR,TRIM_CODE_GROUP_21,CODE_4,MED_DONE,1,-,-,-,-,TCSWEEP_MED_21,-,-,
CPU_TDO,BGR,TRIM_CODE_GROUP_22,CODE_0,TRIM_CODE,8,-,-,-,-,TCSWEEP_0_22,-,-,I:DUT.BGDEFTEMPCO_BGTRIMCODE_H_0_22
CPU_TDO,BGR,TRIM_CODE_GROUP_22,CODE_0,DONE,1,-,-,-,-,TCSWEEP_0_22,-,-,
CPU_TDO,BGR,TRIM_CODE_GROUP_22,CODE_0,ERROR,1,-,-,-,-,TCSWEEP_0_22,-,-,
CPU_TDO,BGR,TRIM_CODE_GROUP_22,CODE_1,TRIM_CODE,8,-,-,-,-,TCSWEEP_1_22,-,-,I:DUT.BGDEFTEMPCO_BGTRIMCODE_H_1_22
CPU_TDO,BGR,TRIM_CODE_GROUP_22,CODE_1,DONE,1,-,-,-,-,TCSWEEP_1_22,-,-,
CPU_TDO,BGR,TRIM_CODE_GROUP_22,CODE_1,ERROR,1,-,-,-,-,TCSWEEP_1_22,-,-,
CPU_TDO,BGR,TRIM_CODE_GROUP_22,CODE_2,TRIM_CODE,8,-,-,-,-,TCSWEEP_2_22,-,-,I:DUT.BGDEFTEMPCO_BGTRIMCODE_H_2_22
CPU_TDO,BGR,TRIM_CODE_GROUP_22,CODE_2,DONE,1,-,-,-,-,TCSWEEP_2_22,-,-,
CPU_TDO,BGR,TRIM_CODE_GROUP_22,CODE_2,ERROR,1,-,-,-,-,TCSWEEP_2_22,-,-,
CPU_TDO,BGR,TRIM_CODE_GROUP_22,CODE_3,TRIM_CODE,8,-,-,-,-,TCSWEEP_3_22,-,-,I:DUT.BGDEFTEMPCO_BGTRIMCODE_H_3_22
CPU_TDO,BGR,TRIM_CODE_GROUP_22,CODE_3,DONE,1,-,-,-,-,TCSWEEP_3_22,-,-,
CPU_TDO,BGR,TRIM_CODE_GROUP_22,CODE_3,ERROR,1,-,-,-,-,TCSWEEP_3_22,-,-,
CPU_TDO,BGR,TRIM_CODE_GROUP_22,CODE_4,TRIM_CODE,8,-,-,-,-,TCSWEEP_4_22,-,-,I:DUT.BGDEFTEMPCO_BGTRIMCODE_H_4_22
CPU_TDO,BGR,TRIM_CODE_GROUP_22,CODE_4,DONE,1,-,-,-,-,TCSWEEP_4_22,-,-,
CPU_TDO,BGR,TRIM_CODE_GROUP_22,CODE_4,ERROR,1,-,-,-,-,TCSWEEP_4_22,-,-,
CPU_TDO,BGR,TRIM_CODE_GROUP_22,CODE_4,MED_TRIM_CODE,8,-,-,-,-,TCSWEEP_MED_22,-,-,
CPU_TDO,BGR,TRIM_CODE_GROUP_22,CODE_4,MED_DONE,1,-,-,-,-,TCSWEEP_MED_22,-,-,
CPU_TDO,BGR,TRIM_CODE_GROUP_23,CODE_0,TRIM_CODE,8,-,-,-,-,TCSWEEP_0_23,-,-,I:DUT.BGDEFTEMPCO_BGTRIMCODE_H_0_23
CPU_TDO,BGR,TRIM_CODE_GROUP_23,CODE_0,DONE,1,-,-,-,-,TCSWEEP_0_23,-,-,
CPU_TDO,BGR,TRIM_CODE_GROUP_23,CODE_0,ERROR,1,-,-,-,-,TCSWEEP_0_23,-,-,
CPU_TDO,BGR,TRIM_CODE_GROUP_23,CODE_1,TRIM_CODE,8,-,-,-,-,TCSWEEP_1_23,-,-,I:DUT.BGDEFTEMPCO_BGTRIMCODE_H_1_23
CPU_TDO,BGR,TRIM_CODE_GROUP_23,CODE_1,DONE,1,-,-,-,-,TCSWEEP_1_23,-,-,
CPU_TDO,BGR,TRIM_CODE_GROUP_23,CODE_1,ERROR,1,-,-,-,-,TCSWEEP_1_23,-,-,
CPU_TDO,BGR,TRIM_CODE_GROUP_23,CODE_2,TRIM_CODE,8,-,-,-,-,TCSWEEP_2_23,-,-,I:DUT.BGDEFTEMPCO_BGTRIMCODE_H_2_23
CPU_TDO,BGR,TRIM_CODE_GROUP_23,CODE_2,DONE,1,-,-,-,-,TCSWEEP_2_23,-,-,
CPU_TDO,BGR,TRIM_CODE_GROUP_23,CODE_2,ERROR,1,-,-,-,-,TCSWEEP_2_23,-,-,
CPU_TDO,BGR,TRIM_CODE_GROUP_23,CODE_3,TRIM_CODE,8,-,-,-,-,TCSWEEP_3_23,-,-,I:DUT.BGDEFTEMPCO_BGTRIMCODE_H_3_23
CPU_TDO,BGR,TRIM_CODE_GROUP_23,CODE_3,DONE,1,-,-,-,-,TCSWEEP_3_23,-,-,
CPU_TDO,BGR,TRIM_CODE_GROUP_23,CODE_3,ERROR,1,-,-,-,-,TCSWEEP_3_23,-,-,
CPU_TDO,BGR,TRIM_CODE_GROUP_23,CODE_4,TRIM_CODE,8,-,-,-,-,TCSWEEP_4_23,-,-,I:DUT.BGDEFTEMPCO_BGTRIMCODE_H_4_23
CPU_TDO,BGR,TRIM_CODE_GROUP_23,CODE_4,DONE,1,-,-,-,-,TCSWEEP_4_23,-,-,
CPU_TDO,BGR,TRIM_CODE_GROUP_23,CODE_4,ERROR,1,-,-,-,-,TCSWEEP_4_23,-,-,
CPU_TDO,BGR,TRIM_CODE_GROUP_23,CODE_4,MED_TRIM_CODE,8,-,-,-,-,TCSWEEP_MED_23,-,-,
CPU_TDO,BGR,TRIM_CODE_GROUP_23,CODE_4,MED_DONE,1,-,-,-,-,TCSWEEP_MED_23,-,-,
CPU_TDO,BGR,TRIM_CODE_GROUP_24,CODE_0,TRIM_CODE,8,-,-,-,-,TCSWEEP_0_24,-,-,I:DUT.BGDEFTEMPCO_BGTRIMCODE_H_0_24
CPU_TDO,BGR,TRIM_CODE_GROUP_24,CODE_0,DONE,1,-,-,-,-,TCSWEEP_0_24,-,-,
CPU_TDO,BGR,TRIM_CODE_GROUP_24,CODE_0,ERROR,1,-,-,-,-,TCSWEEP_0_24,-,-,
CPU_TDO,BGR,TRIM_CODE_GROUP_24,CODE_1,TRIM_CODE,8,-,-,-,-,TCSWEEP_1_24,-,-,I:DUT.BGDEFTEMPCO_BGTRIMCODE_H_1_24
CPU_TDO,BGR,TRIM_CODE_GROUP_24,CODE_1,DONE,1,-,-,-,-,TCSWEEP_1_24,-,-,
CPU_TDO,BGR,TRIM_CODE_GROUP_24,CODE_1,ERROR,1,-,-,-,-,TCSWEEP_1_24,-,-,
CPU_TDO,BGR,TRIM_CODE_GROUP_24,CODE_2,TRIM_CODE,8,-,-,-,-,TCSWEEP_2_24,-,-,I:DUT.BGDEFTEMPCO_BGTRIMCODE_H_2_24
CPU_TDO,BGR,TRIM_CODE_GROUP_24,CODE_2,DONE,1,-,-,-,-,TCSWEEP_2_24,-,-,
CPU_TDO,BGR,TRIM_CODE_GROUP_24,CODE_2,ERROR,1,-,-,-,-,TCSWEEP_2_24,-,-,
CPU_TDO,BGR,TRIM_CODE_GROUP_24,CODE_3,TRIM_CODE,8,-,-,-,-,TCSWEEP_3_24,-,-,I:DUT.BGDEFTEMPCO_BGTRIMCODE_H_3_24
CPU_TDO,BGR,TRIM_CODE_GROUP_24,CODE_3,DONE,1,-,-,-,-,TCSWEEP_3_24,-,-,
CPU_TDO,BGR,TRIM_CODE_GROUP_24,CODE_3,ERROR,1,-,-,-,-,TCSWEEP_3_24,-,-,
CPU_TDO,BGR,TRIM_CODE_GROUP_24,CODE_4,TRIM_CODE,8,-,-,-,-,TCSWEEP_4_24,-,-,I:DUT.BGDEFTEMPCO_BGTRIMCODE_H_4_24
CPU_TDO,BGR,TRIM_CODE_GROUP_24,CODE_4,DONE,1,-,-,-,-,TCSWEEP_4_24,-,-,
CPU_TDO,BGR,TRIM_CODE_GROUP_24,CODE_4,ERROR,1,-,-,-,-,TCSWEEP_4_24,-,-,
CPU_TDO,BGR,TRIM_CODE_GROUP_24,CODE_4,MED_TRIM_CODE,8,-,-,-,-,TCSWEEP_MED_24,-,-,
CPU_TDO,BGR,TRIM_CODE_GROUP_24,CODE_4,MED_DONE,1,-,-,-,-,TCSWEEP_MED_24,-,-,
CPU_TDO,BGR,TRIM_CODE_GROUP_25,CODE_0,TRIM_CODE,8,-,-,-,-,TCSWEEP_0_25,-,-,I:DUT.BGDEFTEMPCO_BGTRIMCODE_H_0_25
CPU_TDO,BGR,TRIM_CODE_GROUP_25,CODE_0,DONE,1,-,-,-,-,TCSWEEP_0_25,-,-,
CPU_TDO,BGR,TRIM_CODE_GROUP_25,CODE_0,ERROR,1,-,-,-,-,TCSWEEP_0_25,-,-,
CPU_TDO,BGR,TRIM_CODE_GROUP_25,CODE_1,TRIM_CODE,8,-,-,-,-,TCSWEEP_1_25,-,-,I:DUT.BGDEFTEMPCO_BGTRIMCODE_H_1_25
CPU_TDO,BGR,TRIM_CODE_GROUP_25,CODE_1,DONE,1,-,-,-,-,TCSWEEP_1_25,-,-,
CPU_TDO,BGR,TRIM_CODE_GROUP_25,CODE_1,ERROR,1,-,-,-,-,TCSWEEP_1_25,-,-,
CPU_TDO,BGR,TRIM_CODE_GROUP_25,CODE_2,TRIM_CODE,8,-,-,-,-,TCSWEEP_2_25,-,-,I:DUT.BGDEFTEMPCO_BGTRIMCODE_H_2_25
CPU_TDO,BGR,TRIM_CODE_GROUP_25,CODE_2,DONE,1,-,-,-,-,TCSWEEP_2_25,-,-,
CPU_TDO,BGR,TRIM_CODE_GROUP_25,CODE_2,ERROR,1,-,-,-,-,TCSWEEP_2_25,-,-,
CPU_TDO,BGR,TRIM_CODE_GROUP_25,CODE_3,TRIM_CODE,8,-,-,-,-,TCSWEEP_3_25,-,-,I:DUT.BGDEFTEMPCO_BGTRIMCODE_H_3_25
CPU_TDO,BGR,TRIM_CODE_GROUP_25,CODE_3,DONE,1,-,-,-,-,TCSWEEP_3_25,-,-,
CPU_TDO,BGR,TRIM_CODE_GROUP_25,CODE_3,ERROR,1,-,-,-,-,TCSWEEP_3_25,-,-,
CPU_TDO,BGR,TRIM_CODE_GROUP_25,CODE_4,TRIM_CODE,8,-,-,-,-,TCSWEEP_4_25,-,-,I:DUT.BGDEFTEMPCO_BGTRIMCODE_H_4_25
CPU_TDO,BGR,TRIM_CODE_GROUP_25,CODE_4,DONE,1,-,-,-,-,TCSWEEP_4_25,-,-,
CPU_TDO,BGR,TRIM_CODE_GROUP_25,CODE_4,ERROR,1,-,-,-,-,TCSWEEP_4_25,-,-,
CPU_TDO,BGR,TRIM_CODE_GROUP_25,CODE_4,MED_TRIM_CODE,8,-,-,-,-,TCSWEEP_MED_25,-,-,
CPU_TDO,BGR,TRIM_CODE_GROUP_25,CODE_4,MED_DONE,1,-,-,-,-,TCSWEEP_MED_25,-,-,
CPU_TDO,BGR,TRIM_CODE_GROUP_26,CODE_0,TRIM_CODE,8,-,-,-,-,TCSWEEP_0_26,-,-,I:DUT.BGDEFTEMPCO_BGTRIMCODE_H_0_26
CPU_TDO,BGR,TRIM_CODE_GROUP_26,CODE_0,DONE,1,-,-,-,-,TCSWEEP_0_26,-,-,
CPU_TDO,BGR,TRIM_CODE_GROUP_26,CODE_0,ERROR,1,-,-,-,-,TCSWEEP_0_26,-,-,
CPU_TDO,BGR,TRIM_CODE_GROUP_26,CODE_1,TRIM_CODE,8,-,-,-,-,TCSWEEP_1_26,-,-,I:DUT.BGDEFTEMPCO_BGTRIMCODE_H_1_26
CPU_TDO,BGR,TRIM_CODE_GROUP_26,CODE_1,DONE,1,-,-,-,-,TCSWEEP_1_26,-,-,
CPU_TDO,BGR,TRIM_CODE_GROUP_26,CODE_1,ERROR,1,-,-,-,-,TCSWEEP_1_26,-,-,
CPU_TDO,BGR,TRIM_CODE_GROUP_26,CODE_2,TRIM_CODE,8,-,-,-,-,TCSWEEP_2_26,-,-,I:DUT.BGDEFTEMPCO_BGTRIMCODE_H_2_26
CPU_TDO,BGR,TRIM_CODE_GROUP_26,CODE_2,DONE,1,-,-,-,-,TCSWEEP_2_26,-,-,
CPU_TDO,BGR,TRIM_CODE_GROUP_26,CODE_2,ERROR,1,-,-,-,-,TCSWEEP_2_26,-,-,
CPU_TDO,BGR,TRIM_CODE_GROUP_26,CODE_3,TRIM_CODE,8,-,-,-,-,TCSWEEP_3_26,-,-,I:DUT.BGDEFTEMPCO_BGTRIMCODE_H_3_26
CPU_TDO,BGR,TRIM_CODE_GROUP_26,CODE_3,DONE,1,-,-,-,-,TCSWEEP_3_26,-,-,
CPU_TDO,BGR,TRIM_CODE_GROUP_26,CODE_3,ERROR,1,-,-,-,-,TCSWEEP_3_26,-,-,
CPU_TDO,BGR,TRIM_CODE_GROUP_26,CODE_4,TRIM_CODE,8,-,-,-,-,TCSWEEP_4_26,-,-,I:DUT.BGDEFTEMPCO_BGTRIMCODE_H_4_26
CPU_TDO,BGR,TRIM_CODE_GROUP_26,CODE_4,DONE,1,-,-,-,-,TCSWEEP_4_26,-,-,
CPU_TDO,BGR,TRIM_CODE_GROUP_26,CODE_4,ERROR,1,-,-,-,-,TCSWEEP_4_26,-,-,
CPU_TDO,BGR,TRIM_CODE_GROUP_26,CODE_4,MED_TRIM_CODE,8,-,-,-,-,TCSWEEP_MED_26,-,-,
CPU_TDO,BGR,TRIM_CODE_GROUP_26,CODE_4,MED_DONE,1,-,-,-,-,TCSWEEP_MED_26,-,-,
CPU_TDO,BGR,TRIM_CODE_GROUP_27,CODE_0,TRIM_CODE,8,-,-,-,-,TCSWEEP_0_27,-,-,I:DUT.BGDEFTEMPCO_BGTRIMCODE_H_0_27
CPU_TDO,BGR,TRIM_CODE_GROUP_27,CODE_0,DONE,1,-,-,-,-,TCSWEEP_0_27,-,-,
CPU_TDO,BGR,TRIM_CODE_GROUP_27,CODE_0,ERROR,1,-,-,-,-,TCSWEEP_0_27,-,-,
CPU_TDO,BGR,TRIM_CODE_GROUP_27,CODE_1,TRIM_CODE,8,-,-,-,-,TCSWEEP_1_27,-,-,I:DUT.BGDEFTEMPCO_BGTRIMCODE_H_1_27
CPU_TDO,BGR,TRIM_CODE_GROUP_27,CODE_1,DONE,1,-,-,-,-,TCSWEEP_1_27,-,-,
CPU_TDO,BGR,TRIM_CODE_GROUP_27,CODE_1,ERROR,1,-,-,-,-,TCSWEEP_1_27,-,-,
CPU_TDO,BGR,TRIM_CODE_GROUP_27,CODE_2,TRIM_CODE,8,-,-,-,-,TCSWEEP_2_27,-,-,I:DUT.BGDEFTEMPCO_BGTRIMCODE_H_2_27
CPU_TDO,BGR,TRIM_CODE_GROUP_27,CODE_2,DONE,1,-,-,-,-,TCSWEEP_2_27,-,-,
CPU_TDO,BGR,TRIM_CODE_GROUP_27,CODE_2,ERROR,1,-,-,-,-,TCSWEEP_2_27,-,-,
CPU_TDO,BGR,TRIM_CODE_GROUP_27,CODE_3,TRIM_CODE,8,-,-,-,-,TCSWEEP_3_27,-,-,I:DUT.BGDEFTEMPCO_BGTRIMCODE_H_3_27
CPU_TDO,BGR,TRIM_CODE_GROUP_27,CODE_3,DONE,1,-,-,-,-,TCSWEEP_3_27,-,-,
CPU_TDO,BGR,TRIM_CODE_GROUP_27,CODE_3,ERROR,1,-,-,-,-,TCSWEEP_3_27,-,-,
CPU_TDO,BGR,TRIM_CODE_GROUP_27,CODE_4,TRIM_CODE,8,-,-,-,-,TCSWEEP_4_27,-,-,I:DUT.BGDEFTEMPCO_BGTRIMCODE_H_4_27
CPU_TDO,BGR,TRIM_CODE_GROUP_27,CODE_4,DONE,1,-,-,-,-,TCSWEEP_4_27,-,-,
CPU_TDO,BGR,TRIM_CODE_GROUP_27,CODE_4,ERROR,1,-,-,-,-,TCSWEEP_4_27,-,-,
CPU_TDO,BGR,TRIM_CODE_GROUP_27,CODE_4,MED_TRIM_CODE,8,-,-,-,-,TCSWEEP_MED_27,-,-,
CPU_TDO,BGR,TRIM_CODE_GROUP_27,CODE_4,MED_DONE,1,-,-,-,-,TCSWEEP_MED_27,-,-,
CPU_TDO,BGR,TRIM_CODE_GROUP_28,CODE_0,TRIM_CODE,8,-,-,-,-,TCSWEEP_0_28,-,-,I:DUT.BGDEFTEMPCO_BGTRIMCODE_H_0_28
CPU_TDO,BGR,TRIM_CODE_GROUP_28,CODE_0,DONE,1,-,-,-,-,TCSWEEP_0_28,-,-,
CPU_TDO,BGR,TRIM_CODE_GROUP_28,CODE_0,ERROR,1,-,-,-,-,TCSWEEP_0_28,-,-,
CPU_TDO,BGR,TRIM_CODE_GROUP_28,CODE_1,TRIM_CODE,8,-,-,-,-,TCSWEEP_1_28,-,-,I:DUT.BGDEFTEMPCO_BGTRIMCODE_H_1_28
CPU_TDO,BGR,TRIM_CODE_GROUP_28,CODE_1,DONE,1,-,-,-,-,TCSWEEP_1_28,-,-,
CPU_TDO,BGR,TRIM_CODE_GROUP_28,CODE_1,ERROR,1,-,-,-,-,TCSWEEP_1_28,-,-,
CPU_TDO,BGR,TRIM_CODE_GROUP_28,CODE_2,TRIM_CODE,8,-,-,-,-,TCSWEEP_2_28,-,-,I:DUT.BGDEFTEMPCO_BGTRIMCODE_H_2_28
CPU_TDO,BGR,TRIM_CODE_GROUP_28,CODE_2,DONE,1,-,-,-,-,TCSWEEP_2_28,-,-,
CPU_TDO,BGR,TRIM_CODE_GROUP_28,CODE_2,ERROR,1,-,-,-,-,TCSWEEP_2_28,-,-,
CPU_TDO,BGR,TRIM_CODE_GROUP_28,CODE_3,TRIM_CODE,8,-,-,-,-,TCSWEEP_3_28,-,-,I:DUT.BGDEFTEMPCO_BGTRIMCODE_H_3_28
CPU_TDO,BGR,TRIM_CODE_GROUP_28,CODE_3,DONE,1,-,-,-,-,TCSWEEP_3_28,-,-,
CPU_TDO,BGR,TRIM_CODE_GROUP_28,CODE_3,ERROR,1,-,-,-,-,TCSWEEP_3_28,-,-,
CPU_TDO,BGR,TRIM_CODE_GROUP_28,CODE_4,TRIM_CODE,8,-,-,-,-,TCSWEEP_4_28,-,-,I:DUT.BGDEFTEMPCO_BGTRIMCODE_H_4_28
CPU_TDO,BGR,TRIM_CODE_GROUP_28,CODE_4,DONE,1,-,-,-,-,TCSWEEP_4_28,-,-,
CPU_TDO,BGR,TRIM_CODE_GROUP_28,CODE_4,ERROR,1,-,-,-,-,TCSWEEP_4_28,-,-,
CPU_TDO,BGR,TRIM_CODE_GROUP_28,CODE_4,MED_TRIM_CODE,8,-,-,-,-,TCSWEEP_MED_28,-,-,
CPU_TDO,BGR,TRIM_CODE_GROUP_28,CODE_4,MED_DONE,1,-,-,-,-,TCSWEEP_MED_28,-,-,
CPU_TDO,BGR,TRIM_CODE_GROUP_29,CODE_0,TRIM_CODE,8,-,-,-,-,TCSWEEP_0_29,-,-,I:DUT.BGDEFTEMPCO_BGTRIMCODE_H_0_29
CPU_TDO,BGR,TRIM_CODE_GROUP_29,CODE_0,DONE,1,-,-,-,-,TCSWEEP_0_29,-,-,
CPU_TDO,BGR,TRIM_CODE_GROUP_29,CODE_0,ERROR,1,-,-,-,-,TCSWEEP_0_29,-,-,
CPU_TDO,BGR,TRIM_CODE_GROUP_29,CODE_1,TRIM_CODE,8,-,-,-,-,TCSWEEP_1_29,-,-,I:DUT.BGDEFTEMPCO_BGTRIMCODE_H_1_29
CPU_TDO,BGR,TRIM_CODE_GROUP_29,CODE_1,DONE,1,-,-,-,-,TCSWEEP_1_29,-,-,
CPU_TDO,BGR,TRIM_CODE_GROUP_29,CODE_1,ERROR,1,-,-,-,-,TCSWEEP_1_29,-,-,
CPU_TDO,BGR,TRIM_CODE_GROUP_29,CODE_2,TRIM_CODE,8,-,-,-,-,TCSWEEP_2_29,-,-,I:DUT.BGDEFTEMPCO_BGTRIMCODE_H_2_29
CPU_TDO,BGR,TRIM_CODE_GROUP_29,CODE_2,DONE,1,-,-,-,-,TCSWEEP_2_29,-,-,
CPU_TDO,BGR,TRIM_CODE_GROUP_29,CODE_2,ERROR,1,-,-,-,-,TCSWEEP_2_29,-,-,
CPU_TDO,BGR,TRIM_CODE_GROUP_29,CODE_3,TRIM_CODE,8,-,-,-,-,TCSWEEP_3_29,-,-,I:DUT.BGDEFTEMPCO_BGTRIMCODE_H_3_29
CPU_TDO,BGR,TRIM_CODE_GROUP_29,CODE_3,DONE,1,-,-,-,-,TCSWEEP_3_29,-,-,
CPU_TDO,BGR,TRIM_CODE_GROUP_29,CODE_3,ERROR,1,-,-,-,-,TCSWEEP_3_29,-,-,
CPU_TDO,BGR,TRIM_CODE_GROUP_29,CODE_4,TRIM_CODE,8,-,-,-,-,TCSWEEP_4_29,-,-,I:DUT.BGDEFTEMPCO_BGTRIMCODE_H_4_29
CPU_TDO,BGR,TRIM_CODE_GROUP_29,CODE_4,DONE,1,-,-,-,-,TCSWEEP_4_29,-,-,
CPU_TDO,BGR,TRIM_CODE_GROUP_29,CODE_4,ERROR,1,-,-,-,-,TCSWEEP_4_29,-,-,
CPU_TDO,BGR,TRIM_CODE_GROUP_29,CODE_4,MED_TRIM_CODE,8,-,-,-,-,TCSWEEP_MED_29,-,-,
CPU_TDO,BGR,TRIM_CODE_GROUP_29,CODE_4,MED_DONE,1,-,-,-,-,TCSWEEP_MED_29,-,-,
CPU_TDO,BGR,TRIM_CODE_GROUP_30,CODE_0,TRIM_CODE,8,-,-,-,-,TCSWEEP_0_30,-,-,I:DUT.BGDEFTEMPCO_BGTRIMCODE_H_0_30
CPU_TDO,BGR,TRIM_CODE_GROUP_30,CODE_0,DONE,1,-,-,-,-,TCSWEEP_0_30,-,-,
CPU_TDO,BGR,TRIM_CODE_GROUP_30,CODE_0,ERROR,1,-,-,-,-,TCSWEEP_0_30,-,-,
CPU_TDO,BGR,TRIM_CODE_GROUP_30,CODE_1,TRIM_CODE,8,-,-,-,-,TCSWEEP_1_30,-,-,I:DUT.BGDEFTEMPCO_BGTRIMCODE_H_1_30
CPU_TDO,BGR,TRIM_CODE_GROUP_30,CODE_1,DONE,1,-,-,-,-,TCSWEEP_1_30,-,-,
CPU_TDO,BGR,TRIM_CODE_GROUP_30,CODE_1,ERROR,1,-,-,-,-,TCSWEEP_1_30,-,-,
CPU_TDO,BGR,TRIM_CODE_GROUP_30,CODE_2,TRIM_CODE,8,-,-,-,-,TCSWEEP_2_30,-,-,I:DUT.BGDEFTEMPCO_BGTRIMCODE_H_2_30
CPU_TDO,BGR,TRIM_CODE_GROUP_30,CODE_2,DONE,1,-,-,-,-,TCSWEEP_2_30,-,-,
CPU_TDO,BGR,TRIM_CODE_GROUP_30,CODE_2,ERROR,1,-,-,-,-,TCSWEEP_2_30,-,-,
CPU_TDO,BGR,TRIM_CODE_GROUP_30,CODE_3,TRIM_CODE,8,-,-,-,-,TCSWEEP_3_30,-,-,I:DUT.BGDEFTEMPCO_BGTRIMCODE_H_3_30
CPU_TDO,BGR,TRIM_CODE_GROUP_30,CODE_3,DONE,1,-,-,-,-,TCSWEEP_3_30,-,-,
CPU_TDO,BGR,TRIM_CODE_GROUP_30,CODE_3,ERROR,1,-,-,-,-,TCSWEEP_3_30,-,-,
CPU_TDO,BGR,TRIM_CODE_GROUP_30,CODE_4,TRIM_CODE,8,-,-,-,-,TCSWEEP_4_30,-,-,I:DUT.BGDEFTEMPCO_BGTRIMCODE_H_4_30
CPU_TDO,BGR,TRIM_CODE_GROUP_30,CODE_4,DONE,1,-,-,-,-,TCSWEEP_4_30,-,-,
CPU_TDO,BGR,TRIM_CODE_GROUP_30,CODE_4,ERROR,1,-,-,-,-,TCSWEEP_4_30,-,-,
CPU_TDO,BGR,TRIM_CODE_GROUP_30,CODE_4,MED_TRIM_CODE,8,-,-,-,-,TCSWEEP_MED_30,-,-,
CPU_TDO,BGR,TRIM_CODE_GROUP_30,CODE_4,MED_DONE,1,-,-,-,-,TCSWEEP_MED_30,-,-,
CPU_TDO,BGR,TRIM_CODE_GROUP_31,CODE_0,TRIM_CODE,8,-,-,-,-,TCSWEEP_0_31,-,-,I:DUT.BGDEFTEMPCO_BGTRIMCODE_H_0_31
CPU_TDO,BGR,TRIM_CODE_GROUP_31,CODE_0,DONE,1,-,-,-,-,TCSWEEP_0_31,-,-,
CPU_TDO,BGR,TRIM_CODE_GROUP_31,CODE_0,ERROR,1,-,-,-,-,TCSWEEP_0_31,-,-,
CPU_TDO,BGR,TRIM_CODE_GROUP_31,CODE_1,TRIM_CODE,8,-,-,-,-,TCSWEEP_1_31,-,-,I:DUT.BGDEFTEMPCO_BGTRIMCODE_H_1_31
CPU_TDO,BGR,TRIM_CODE_GROUP_31,CODE_1,DONE,1,-,-,-,-,TCSWEEP_1_31,-,-,
CPU_TDO,BGR,TRIM_CODE_GROUP_31,CODE_1,ERROR,1,-,-,-,-,TCSWEEP_1_31,-,-,
CPU_TDO,BGR,TRIM_CODE_GROUP_31,CODE_2,TRIM_CODE,8,-,-,-,-,TCSWEEP_2_31,-,-,I:DUT.BGDEFTEMPCO_BGTRIMCODE_H_2_31
CPU_TDO,BGR,TRIM_CODE_GROUP_31,CODE_2,DONE,1,-,-,-,-,TCSWEEP_2_31,-,-,
CPU_TDO,BGR,TRIM_CODE_GROUP_31,CODE_2,ERROR,1,-,-,-,-,TCSWEEP_2_31,-,-,
CPU_TDO,BGR,TRIM_CODE_GROUP_31,CODE_3,TRIM_CODE,8,-,-,-,-,TCSWEEP_3_31,-,-,I:DUT.BGDEFTEMPCO_BGTRIMCODE_H_3_31
CPU_TDO,BGR,TRIM_CODE_GROUP_31,CODE_3,DONE,1,-,-,-,-,TCSWEEP_3_31,-,-,
CPU_TDO,BGR,TRIM_CODE_GROUP_31,CODE_3,ERROR,1,-,-,-,-,TCSWEEP_3_31,-,-,
CPU_TDO,BGR,TRIM_CODE_GROUP_31,CODE_4,TRIM_CODE,8,-,-,-,-,TCSWEEP_4_31,-,-,I:DUT.BGDEFTEMPCO_BGTRIMCODE_H_4_31
CPU_TDO,BGR,TRIM_CODE_GROUP_31,CODE_4,DONE,1,-,-,-,-,TCSWEEP_4_31,-,-,
CPU_TDO,BGR,TRIM_CODE_GROUP_31,CODE_4,ERROR,1,-,-,-,-,TCSWEEP_4_31,-,-,
CPU_TDO,BGR,TRIM_CODE_GROUP_31,CODE_4,MED_TRIM_CODE,8,-,-,-,-,TCSWEEP_MED_31,-,-,
CPU_TDO,BGR,TRIM_CODE_GROUP_31,CODE_4,MED_DONE,1,-,-,-,-,TCSWEEP_MED_31,-,-,
CPU_TDO,BGR,TRIM_CODE_GROUP_32,CODE_0,TRIM_CODE,8,-,-,-,-,TCSWEEP_0_32,-,-,I:DUT.BGDEFTEMPCO_BGTRIMCODE_H_0_32
CPU_TDO,BGR,TRIM_CODE_GROUP_32,CODE_0,DONE,1,-,-,-,-,TCSWEEP_0_32,-,-,
CPU_TDO,BGR,TRIM_CODE_GROUP_32,CODE_0,ERROR,1,-,-,-,-,TCSWEEP_0_32,-,-,
CPU_TDO,BGR,TRIM_CODE_GROUP_32,CODE_1,TRIM_CODE,8,-,-,-,-,TCSWEEP_1_32,-,-,I:DUT.BGDEFTEMPCO_BGTRIMCODE_H_1_32
CPU_TDO,BGR,TRIM_CODE_GROUP_32,CODE_1,DONE,1,-,-,-,-,TCSWEEP_1_32,-,-,
CPU_TDO,BGR,TRIM_CODE_GROUP_32,CODE_1,ERROR,1,-,-,-,-,TCSWEEP_1_32,-,-,
CPU_TDO,BGR,TRIM_CODE_GROUP_32,CODE_2,TRIM_CODE,8,-,-,-,-,TCSWEEP_2_32,-,-,I:DUT.BGDEFTEMPCO_BGTRIMCODE_H_2_32
CPU_TDO,BGR,TRIM_CODE_GROUP_32,CODE_2,DONE,1,-,-,-,-,TCSWEEP_2_32,-,-,
CPU_TDO,BGR,TRIM_CODE_GROUP_32,CODE_2,ERROR,1,-,-,-,-,TCSWEEP_2_32,-,-,
CPU_TDO,BGR,TRIM_CODE_GROUP_32,CODE_3,TRIM_CODE,8,-,-,-,-,TCSWEEP_3_32,-,-,I:DUT.BGDEFTEMPCO_BGTRIMCODE_H_3_32
CPU_TDO,BGR,TRIM_CODE_GROUP_32,CODE_3,DONE,1,-,-,-,-,TCSWEEP_3_32,-,-,
CPU_TDO,BGR,TRIM_CODE_GROUP_32,CODE_3,ERROR,1,-,-,-,-,TCSWEEP_3_32,-,-,
CPU_TDO,BGR,TRIM_CODE_GROUP_32,CODE_4,TRIM_CODE,8,-,-,-,-,TCSWEEP_4_32,-,-,I:DUT.BGDEFTEMPCO_BGTRIMCODE_H_4_32
CPU_TDO,BGR,TRIM_CODE_GROUP_32,CODE_4,DONE,1,-,-,-,-,TCSWEEP_4_32,-,-,
CPU_TDO,BGR,TRIM_CODE_GROUP_32,CODE_4,ERROR,1,-,-,-,-,TCSWEEP_4_32,-,-,
CPU_TDO,BGR,TRIM_CODE_GROUP_32,CODE_4,MED_TRIM_CODE,8,-,-,-,-,TCSWEEP_MED_32,-,-,
CPU_TDO,BGR,TRIM_CODE_GROUP_32,CODE_4,MED_DONE,1,-,-,-,-,TCSWEEP_MED_32,-,-,
CPU_TDO,BGR,TRIM_CODE_GROUP_33,CODE_0,TRIM_CODE,8,-,-,-,-,TCSWEEP_0_33,-,-,I:DUT.BGDEFTEMPCO_BGTRIMCODE_H_0_33
CPU_TDO,BGR,TRIM_CODE_GROUP_33,CODE_0,DONE,1,-,-,-,-,TCSWEEP_0_33,-,-,
CPU_TDO,BGR,TRIM_CODE_GROUP_33,CODE_0,ERROR,1,-,-,-,-,TCSWEEP_0_33,-,-,
CPU_TDO,BGR,TRIM_CODE_GROUP_33,CODE_1,TRIM_CODE,8,-,-,-,-,TCSWEEP_1_33,-,-,I:DUT.BGDEFTEMPCO_BGTRIMCODE_H_1_33
CPU_TDO,BGR,TRIM_CODE_GROUP_33,CODE_1,DONE,1,-,-,-,-,TCSWEEP_1_33,-,-,
CPU_TDO,BGR,TRIM_CODE_GROUP_33,CODE_1,ERROR,1,-,-,-,-,TCSWEEP_1_33,-,-,
CPU_TDO,BGR,TRIM_CODE_GROUP_33,CODE_2,TRIM_CODE,8,-,-,-,-,TCSWEEP_2_33,-,-,I:DUT.BGDEFTEMPCO_BGTRIMCODE_H_2_33
CPU_TDO,BGR,TRIM_CODE_GROUP_33,CODE_2,DONE,1,-,-,-,-,TCSWEEP_2_33,-,-,
CPU_TDO,BGR,TRIM_CODE_GROUP_33,CODE_2,ERROR,1,-,-,-,-,TCSWEEP_2_33,-,-,
CPU_TDO,BGR,TRIM_CODE_GROUP_33,CODE_3,TRIM_CODE,8,-,-,-,-,TCSWEEP_3_33,-,-,I:DUT.BGDEFTEMPCO_BGTRIMCODE_H_3_33
CPU_TDO,BGR,TRIM_CODE_GROUP_33,CODE_3,DONE,1,-,-,-,-,TCSWEEP_3_33,-,-,
CPU_TDO,BGR,TRIM_CODE_GROUP_33,CODE_3,ERROR,1,-,-,-,-,TCSWEEP_3_33,-,-,
CPU_TDO,BGR,TRIM_CODE_GROUP_33,CODE_4,TRIM_CODE,8,-,-,-,-,TCSWEEP_4_33,-,-,I:DUT.BGDEFTEMPCO_BGTRIMCODE_H_4_33
CPU_TDO,BGR,TRIM_CODE_GROUP_33,CODE_4,DONE,1,-,-,-,-,TCSWEEP_4_33,-,-,
CPU_TDO,BGR,TRIM_CODE_GROUP_33,CODE_4,ERROR,1,-,-,-,-,TCSWEEP_4_33,-,-,
CPU_TDO,BGR,TRIM_CODE_GROUP_33,CODE_4,MED_TRIM_CODE,8,-,-,-,-,TCSWEEP_MED_33,-,-,
CPU_TDO,BGR,TRIM_CODE_GROUP_33,CODE_4,MED_DONE,1,-,-,-,-,TCSWEEP_MED_33,-,-,
CPU_TDO,BGR,TRIM_CODE_GROUP_34,CODE_0,TRIM_CODE,8,-,-,-,-,TCSWEEP_0_34,-,-,I:DUT.BGDEFTEMPCO_BGTRIMCODE_H_0_34
CPU_TDO,BGR,TRIM_CODE_GROUP_34,CODE_0,DONE,1,-,-,-,-,TCSWEEP_0_34,-,-,
CPU_TDO,BGR,TRIM_CODE_GROUP_34,CODE_0,ERROR,1,-,-,-,-,TCSWEEP_0_34,-,-,
CPU_TDO,BGR,TRIM_CODE_GROUP_34,CODE_1,TRIM_CODE,8,-,-,-,-,TCSWEEP_1_34,-,-,I:DUT.BGDEFTEMPCO_BGTRIMCODE_H_1_34
CPU_TDO,BGR,TRIM_CODE_GROUP_34,CODE_1,DONE,1,-,-,-,-,TCSWEEP_1_34,-,-,
CPU_TDO,BGR,TRIM_CODE_GROUP_34,CODE_1,ERROR,1,-,-,-,-,TCSWEEP_1_34,-,-,
CPU_TDO,BGR,TRIM_CODE_GROUP_34,CODE_2,TRIM_CODE,8,-,-,-,-,TCSWEEP_2_34,-,-,I:DUT.BGDEFTEMPCO_BGTRIMCODE_H_2_34
CPU_TDO,BGR,TRIM_CODE_GROUP_34,CODE_2,DONE,1,-,-,-,-,TCSWEEP_2_34,-,-,
CPU_TDO,BGR,TRIM_CODE_GROUP_34,CODE_2,ERROR,1,-,-,-,-,TCSWEEP_2_34,-,-,
CPU_TDO,BGR,TRIM_CODE_GROUP_34,CODE_3,TRIM_CODE,8,-,-,-,-,TCSWEEP_3_34,-,-,I:DUT.BGDEFTEMPCO_BGTRIMCODE_H_3_34
CPU_TDO,BGR,TRIM_CODE_GROUP_34,CODE_3,DONE,1,-,-,-,-,TCSWEEP_3_34,-,-,
CPU_TDO,BGR,TRIM_CODE_GROUP_34,CODE_3,ERROR,1,-,-,-,-,TCSWEEP_3_34,-,-,
CPU_TDO,BGR,TRIM_CODE_GROUP_34,CODE_4,TRIM_CODE,8,-,-,-,-,TCSWEEP_4_34,-,-,I:DUT.BGDEFTEMPCO_BGTRIMCODE_H_4_34
CPU_TDO,BGR,TRIM_CODE_GROUP_34,CODE_4,DONE,1,-,-,-,-,TCSWEEP_4_34,-,-,
CPU_TDO,BGR,TRIM_CODE_GROUP_34,CODE_4,ERROR,1,-,-,-,-,TCSWEEP_4_34,-,-,
CPU_TDO,BGR,TRIM_CODE_GROUP_34,CODE_4,MED_TRIM_CODE,8,-,-,-,-,TCSWEEP_MED_34,-,-,
CPU_TDO,BGR,TRIM_CODE_GROUP_34,CODE_4,MED_DONE,1,-,-,-,-,TCSWEEP_MED_34,-,-,
CPU_TDO,BGR,TRIM_CODE_GROUP_35,CODE_0,TRIM_CODE,8,-,-,-,-,TCSWEEP_0_35,-,-,I:DUT.BGDEFTEMPCO_BGTRIMCODE_H_0_35
CPU_TDO,BGR,TRIM_CODE_GROUP_35,CODE_0,DONE,1,-,-,-,-,TCSWEEP_0_35,-,-,
CPU_TDO,BGR,TRIM_CODE_GROUP_35,CODE_0,ERROR,1,-,-,-,-,TCSWEEP_0_35,-,-,
CPU_TDO,BGR,TRIM_CODE_GROUP_35,CODE_1,TRIM_CODE,8,-,-,-,-,TCSWEEP_1_35,-,-,I:DUT.BGDEFTEMPCO_BGTRIMCODE_H_1_35
CPU_TDO,BGR,TRIM_CODE_GROUP_35,CODE_1,DONE,1,-,-,-,-,TCSWEEP_1_35,-,-,
CPU_TDO,BGR,TRIM_CODE_GROUP_35,CODE_1,ERROR,1,-,-,-,-,TCSWEEP_1_35,-,-,
CPU_TDO,BGR,TRIM_CODE_GROUP_35,CODE_2,TRIM_CODE,8,-,-,-,-,TCSWEEP_2_35,-,-,I:DUT.BGDEFTEMPCO_BGTRIMCODE_H_2_35
CPU_TDO,BGR,TRIM_CODE_GROUP_35,CODE_2,DONE,1,-,-,-,-,TCSWEEP_2_35,-,-,
CPU_TDO,BGR,TRIM_CODE_GROUP_35,CODE_2,ERROR,1,-,-,-,-,TCSWEEP_2_35,-,-,
CPU_TDO,BGR,TRIM_CODE_GROUP_35,CODE_3,TRIM_CODE,8,-,-,-,-,TCSWEEP_3_35,-,-,I:DUT.BGDEFTEMPCO_BGTRIMCODE_H_3_35
CPU_TDO,BGR,TRIM_CODE_GROUP_35,CODE_3,DONE,1,-,-,-,-,TCSWEEP_3_35,-,-,
CPU_TDO,BGR,TRIM_CODE_GROUP_35,CODE_3,ERROR,1,-,-,-,-,TCSWEEP_3_35,-,-,
CPU_TDO,BGR,TRIM_CODE_GROUP_35,CODE_4,TRIM_CODE,8,-,-,-,-,TCSWEEP_4_35,-,-,I:DUT.BGDEFTEMPCO_BGTRIMCODE_H_4_35
CPU_TDO,BGR,TRIM_CODE_GROUP_35,CODE_4,DONE,1,-,-,-,-,TCSWEEP_4_35,-,-,
CPU_TDO,BGR,TRIM_CODE_GROUP_35,CODE_4,ERROR,1,-,-,-,-,TCSWEEP_4_35,-,-,
CPU_TDO,BGR,TRIM_CODE_GROUP_35,CODE_4,MED_TRIM_CODE,8,-,-,-,-,TCSWEEP_MED_35,-,-,
CPU_TDO,BGR,TRIM_CODE_GROUP_35,CODE_4,MED_DONE,1,-,-,-,-,TCSWEEP_MED_35,-,-,
CPU_TDO,BGR,TRIM_CODE_GROUP_36,CODE_0,TRIM_CODE,8,-,-,-,-,TCSWEEP_0_36,-,-,I:DUT.BGDEFTEMPCO_BGTRIMCODE_H_0_36
CPU_TDO,BGR,TRIM_CODE_GROUP_36,CODE_0,DONE,1,-,-,-,-,TCSWEEP_0_36,-,-,
CPU_TDO,BGR,TRIM_CODE_GROUP_36,CODE_0,ERROR,1,-,-,-,-,TCSWEEP_0_36,-,-,
CPU_TDO,BGR,TRIM_CODE_GROUP_36,CODE_1,TRIM_CODE,8,-,-,-,-,TCSWEEP_1_36,-,-,I:DUT.BGDEFTEMPCO_BGTRIMCODE_H_1_36
CPU_TDO,BGR,TRIM_CODE_GROUP_36,CODE_1,DONE,1,-,-,-,-,TCSWEEP_1_36,-,-,
CPU_TDO,BGR,TRIM_CODE_GROUP_36,CODE_1,ERROR,1,-,-,-,-,TCSWEEP_1_36,-,-,
CPU_TDO,BGR,TRIM_CODE_GROUP_36,CODE_2,TRIM_CODE,8,-,-,-,-,TCSWEEP_2_36,-,-,I:DUT.BGDEFTEMPCO_BGTRIMCODE_H_2_36
CPU_TDO,BGR,TRIM_CODE_GROUP_36,CODE_2,DONE,1,-,-,-,-,TCSWEEP_2_36,-,-,
CPU_TDO,BGR,TRIM_CODE_GROUP_36,CODE_2,ERROR,1,-,-,-,-,TCSWEEP_2_36,-,-,
CPU_TDO,BGR,TRIM_CODE_GROUP_36,CODE_3,TRIM_CODE,8,-,-,-,-,TCSWEEP_3_36,-,-,I:DUT.BGDEFTEMPCO_BGTRIMCODE_H_3_36
CPU_TDO,BGR,TRIM_CODE_GROUP_36,CODE_3,DONE,1,-,-,-,-,TCSWEEP_3_36,-,-,
CPU_TDO,BGR,TRIM_CODE_GROUP_36,CODE_3,ERROR,1,-,-,-,-,TCSWEEP_3_36,-,-,
CPU_TDO,BGR,TRIM_CODE_GROUP_36,CODE_4,TRIM_CODE,8,-,-,-,-,TCSWEEP_4_36,-,-,I:DUT.BGDEFTEMPCO_BGTRIMCODE_H_4_36
CPU_TDO,BGR,TRIM_CODE_GROUP_36,CODE_4,DONE,1,-,-,-,-,TCSWEEP_4_36,-,-,
CPU_TDO,BGR,TRIM_CODE_GROUP_36,CODE_4,ERROR,1,-,-,-,-,TCSWEEP_4_36,-,-,
CPU_TDO,BGR,TRIM_CODE_GROUP_36,CODE_4,MED_TRIM_CODE,8,-,-,-,-,TCSWEEP_MED_36,-,-,
CPU_TDO,BGR,TRIM_CODE_GROUP_36,CODE_4,MED_DONE,1,-,-,-,-,TCSWEEP_MED_36,-,-,
CPU_TDO,BGR,TRIM_CODE_GROUP_37,CODE_0,TRIM_CODE,8,-,-,-,-,TCSWEEP_0_37,-,-,I:DUT.BGDEFTEMPCO_BGTRIMCODE_H_0_37
CPU_TDO,BGR,TRIM_CODE_GROUP_37,CODE_0,DONE,1,-,-,-,-,TCSWEEP_0_37,-,-,
CPU_TDO,BGR,TRIM_CODE_GROUP_37,CODE_0,ERROR,1,-,-,-,-,TCSWEEP_0_37,-,-,
CPU_TDO,BGR,TRIM_CODE_GROUP_37,CODE_1,TRIM_CODE,8,-,-,-,-,TCSWEEP_1_37,-,-,I:DUT.BGDEFTEMPCO_BGTRIMCODE_H_1_37
CPU_TDO,BGR,TRIM_CODE_GROUP_37,CODE_1,DONE,1,-,-,-,-,TCSWEEP_1_37,-,-,
CPU_TDO,BGR,TRIM_CODE_GROUP_37,CODE_1,ERROR,1,-,-,-,-,TCSWEEP_1_37,-,-,
CPU_TDO,BGR,TRIM_CODE_GROUP_37,CODE_2,TRIM_CODE,8,-,-,-,-,TCSWEEP_2_37,-,-,I:DUT.BGDEFTEMPCO_BGTRIMCODE_H_2_37
CPU_TDO,BGR,TRIM_CODE_GROUP_37,CODE_2,DONE,1,-,-,-,-,TCSWEEP_2_37,-,-,
CPU_TDO,BGR,TRIM_CODE_GROUP_37,CODE_2,ERROR,1,-,-,-,-,TCSWEEP_2_37,-,-,
CPU_TDO,BGR,TRIM_CODE_GROUP_37,CODE_3,TRIM_CODE,8,-,-,-,-,TCSWEEP_3_37,-,-,I:DUT.BGDEFTEMPCO_BGTRIMCODE_H_3_37
CPU_TDO,BGR,TRIM_CODE_GROUP_37,CODE_3,DONE,1,-,-,-,-,TCSWEEP_3_37,-,-,
CPU_TDO,BGR,TRIM_CODE_GROUP_37,CODE_3,ERROR,1,-,-,-,-,TCSWEEP_3_37,-,-,
CPU_TDO,BGR,TRIM_CODE_GROUP_37,CODE_4,TRIM_CODE,8,-,-,-,-,TCSWEEP_4_37,-,-,I:DUT.BGDEFTEMPCO_BGTRIMCODE_H_4_37
CPU_TDO,BGR,TRIM_CODE_GROUP_37,CODE_4,DONE,1,-,-,-,-,TCSWEEP_4_37,-,-,
CPU_TDO,BGR,TRIM_CODE_GROUP_37,CODE_4,ERROR,1,-,-,-,-,TCSWEEP_4_37,-,-,
CPU_TDO,BGR,TRIM_CODE_GROUP_37,CODE_4,MED_TRIM_CODE,8,-,-,-,-,TCSWEEP_MED_37,-,-,
CPU_TDO,BGR,TRIM_CODE_GROUP_37,CODE_4,MED_DONE,1,-,-,-,-,TCSWEEP_MED_37,-,-,
CPU_TDO,BGR,TRIM_CODE_GROUP_38,CODE_0,TRIM_CODE,8,-,-,-,-,TCSWEEP_0_38,-,-,I:DUT.BGDEFTEMPCO_BGTRIMCODE_H_0_38
CPU_TDO,BGR,TRIM_CODE_GROUP_38,CODE_0,DONE,1,-,-,-,-,TCSWEEP_0_38,-,-,
CPU_TDO,BGR,TRIM_CODE_GROUP_38,CODE_0,ERROR,1,-,-,-,-,TCSWEEP_0_38,-,-,
CPU_TDO,BGR,TRIM_CODE_GROUP_38,CODE_1,TRIM_CODE,8,-,-,-,-,TCSWEEP_1_38,-,-,I:DUT.BGDEFTEMPCO_BGTRIMCODE_H_1_38
CPU_TDO,BGR,TRIM_CODE_GROUP_38,CODE_1,DONE,1,-,-,-,-,TCSWEEP_1_38,-,-,
CPU_TDO,BGR,TRIM_CODE_GROUP_38,CODE_1,ERROR,1,-,-,-,-,TCSWEEP_1_38,-,-,
CPU_TDO,BGR,TRIM_CODE_GROUP_38,CODE_2,TRIM_CODE,8,-,-,-,-,TCSWEEP_2_38,-,-,I:DUT.BGDEFTEMPCO_BGTRIMCODE_H_2_38
CPU_TDO,BGR,TRIM_CODE_GROUP_38,CODE_2,DONE,1,-,-,-,-,TCSWEEP_2_38,-,-,
CPU_TDO,BGR,TRIM_CODE_GROUP_38,CODE_2,ERROR,1,-,-,-,-,TCSWEEP_2_38,-,-,
CPU_TDO,BGR,TRIM_CODE_GROUP_38,CODE_3,TRIM_CODE,8,-,-,-,-,TCSWEEP_3_38,-,-,I:DUT.BGDEFTEMPCO_BGTRIMCODE_H_3_38
CPU_TDO,BGR,TRIM_CODE_GROUP_38,CODE_3,DONE,1,-,-,-,-,TCSWEEP_3_38,-,-,
CPU_TDO,BGR,TRIM_CODE_GROUP_38,CODE_3,ERROR,1,-,-,-,-,TCSWEEP_3_38,-,-,
CPU_TDO,BGR,TRIM_CODE_GROUP_38,CODE_4,TRIM_CODE,8,-,-,-,-,TCSWEEP_4_38,-,-,I:DUT.BGDEFTEMPCO_BGTRIMCODE_H_4_38
CPU_TDO,BGR,TRIM_CODE_GROUP_38,CODE_4,DONE,1,-,-,-,-,TCSWEEP_4_38,-,-,
CPU_TDO,BGR,TRIM_CODE_GROUP_38,CODE_4,ERROR,1,-,-,-,-,TCSWEEP_4_38,-,-,
CPU_TDO,BGR,TRIM_CODE_GROUP_38,CODE_4,MED_TRIM_CODE,8,-,-,-,-,TCSWEEP_MED_38,-,-,
CPU_TDO,BGR,TRIM_CODE_GROUP_38,CODE_4,MED_DONE,1,-,-,-,-,TCSWEEP_MED_38,-,-,
CPU_TDO,BGR,TRIM_CODE_GROUP_39,CODE_0,TRIM_CODE,8,-,-,-,-,TCSWEEP_0_39,-,-,I:DUT.BGDEFTEMPCO_BGTRIMCODE_H_0_39
CPU_TDO,BGR,TRIM_CODE_GROUP_39,CODE_0,DONE,1,-,-,-,-,TCSWEEP_0_39,-,-,
CPU_TDO,BGR,TRIM_CODE_GROUP_39,CODE_0,ERROR,1,-,-,-,-,TCSWEEP_0_39,-,-,
CPU_TDO,BGR,TRIM_CODE_GROUP_39,CODE_1,TRIM_CODE,8,-,-,-,-,TCSWEEP_1_39,-,-,I:DUT.BGDEFTEMPCO_BGTRIMCODE_H_1_39
CPU_TDO,BGR,TRIM_CODE_GROUP_39,CODE_1,DONE,1,-,-,-,-,TCSWEEP_1_39,-,-,
CPU_TDO,BGR,TRIM_CODE_GROUP_39,CODE_1,ERROR,1,-,-,-,-,TCSWEEP_1_39,-,-,
CPU_TDO,BGR,TRIM_CODE_GROUP_39,CODE_2,TRIM_CODE,8,-,-,-,-,TCSWEEP_2_39,-,-,I:DUT.BGDEFTEMPCO_BGTRIMCODE_H_2_39
CPU_TDO,BGR,TRIM_CODE_GROUP_39,CODE_2,DONE,1,-,-,-,-,TCSWEEP_2_39,-,-,
CPU_TDO,BGR,TRIM_CODE_GROUP_39,CODE_2,ERROR,1,-,-,-,-,TCSWEEP_2_39,-,-,
CPU_TDO,BGR,TRIM_CODE_GROUP_39,CODE_3,TRIM_CODE,8,-,-,-,-,TCSWEEP_3_39,-,-,I:DUT.BGDEFTEMPCO_BGTRIMCODE_H_3_39
CPU_TDO,BGR,TRIM_CODE_GROUP_39,CODE_3,DONE,1,-,-,-,-,TCSWEEP_3_39,-,-,
CPU_TDO,BGR,TRIM_CODE_GROUP_39,CODE_3,ERROR,1,-,-,-,-,TCSWEEP_3_39,-,-,
CPU_TDO,BGR,TRIM_CODE_GROUP_39,CODE_4,TRIM_CODE,8,-,-,-,-,TCSWEEP_4_39,-,-,I:DUT.BGDEFTEMPCO_BGTRIMCODE_H_4_39
CPU_TDO,BGR,TRIM_CODE_GROUP_39,CODE_4,DONE,1,-,-,-,-,TCSWEEP_4_39,-,-,
CPU_TDO,BGR,TRIM_CODE_GROUP_39,CODE_4,ERROR,1,-,-,-,-,TCSWEEP_4_39,-,-,
CPU_TDO,BGR,TRIM_CODE_GROUP_39,CODE_4,MED_TRIM_CODE,8,-,-,-,-,TCSWEEP_MED_39,-,-,
CPU_TDO,BGR,TRIM_CODE_GROUP_39,CODE_4,MED_DONE,1,-,-,-,-,TCSWEEP_MED_39,-,-,
CPU_TDO,BGR,TRIM_CODE_GROUP_40,CODE_0,TRIM_CODE,8,-,-,-,-,TCSWEEP_0_40,-,-,I:DUT.BGDEFTEMPCO_BGTRIMCODE_H_0_40
CPU_TDO,BGR,TRIM_CODE_GROUP_40,CODE_0,DONE,1,-,-,-,-,TCSWEEP_0_40,-,-,
CPU_TDO,BGR,TRIM_CODE_GROUP_40,CODE_0,ERROR,1,-,-,-,-,TCSWEEP_0_40,-,-,
CPU_TDO,BGR,TRIM_CODE_GROUP_40,CODE_1,TRIM_CODE,8,-,-,-,-,TCSWEEP_1_40,-,-,I:DUT.BGDEFTEMPCO_BGTRIMCODE_H_1_40
CPU_TDO,BGR,TRIM_CODE_GROUP_40,CODE_1,DONE,1,-,-,-,-,TCSWEEP_1_40,-,-,
CPU_TDO,BGR,TRIM_CODE_GROUP_40,CODE_1,ERROR,1,-,-,-,-,TCSWEEP_1_40,-,-,
CPU_TDO,BGR,TRIM_CODE_GROUP_40,CODE_2,TRIM_CODE,8,-,-,-,-,TCSWEEP_2_40,-,-,I:DUT.BGDEFTEMPCO_BGTRIMCODE_H_2_40
CPU_TDO,BGR,TRIM_CODE_GROUP_40,CODE_2,DONE,1,-,-,-,-,TCSWEEP_2_40,-,-,
CPU_TDO,BGR,TRIM_CODE_GROUP_40,CODE_2,ERROR,1,-,-,-,-,TCSWEEP_2_40,-,-,
CPU_TDO,BGR,TRIM_CODE_GROUP_40,CODE_3,TRIM_CODE,8,-,-,-,-,TCSWEEP_3_40,-,-,I:DUT.BGDEFTEMPCO_BGTRIMCODE_H_3_40
CPU_TDO,BGR,TRIM_CODE_GROUP_40,CODE_3,DONE,1,-,-,-,-,TCSWEEP_3_40,-,-,
CPU_TDO,BGR,TRIM_CODE_GROUP_40,CODE_3,ERROR,1,-,-,-,-,TCSWEEP_3_40,-,-,
CPU_TDO,BGR,TRIM_CODE_GROUP_40,CODE_4,TRIM_CODE,8,-,-,-,-,TCSWEEP_4_40,-,-,I:DUT.BGDEFTEMPCO_BGTRIMCODE_H_4_40
CPU_TDO,BGR,TRIM_CODE_GROUP_40,CODE_4,DONE,1,-,-,-,-,TCSWEEP_4_40,-,-,
CPU_TDO,BGR,TRIM_CODE_GROUP_40,CODE_4,ERROR,1,-,-,-,-,TCSWEEP_4_40,-,-,
CPU_TDO,BGR,TRIM_CODE_GROUP_40,CODE_4,MED_TRIM_CODE,8,-,-,-,-,TCSWEEP_MED_40,-,-,
CPU_TDO,BGR,TRIM_CODE_GROUP_40,CODE_4,MED_DONE,1,-,-,-,-,TCSWEEP_MED_40,-,-,
CPU_TDO,BGR,TRIM_CODE_GROUP_41,CODE_0,TRIM_CODE,8,-,-,-,-,TCSWEEP_0_41,-,-,I:DUT.BGDEFTEMPCO_BGTRIMCODE_H_0_41
CPU_TDO,BGR,TRIM_CODE_GROUP_41,CODE_0,DONE,1,-,-,-,-,TCSWEEP_0_41,-,-,
CPU_TDO,BGR,TRIM_CODE_GROUP_41,CODE_0,ERROR,1,-,-,-,-,TCSWEEP_0_41,-,-,
CPU_TDO,BGR,TRIM_CODE_GROUP_41,CODE_1,TRIM_CODE,8,-,-,-,-,TCSWEEP_1_41,-,-,I:DUT.BGDEFTEMPCO_BGTRIMCODE_H_1_41
CPU_TDO,BGR,TRIM_CODE_GROUP_41,CODE_1,DONE,1,-,-,-,-,TCSWEEP_1_41,-,-,
CPU_TDO,BGR,TRIM_CODE_GROUP_41,CODE_1,ERROR,1,-,-,-,-,TCSWEEP_1_41,-,-,
CPU_TDO,BGR,TRIM_CODE_GROUP_41,CODE_2,TRIM_CODE,8,-,-,-,-,TCSWEEP_2_41,-,-,I:DUT.BGDEFTEMPCO_BGTRIMCODE_H_2_41
CPU_TDO,BGR,TRIM_CODE_GROUP_41,CODE_2,DONE,1,-,-,-,-,TCSWEEP_2_41,-,-,
CPU_TDO,BGR,TRIM_CODE_GROUP_41,CODE_2,ERROR,1,-,-,-,-,TCSWEEP_2_41,-,-,
CPU_TDO,BGR,TRIM_CODE_GROUP_41,CODE_3,TRIM_CODE,8,-,-,-,-,TCSWEEP_3_41,-,-,I:DUT.BGDEFTEMPCO_BGTRIMCODE_H_3_41
CPU_TDO,BGR,TRIM_CODE_GROUP_41,CODE_3,DONE,1,-,-,-,-,TCSWEEP_3_41,-,-,
CPU_TDO,BGR,TRIM_CODE_GROUP_41,CODE_3,ERROR,1,-,-,-,-,TCSWEEP_3_41,-,-,
CPU_TDO,BGR,TRIM_CODE_GROUP_41,CODE_4,TRIM_CODE,8,-,-,-,-,TCSWEEP_4_41,-,-,I:DUT.BGDEFTEMPCO_BGTRIMCODE_H_4_41
CPU_TDO,BGR,TRIM_CODE_GROUP_41,CODE_4,DONE,1,-,-,-,-,TCSWEEP_4_41,-,-,
CPU_TDO,BGR,TRIM_CODE_GROUP_41,CODE_4,ERROR,1,-,-,-,-,TCSWEEP_4_41,-,-,
CPU_TDO,BGR,TRIM_CODE_GROUP_41,CODE_4,MED_TRIM_CODE,8,-,-,-,-,TCSWEEP_MED_41,-,-,
CPU_TDO,BGR,TRIM_CODE_GROUP_41,CODE_4,MED_DONE,1,-,-,-,-,TCSWEEP_MED_41,-,-,
CPU_TDO,BGR,TRIM_CODE_GROUP_42,CODE_0,TRIM_CODE,8,-,-,-,-,TCSWEEP_0_42,-,-,I:DUT.BGDEFTEMPCO_BGTRIMCODE_H_0_42
CPU_TDO,BGR,TRIM_CODE_GROUP_42,CODE_0,DONE,1,-,-,-,-,TCSWEEP_0_42,-,-,
CPU_TDO,BGR,TRIM_CODE_GROUP_42,CODE_0,ERROR,1,-,-,-,-,TCSWEEP_0_42,-,-,
CPU_TDO,BGR,TRIM_CODE_GROUP_42,CODE_1,TRIM_CODE,8,-,-,-,-,TCSWEEP_1_42,-,-,I:DUT.BGDEFTEMPCO_BGTRIMCODE_H_1_42
CPU_TDO,BGR,TRIM_CODE_GROUP_42,CODE_1,DONE,1,-,-,-,-,TCSWEEP_1_42,-,-,
CPU_TDO,BGR,TRIM_CODE_GROUP_42,CODE_1,ERROR,1,-,-,-,-,TCSWEEP_1_42,-,-,
CPU_TDO,BGR,TRIM_CODE_GROUP_42,CODE_2,TRIM_CODE,8,-,-,-,-,TCSWEEP_2_42,-,-,I:DUT.BGDEFTEMPCO_BGTRIMCODE_H_2_42
CPU_TDO,BGR,TRIM_CODE_GROUP_42,CODE_2,DONE,1,-,-,-,-,TCSWEEP_2_42,-,-,
CPU_TDO,BGR,TRIM_CODE_GROUP_42,CODE_2,ERROR,1,-,-,-,-,TCSWEEP_2_42,-,-,
CPU_TDO,BGR,TRIM_CODE_GROUP_42,CODE_3,TRIM_CODE,8,-,-,-,-,TCSWEEP_3_42,-,-,I:DUT.BGDEFTEMPCO_BGTRIMCODE_H_3_42
CPU_TDO,BGR,TRIM_CODE_GROUP_42,CODE_3,DONE,1,-,-,-,-,TCSWEEP_3_42,-,-,
CPU_TDO,BGR,TRIM_CODE_GROUP_42,CODE_3,ERROR,1,-,-,-,-,TCSWEEP_3_42,-,-,
CPU_TDO,BGR,TRIM_CODE_GROUP_42,CODE_4,TRIM_CODE,8,-,-,-,-,TCSWEEP_4_42,-,-,I:DUT.BGDEFTEMPCO_BGTRIMCODE_H_4_42
CPU_TDO,BGR,TRIM_CODE_GROUP_42,CODE_4,DONE,1,-,-,-,-,TCSWEEP_4_42,-,-,
CPU_TDO,BGR,TRIM_CODE_GROUP_42,CODE_4,ERROR,1,-,-,-,-,TCSWEEP_4_42,-,-,
CPU_TDO,BGR,TRIM_CODE_GROUP_42,CODE_4,MED_TRIM_CODE,8,-,-,-,-,TCSWEEP_MED_42,-,-,
CPU_TDO,BGR,TRIM_CODE_GROUP_42,CODE_4,MED_DONE,1,-,-,-,-,TCSWEEP_MED_42,-,-,
CPU_TDO,BGR,TRIM_CODE_GROUP_43,CODE_0,TRIM_CODE,8,-,-,-,-,TCSWEEP_0_43,-,-,I:DUT.BGDEFTEMPCO_BGTRIMCODE_H_0_43
CPU_TDO,BGR,TRIM_CODE_GROUP_43,CODE_0,DONE,1,-,-,-,-,TCSWEEP_0_43,-,-,
CPU_TDO,BGR,TRIM_CODE_GROUP_43,CODE_0,ERROR,1,-,-,-,-,TCSWEEP_0_43,-,-,
CPU_TDO,BGR,TRIM_CODE_GROUP_43,CODE_1,TRIM_CODE,8,-,-,-,-,TCSWEEP_1_43,-,-,I:DUT.BGDEFTEMPCO_BGTRIMCODE_H_1_43
CPU_TDO,BGR,TRIM_CODE_GROUP_43,CODE_1,DONE,1,-,-,-,-,TCSWEEP_1_43,-,-,
CPU_TDO,BGR,TRIM_CODE_GROUP_43,CODE_1,ERROR,1,-,-,-,-,TCSWEEP_1_43,-,-,
CPU_TDO,BGR,TRIM_CODE_GROUP_43,CODE_2,TRIM_CODE,8,-,-,-,-,TCSWEEP_2_43,-,-,I:DUT.BGDEFTEMPCO_BGTRIMCODE_H_2_43
CPU_TDO,BGR,TRIM_CODE_GROUP_43,CODE_2,DONE,1,-,-,-,-,TCSWEEP_2_43,-,-,
CPU_TDO,BGR,TRIM_CODE_GROUP_43,CODE_2,ERROR,1,-,-,-,-,TCSWEEP_2_43,-,-,
CPU_TDO,BGR,TRIM_CODE_GROUP_43,CODE_3,TRIM_CODE,8,-,-,-,-,TCSWEEP_3_43,-,-,I:DUT.BGDEFTEMPCO_BGTRIMCODE_H_3_43
CPU_TDO,BGR,TRIM_CODE_GROUP_43,CODE_3,DONE,1,-,-,-,-,TCSWEEP_3_43,-,-,
CPU_TDO,BGR,TRIM_CODE_GROUP_43,CODE_3,ERROR,1,-,-,-,-,TCSWEEP_3_43,-,-,
CPU_TDO,BGR,TRIM_CODE_GROUP_43,CODE_4,TRIM_CODE,8,-,-,-,-,TCSWEEP_4_43,-,-,I:DUT.BGDEFTEMPCO_BGTRIMCODE_H_4_43
CPU_TDO,BGR,TRIM_CODE_GROUP_43,CODE_4,DONE,1,-,-,-,-,TCSWEEP_4_43,-,-,
CPU_TDO,BGR,TRIM_CODE_GROUP_43,CODE_4,ERROR,1,-,-,-,-,TCSWEEP_4_43,-,-,
CPU_TDO,BGR,TRIM_CODE_GROUP_43,CODE_4,MED_TRIM_CODE,8,-,-,-,-,TCSWEEP_MED_43,-,-,
CPU_TDO,BGR,TRIM_CODE_GROUP_43,CODE_4,MED_DONE,1,-,-,-,-,TCSWEEP_MED_43,-,-,
CPU_TDO,BGR,TRIM_CODE_GROUP_44,CODE_0,TRIM_CODE,8,-,-,-,-,TCSWEEP_0_44,-,-,I:DUT.BGDEFTEMPCO_BGTRIMCODE_H_0_44
CPU_TDO,BGR,TRIM_CODE_GROUP_44,CODE_0,DONE,1,-,-,-,-,TCSWEEP_0_44,-,-,
CPU_TDO,BGR,TRIM_CODE_GROUP_44,CODE_0,ERROR,1,-,-,-,-,TCSWEEP_0_44,-,-,
CPU_TDO,BGR,TRIM_CODE_GROUP_44,CODE_1,TRIM_CODE,8,-,-,-,-,TCSWEEP_1_44,-,-,I:DUT.BGDEFTEMPCO_BGTRIMCODE_H_1_44
CPU_TDO,BGR,TRIM_CODE_GROUP_44,CODE_1,DONE,1,-,-,-,-,TCSWEEP_1_44,-,-,
CPU_TDO,BGR,TRIM_CODE_GROUP_44,CODE_1,ERROR,1,-,-,-,-,TCSWEEP_1_44,-,-,
CPU_TDO,BGR,TRIM_CODE_GROUP_44,CODE_2,TRIM_CODE,8,-,-,-,-,TCSWEEP_2_44,-,-,I:DUT.BGDEFTEMPCO_BGTRIMCODE_H_2_44
CPU_TDO,BGR,TRIM_CODE_GROUP_44,CODE_2,DONE,1,-,-,-,-,TCSWEEP_2_44,-,-,
CPU_TDO,BGR,TRIM_CODE_GROUP_44,CODE_2,ERROR,1,-,-,-,-,TCSWEEP_2_44,-,-,
CPU_TDO,BGR,TRIM_CODE_GROUP_44,CODE_3,TRIM_CODE,8,-,-,-,-,TCSWEEP_3_44,-,-,I:DUT.BGDEFTEMPCO_BGTRIMCODE_H_3_44
CPU_TDO,BGR,TRIM_CODE_GROUP_44,CODE_3,DONE,1,-,-,-,-,TCSWEEP_3_44,-,-,
CPU_TDO,BGR,TRIM_CODE_GROUP_44,CODE_3,ERROR,1,-,-,-,-,TCSWEEP_3_44,-,-,
CPU_TDO,BGR,TRIM_CODE_GROUP_44,CODE_4,TRIM_CODE,8,-,-,-,-,TCSWEEP_4_44,-,-,I:DUT.BGDEFTEMPCO_BGTRIMCODE_H_4_44
CPU_TDO,BGR,TRIM_CODE_GROUP_44,CODE_4,DONE,1,-,-,-,-,TCSWEEP_4_44,-,-,
CPU_TDO,BGR,TRIM_CODE_GROUP_44,CODE_4,ERROR,1,-,-,-,-,TCSWEEP_4_44,-,-,
CPU_TDO,BGR,TRIM_CODE_GROUP_44,CODE_4,MED_TRIM_CODE,8,-,-,-,-,TCSWEEP_MED_44,-,-,
CPU_TDO,BGR,TRIM_CODE_GROUP_44,CODE_4,MED_DONE,1,-,-,-,-,TCSWEEP_MED_44,-,-,
CPU_TDO,BGR,TRIM_CODE_GROUP_45,CODE_0,TRIM_CODE,8,-,-,-,-,TCSWEEP_0_45,-,-,I:DUT.BGDEFTEMPCO_BGTRIMCODE_H_0_45
CPU_TDO,BGR,TRIM_CODE_GROUP_45,CODE_0,DONE,1,-,-,-,-,TCSWEEP_0_45,-,-,
CPU_TDO,BGR,TRIM_CODE_GROUP_45,CODE_0,ERROR,1,-,-,-,-,TCSWEEP_0_45,-,-,
CPU_TDO,BGR,TRIM_CODE_GROUP_45,CODE_1,TRIM_CODE,8,-,-,-,-,TCSWEEP_1_45,-,-,I:DUT.BGDEFTEMPCO_BGTRIMCODE_H_1_45
CPU_TDO,BGR,TRIM_CODE_GROUP_45,CODE_1,DONE,1,-,-,-,-,TCSWEEP_1_45,-,-,
CPU_TDO,BGR,TRIM_CODE_GROUP_45,CODE_1,ERROR,1,-,-,-,-,TCSWEEP_1_45,-,-,
CPU_TDO,BGR,TRIM_CODE_GROUP_45,CODE_2,TRIM_CODE,8,-,-,-,-,TCSWEEP_2_45,-,-,I:DUT.BGDEFTEMPCO_BGTRIMCODE_H_2_45
CPU_TDO,BGR,TRIM_CODE_GROUP_45,CODE_2,DONE,1,-,-,-,-,TCSWEEP_2_45,-,-,
CPU_TDO,BGR,TRIM_CODE_GROUP_45,CODE_2,ERROR,1,-,-,-,-,TCSWEEP_2_45,-,-,
CPU_TDO,BGR,TRIM_CODE_GROUP_45,CODE_3,TRIM_CODE,8,-,-,-,-,TCSWEEP_3_45,-,-,I:DUT.BGDEFTEMPCO_BGTRIMCODE_H_3_45
CPU_TDO,BGR,TRIM_CODE_GROUP_45,CODE_3,DONE,1,-,-,-,-,TCSWEEP_3_45,-,-,
CPU_TDO,BGR,TRIM_CODE_GROUP_45,CODE_3,ERROR,1,-,-,-,-,TCSWEEP_3_45,-,-,
CPU_TDO,BGR,TRIM_CODE_GROUP_45,CODE_4,TRIM_CODE,8,-,-,-,-,TCSWEEP_4_45,-,-,I:DUT.BGDEFTEMPCO_BGTRIMCODE_H_4_45
CPU_TDO,BGR,TRIM_CODE_GROUP_45,CODE_4,DONE,1,-,-,-,-,TCSWEEP_4_45,-,-,
CPU_TDO,BGR,TRIM_CODE_GROUP_45,CODE_4,ERROR,1,-,-,-,-,TCSWEEP_4_45,-,-,
CPU_TDO,BGR,TRIM_CODE_GROUP_45,CODE_4,MED_TRIM_CODE,8,-,-,-,-,TCSWEEP_MED_45,-,-,
CPU_TDO,BGR,TRIM_CODE_GROUP_45,CODE_4,MED_DONE,1,-,-,-,-,TCSWEEP_MED_45,-,-,
CPU_TDO,BGR,TRIM_CODE_GROUP_46,CODE_0,TRIM_CODE,8,-,-,-,-,TCSWEEP_0_46,-,-,I:DUT.BGDEFTEMPCO_BGTRIMCODE_H_0_46
CPU_TDO,BGR,TRIM_CODE_GROUP_46,CODE_0,DONE,1,-,-,-,-,TCSWEEP_0_46,-,-,
CPU_TDO,BGR,TRIM_CODE_GROUP_46,CODE_0,ERROR,1,-,-,-,-,TCSWEEP_0_46,-,-,
CPU_TDO,BGR,TRIM_CODE_GROUP_46,CODE_1,TRIM_CODE,8,-,-,-,-,TCSWEEP_1_46,-,-,I:DUT.BGDEFTEMPCO_BGTRIMCODE_H_1_46
CPU_TDO,BGR,TRIM_CODE_GROUP_46,CODE_1,DONE,1,-,-,-,-,TCSWEEP_1_46,-,-,
CPU_TDO,BGR,TRIM_CODE_GROUP_46,CODE_1,ERROR,1,-,-,-,-,TCSWEEP_1_46,-,-,
CPU_TDO,BGR,TRIM_CODE_GROUP_46,CODE_2,TRIM_CODE,8,-,-,-,-,TCSWEEP_2_46,-,-,I:DUT.BGDEFTEMPCO_BGTRIMCODE_H_2_46
CPU_TDO,BGR,TRIM_CODE_GROUP_46,CODE_2,DONE,1,-,-,-,-,TCSWEEP_2_46,-,-,
CPU_TDO,BGR,TRIM_CODE_GROUP_46,CODE_2,ERROR,1,-,-,-,-,TCSWEEP_2_46,-,-,
CPU_TDO,BGR,TRIM_CODE_GROUP_46,CODE_3,TRIM_CODE,8,-,-,-,-,TCSWEEP_3_46,-,-,I:DUT.BGDEFTEMPCO_BGTRIMCODE_H_3_46
CPU_TDO,BGR,TRIM_CODE_GROUP_46,CODE_3,DONE,1,-,-,-,-,TCSWEEP_3_46,-,-,
CPU_TDO,BGR,TRIM_CODE_GROUP_46,CODE_3,ERROR,1,-,-,-,-,TCSWEEP_3_46,-,-,
CPU_TDO,BGR,TRIM_CODE_GROUP_46,CODE_4,TRIM_CODE,8,-,-,-,-,TCSWEEP_4_46,-,-,I:DUT.BGDEFTEMPCO_BGTRIMCODE_H_4_46
CPU_TDO,BGR,TRIM_CODE_GROUP_46,CODE_4,DONE,1,-,-,-,-,TCSWEEP_4_46,-,-,
CPU_TDO,BGR,TRIM_CODE_GROUP_46,CODE_4,ERROR,1,-,-,-,-,TCSWEEP_4_46,-,-,
CPU_TDO,BGR,TRIM_CODE_GROUP_46,CODE_4,MED_TRIM_CODE,8,-,-,-,-,TCSWEEP_MED_46,-,-,
CPU_TDO,BGR,TRIM_CODE_GROUP_46,CODE_4,MED_DONE,1,-,-,-,-,TCSWEEP_MED_46,-,-,
CPU_TDO,BGR,TRIM_CODE_GROUP_47,CODE_0,TRIM_CODE,8,-,-,-,-,TCSWEEP_0_47,-,-,I:DUT.BGDEFTEMPCO_BGTRIMCODE_H_0_47
CPU_TDO,BGR,TRIM_CODE_GROUP_47,CODE_0,DONE,1,-,-,-,-,TCSWEEP_0_47,-,-,
CPU_TDO,BGR,TRIM_CODE_GROUP_47,CODE_0,ERROR,1,-,-,-,-,TCSWEEP_0_47,-,-,
CPU_TDO,BGR,TRIM_CODE_GROUP_47,CODE_1,TRIM_CODE,8,-,-,-,-,TCSWEEP_1_47,-,-,I:DUT.BGDEFTEMPCO_BGTRIMCODE_H_1_47
CPU_TDO,BGR,TRIM_CODE_GROUP_47,CODE_1,DONE,1,-,-,-,-,TCSWEEP_1_47,-,-,
CPU_TDO,BGR,TRIM_CODE_GROUP_47,CODE_1,ERROR,1,-,-,-,-,TCSWEEP_1_47,-,-,
CPU_TDO,BGR,TRIM_CODE_GROUP_47,CODE_2,TRIM_CODE,8,-,-,-,-,TCSWEEP_2_47,-,-,I:DUT.BGDEFTEMPCO_BGTRIMCODE_H_2_47
CPU_TDO,BGR,TRIM_CODE_GROUP_47,CODE_2,DONE,1,-,-,-,-,TCSWEEP_2_47,-,-,
CPU_TDO,BGR,TRIM_CODE_GROUP_47,CODE_2,ERROR,1,-,-,-,-,TCSWEEP_2_47,-,-,
CPU_TDO,BGR,TRIM_CODE_GROUP_47,CODE_3,TRIM_CODE,8,-,-,-,-,TCSWEEP_3_47,-,-,I:DUT.BGDEFTEMPCO_BGTRIMCODE_H_3_47
CPU_TDO,BGR,TRIM_CODE_GROUP_47,CODE_3,DONE,1,-,-,-,-,TCSWEEP_3_47,-,-,
CPU_TDO,BGR,TRIM_CODE_GROUP_47,CODE_3,ERROR,1,-,-,-,-,TCSWEEP_3_47,-,-,
CPU_TDO,BGR,TRIM_CODE_GROUP_47,CODE_4,TRIM_CODE,8,-,-,-,-,TCSWEEP_4_47,-,-,I:DUT.BGDEFTEMPCO_BGTRIMCODE_H_4_47
CPU_TDO,BGR,TRIM_CODE_GROUP_47,CODE_4,DONE,1,-,-,-,-,TCSWEEP_4_47,-,-,
CPU_TDO,BGR,TRIM_CODE_GROUP_47,CODE_4,ERROR,1,-,-,-,-,TCSWEEP_4_47,-,-,
CPU_TDO,BGR,TRIM_CODE_GROUP_47,CODE_4,MED_TRIM_CODE,8,-,-,-,-,TCSWEEP_MED_47,-,-,
CPU_TDO,BGR,TRIM_CODE_GROUP_47,CODE_4,MED_DONE,1,-,-,-,-,TCSWEEP_MED_47,-,-,
CPU_TDO,BGR,TRIM_CODE_GROUP_48,CODE_0,TRIM_CODE,8,-,-,-,-,TCSWEEP_0_48,-,-,I:DUT.BGDEFTEMPCO_BGTRIMCODE_H_0_48
CPU_TDO,BGR,TRIM_CODE_GROUP_48,CODE_0,DONE,1,-,-,-,-,TCSWEEP_0_48,-,-,
CPU_TDO,BGR,TRIM_CODE_GROUP_48,CODE_0,ERROR,1,-,-,-,-,TCSWEEP_0_48,-,-,
CPU_TDO,BGR,TRIM_CODE_GROUP_48,CODE_1,TRIM_CODE,8,-,-,-,-,TCSWEEP_1_48,-,-,I:DUT.BGDEFTEMPCO_BGTRIMCODE_H_1_48
CPU_TDO,BGR,TRIM_CODE_GROUP_48,CODE_1,DONE,1,-,-,-,-,TCSWEEP_1_48,-,-,
CPU_TDO,BGR,TRIM_CODE_GROUP_48,CODE_1,ERROR,1,-,-,-,-,TCSWEEP_1_48,-,-,
CPU_TDO,BGR,TRIM_CODE_GROUP_48,CODE_2,TRIM_CODE,8,-,-,-,-,TCSWEEP_2_48,-,-,I:DUT.BGDEFTEMPCO_BGTRIMCODE_H_2_48
CPU_TDO,BGR,TRIM_CODE_GROUP_48,CODE_2,DONE,1,-,-,-,-,TCSWEEP_2_48,-,-,
CPU_TDO,BGR,TRIM_CODE_GROUP_48,CODE_2,ERROR,1,-,-,-,-,TCSWEEP_2_48,-,-,
CPU_TDO,BGR,TRIM_CODE_GROUP_48,CODE_3,TRIM_CODE,8,-,-,-,-,TCSWEEP_3_48,-,-,I:DUT.BGDEFTEMPCO_BGTRIMCODE_H_3_48
CPU_TDO,BGR,TRIM_CODE_GROUP_48,CODE_3,DONE,1,-,-,-,-,TCSWEEP_3_48,-,-,
CPU_TDO,BGR,TRIM_CODE_GROUP_48,CODE_3,ERROR,1,-,-,-,-,TCSWEEP_3_48,-,-,
CPU_TDO,BGR,TRIM_CODE_GROUP_48,CODE_4,TRIM_CODE,8,-,-,-,-,TCSWEEP_4_48,-,-,I:DUT.BGDEFTEMPCO_BGTRIMCODE_H_4_48
CPU_TDO,BGR,TRIM_CODE_GROUP_48,CODE_4,DONE,1,-,-,-,-,TCSWEEP_4_48,-,-,
CPU_TDO,BGR,TRIM_CODE_GROUP_48,CODE_4,ERROR,1,-,-,-,-,TCSWEEP_4_48,-,-,
CPU_TDO,BGR,TRIM_CODE_GROUP_48,CODE_4,MED_TRIM_CODE,8,-,-,-,-,TCSWEEP_MED_48,-,-,
CPU_TDO,BGR,TRIM_CODE_GROUP_48,CODE_4,MED_DONE,1,-,-,-,-,TCSWEEP_MED_48,-,-,
CPU_TDO,BGR,TRIM_CODE_GROUP_49,CODE_0,TRIM_CODE,8,-,-,-,-,TCSWEEP_0_49,-,-,I:DUT.BGDEFTEMPCO_BGTRIMCODE_H_0_49
CPU_TDO,BGR,TRIM_CODE_GROUP_49,CODE_0,DONE,1,-,-,-,-,TCSWEEP_0_49,-,-,
CPU_TDO,BGR,TRIM_CODE_GROUP_49,CODE_0,ERROR,1,-,-,-,-,TCSWEEP_0_49,-,-,
CPU_TDO,BGR,TRIM_CODE_GROUP_49,CODE_1,TRIM_CODE,8,-,-,-,-,TCSWEEP_1_49,-,-,I:DUT.BGDEFTEMPCO_BGTRIMCODE_H_1_49
CPU_TDO,BGR,TRIM_CODE_GROUP_49,CODE_1,DONE,1,-,-,-,-,TCSWEEP_1_49,-,-,
CPU_TDO,BGR,TRIM_CODE_GROUP_49,CODE_1,ERROR,1,-,-,-,-,TCSWEEP_1_49,-,-,
CPU_TDO,BGR,TRIM_CODE_GROUP_49,CODE_2,TRIM_CODE,8,-,-,-,-,TCSWEEP_2_49,-,-,I:DUT.BGDEFTEMPCO_BGTRIMCODE_H_2_49
CPU_TDO,BGR,TRIM_CODE_GROUP_49,CODE_2,DONE,1,-,-,-,-,TCSWEEP_2_49,-,-,
CPU_TDO,BGR,TRIM_CODE_GROUP_49,CODE_2,ERROR,1,-,-,-,-,TCSWEEP_2_49,-,-,
CPU_TDO,BGR,TRIM_CODE_GROUP_49,CODE_3,TRIM_CODE,8,-,-,-,-,TCSWEEP_3_49,-,-,I:DUT.BGDEFTEMPCO_BGTRIMCODE_H_3_49
CPU_TDO,BGR,TRIM_CODE_GROUP_49,CODE_3,DONE,1,-,-,-,-,TCSWEEP_3_49,-,-,
CPU_TDO,BGR,TRIM_CODE_GROUP_49,CODE_3,ERROR,1,-,-,-,-,TCSWEEP_3_49,-,-,
CPU_TDO,BGR,TRIM_CODE_GROUP_49,CODE_4,TRIM_CODE,8,-,-,-,-,TCSWEEP_4_49,-,-,I:DUT.BGDEFTEMPCO_BGTRIMCODE_H_4_49
CPU_TDO,BGR,TRIM_CODE_GROUP_49,CODE_4,DONE,1,-,-,-,-,TCSWEEP_4_49,-,-,
CPU_TDO,BGR,TRIM_CODE_GROUP_49,CODE_4,ERROR,1,-,-,-,-,TCSWEEP_4_49,-,-,
CPU_TDO,BGR,TRIM_CODE_GROUP_49,CODE_4,MED_TRIM_CODE,8,-,-,-,-,TCSWEEP_MED_49,-,-,
CPU_TDO,BGR,TRIM_CODE_GROUP_49,CODE_4,MED_DONE,1,-,-,-,-,TCSWEEP_MED_49,-,-,
CPU_TDO,BGR,TRIM_CODE_GROUP_50,CODE_0,TRIM_CODE,8,-,-,-,-,TCSWEEP_0_50,-,-,I:DUT.BGDEFTEMPCO_BGTRIMCODE_H_0_50
CPU_TDO,BGR,TRIM_CODE_GROUP_50,CODE_0,DONE,1,-,-,-,-,TCSWEEP_0_50,-,-,
CPU_TDO,BGR,TRIM_CODE_GROUP_50,CODE_0,ERROR,1,-,-,-,-,TCSWEEP_0_50,-,-,
CPU_TDO,BGR,TRIM_CODE_GROUP_50,CODE_1,TRIM_CODE,8,-,-,-,-,TCSWEEP_1_50,-,-,I:DUT.BGDEFTEMPCO_BGTRIMCODE_H_1_50
CPU_TDO,BGR,TRIM_CODE_GROUP_50,CODE_1,DONE,1,-,-,-,-,TCSWEEP_1_50,-,-,
CPU_TDO,BGR,TRIM_CODE_GROUP_50,CODE_1,ERROR,1,-,-,-,-,TCSWEEP_1_50,-,-,
CPU_TDO,BGR,TRIM_CODE_GROUP_50,CODE_2,TRIM_CODE,8,-,-,-,-,TCSWEEP_2_50,-,-,I:DUT.BGDEFTEMPCO_BGTRIMCODE_H_2_50
CPU_TDO,BGR,TRIM_CODE_GROUP_50,CODE_2,DONE,1,-,-,-,-,TCSWEEP_2_50,-,-,
CPU_TDO,BGR,TRIM_CODE_GROUP_50,CODE_2,ERROR,1,-,-,-,-,TCSWEEP_2_50,-,-,
CPU_TDO,BGR,TRIM_CODE_GROUP_50,CODE_3,TRIM_CODE,8,-,-,-,-,TCSWEEP_3_50,-,-,I:DUT.BGDEFTEMPCO_BGTRIMCODE_H_3_50
CPU_TDO,BGR,TRIM_CODE_GROUP_50,CODE_3,DONE,1,-,-,-,-,TCSWEEP_3_50,-,-,
CPU_TDO,BGR,TRIM_CODE_GROUP_50,CODE_3,ERROR,1,-,-,-,-,TCSWEEP_3_50,-,-,
CPU_TDO,BGR,TRIM_CODE_GROUP_50,CODE_4,TRIM_CODE,8,-,-,-,-,TCSWEEP_4_50,-,-,I:DUT.BGDEFTEMPCO_BGTRIMCODE_H_4_50
CPU_TDO,BGR,TRIM_CODE_GROUP_50,CODE_4,DONE,1,-,-,-,-,TCSWEEP_4_50,-,-,
CPU_TDO,BGR,TRIM_CODE_GROUP_50,CODE_4,ERROR,1,-,-,-,-,TCSWEEP_4_50,-,-,
CPU_TDO,BGR,TRIM_CODE_GROUP_50,CODE_4,MED_TRIM_CODE,8,-,-,-,-,TCSWEEP_MED_50,-,-,
CPU_TDO,BGR,TRIM_CODE_GROUP_50,CODE_4,MED_DONE,1,-,-,-,-,TCSWEEP_MED_50,-,-,
CPU_TDO,BGR,TRIM_CODE_GROUP_51,CODE_0,TRIM_CODE,8,-,-,-,-,TCSWEEP_0_51,-,-,I:DUT.BGDEFTEMPCO_BGTRIMCODE_H_0_51
CPU_TDO,BGR,TRIM_CODE_GROUP_51,CODE_0,DONE,1,-,-,-,-,TCSWEEP_0_51,-,-,
CPU_TDO,BGR,TRIM_CODE_GROUP_51,CODE_0,ERROR,1,-,-,-,-,TCSWEEP_0_51,-,-,
CPU_TDO,BGR,TRIM_CODE_GROUP_51,CODE_1,TRIM_CODE,8,-,-,-,-,TCSWEEP_1_51,-,-,I:DUT.BGDEFTEMPCO_BGTRIMCODE_H_1_51
CPU_TDO,BGR,TRIM_CODE_GROUP_51,CODE_1,DONE,1,-,-,-,-,TCSWEEP_1_51,-,-,
CPU_TDO,BGR,TRIM_CODE_GROUP_51,CODE_1,ERROR,1,-,-,-,-,TCSWEEP_1_51,-,-,
CPU_TDO,BGR,TRIM_CODE_GROUP_51,CODE_2,TRIM_CODE,8,-,-,-,-,TCSWEEP_2_51,-,-,I:DUT.BGDEFTEMPCO_BGTRIMCODE_H_2_51
CPU_TDO,BGR,TRIM_CODE_GROUP_51,CODE_2,DONE,1,-,-,-,-,TCSWEEP_2_51,-,-,
CPU_TDO,BGR,TRIM_CODE_GROUP_51,CODE_2,ERROR,1,-,-,-,-,TCSWEEP_2_51,-,-,
CPU_TDO,BGR,TRIM_CODE_GROUP_51,CODE_3,TRIM_CODE,8,-,-,-,-,TCSWEEP_3_51,-,-,I:DUT.BGDEFTEMPCO_BGTRIMCODE_H_3_51
CPU_TDO,BGR,TRIM_CODE_GROUP_51,CODE_3,DONE,1,-,-,-,-,TCSWEEP_3_51,-,-,
CPU_TDO,BGR,TRIM_CODE_GROUP_51,CODE_3,ERROR,1,-,-,-,-,TCSWEEP_3_51,-,-,
CPU_TDO,BGR,TRIM_CODE_GROUP_51,CODE_4,TRIM_CODE,8,-,-,-,-,TCSWEEP_4_51,-,-,I:DUT.BGDEFTEMPCO_BGTRIMCODE_H_4_51
CPU_TDO,BGR,TRIM_CODE_GROUP_51,CODE_4,DONE,1,-,-,-,-,TCSWEEP_4_51,-,-,
CPU_TDO,BGR,TRIM_CODE_GROUP_51,CODE_4,ERROR,1,-,-,-,-,TCSWEEP_4_51,-,-,
CPU_TDO,BGR,TRIM_CODE_GROUP_51,CODE_4,MED_TRIM_CODE,8,-,-,-,-,TCSWEEP_MED_51,-,-,
CPU_TDO,BGR,TRIM_CODE_GROUP_51,CODE_4,MED_DONE,1,-,-,-,-,TCSWEEP_MED_51,-,-,
CPU_TDO,BGR,TRIM_CODE_GROUP_52,CODE_0,TRIM_CODE,8,-,-,-,-,TCSWEEP_0_52,-,-,I:DUT.BGDEFTEMPCO_BGTRIMCODE_H_0_52
CPU_TDO,BGR,TRIM_CODE_GROUP_52,CODE_0,DONE,1,-,-,-,-,TCSWEEP_0_52,-,-,
CPU_TDO,BGR,TRIM_CODE_GROUP_52,CODE_0,ERROR,1,-,-,-,-,TCSWEEP_0_52,-,-,
CPU_TDO,BGR,TRIM_CODE_GROUP_52,CODE_1,TRIM_CODE,8,-,-,-,-,TCSWEEP_1_52,-,-,I:DUT.BGDEFTEMPCO_BGTRIMCODE_H_1_52
CPU_TDO,BGR,TRIM_CODE_GROUP_52,CODE_1,DONE,1,-,-,-,-,TCSWEEP_1_52,-,-,
CPU_TDO,BGR,TRIM_CODE_GROUP_52,CODE_1,ERROR,1,-,-,-,-,TCSWEEP_1_52,-,-,
CPU_TDO,BGR,TRIM_CODE_GROUP_52,CODE_2,TRIM_CODE,8,-,-,-,-,TCSWEEP_2_52,-,-,I:DUT.BGDEFTEMPCO_BGTRIMCODE_H_2_52
CPU_TDO,BGR,TRIM_CODE_GROUP_52,CODE_2,DONE,1,-,-,-,-,TCSWEEP_2_52,-,-,
CPU_TDO,BGR,TRIM_CODE_GROUP_52,CODE_2,ERROR,1,-,-,-,-,TCSWEEP_2_52,-,-,
CPU_TDO,BGR,TRIM_CODE_GROUP_52,CODE_3,TRIM_CODE,8,-,-,-,-,TCSWEEP_3_52,-,-,I:DUT.BGDEFTEMPCO_BGTRIMCODE_H_3_52
CPU_TDO,BGR,TRIM_CODE_GROUP_52,CODE_3,DONE,1,-,-,-,-,TCSWEEP_3_52,-,-,
CPU_TDO,BGR,TRIM_CODE_GROUP_52,CODE_3,ERROR,1,-,-,-,-,TCSWEEP_3_52,-,-,
CPU_TDO,BGR,TRIM_CODE_GROUP_52,CODE_4,TRIM_CODE,8,-,-,-,-,TCSWEEP_4_52,-,-,I:DUT.BGDEFTEMPCO_BGTRIMCODE_H_4_52
CPU_TDO,BGR,TRIM_CODE_GROUP_52,CODE_4,DONE,1,-,-,-,-,TCSWEEP_4_52,-,-,
CPU_TDO,BGR,TRIM_CODE_GROUP_52,CODE_4,ERROR,1,-,-,-,-,TCSWEEP_4_52,-,-,
CPU_TDO,BGR,TRIM_CODE_GROUP_52,CODE_4,MED_TRIM_CODE,8,-,-,-,-,TCSWEEP_MED_52,-,-,
CPU_TDO,BGR,TRIM_CODE_GROUP_52,CODE_4,MED_DONE,1,-,-,-,-,TCSWEEP_MED_52,-,-,
CPU_TDO,BGR,TRIM_CODE_GROUP_53,CODE_0,TRIM_CODE,8,-,-,-,-,TCSWEEP_0_53,-,-,I:DUT.BGDEFTEMPCO_BGTRIMCODE_H_0_53
CPU_TDO,BGR,TRIM_CODE_GROUP_53,CODE_0,DONE,1,-,-,-,-,TCSWEEP_0_53,-,-,
CPU_TDO,BGR,TRIM_CODE_GROUP_53,CODE_0,ERROR,1,-,-,-,-,TCSWEEP_0_53,-,-,
CPU_TDO,BGR,TRIM_CODE_GROUP_53,CODE_1,TRIM_CODE,8,-,-,-,-,TCSWEEP_1_53,-,-,I:DUT.BGDEFTEMPCO_BGTRIMCODE_H_1_53
CPU_TDO,BGR,TRIM_CODE_GROUP_53,CODE_1,DONE,1,-,-,-,-,TCSWEEP_1_53,-,-,
CPU_TDO,BGR,TRIM_CODE_GROUP_53,CODE_1,ERROR,1,-,-,-,-,TCSWEEP_1_53,-,-,
CPU_TDO,BGR,TRIM_CODE_GROUP_53,CODE_2,TRIM_CODE,8,-,-,-,-,TCSWEEP_2_53,-,-,I:DUT.BGDEFTEMPCO_BGTRIMCODE_H_2_53
CPU_TDO,BGR,TRIM_CODE_GROUP_53,CODE_2,DONE,1,-,-,-,-,TCSWEEP_2_53,-,-,
CPU_TDO,BGR,TRIM_CODE_GROUP_53,CODE_2,ERROR,1,-,-,-,-,TCSWEEP_2_53,-,-,
CPU_TDO,BGR,TRIM_CODE_GROUP_53,CODE_3,TRIM_CODE,8,-,-,-,-,TCSWEEP_3_53,-,-,I:DUT.BGDEFTEMPCO_BGTRIMCODE_H_3_53
CPU_TDO,BGR,TRIM_CODE_GROUP_53,CODE_3,DONE,1,-,-,-,-,TCSWEEP_3_53,-,-,
CPU_TDO,BGR,TRIM_CODE_GROUP_53,CODE_3,ERROR,1,-,-,-,-,TCSWEEP_3_53,-,-,
CPU_TDO,BGR,TRIM_CODE_GROUP_53,CODE_4,TRIM_CODE,8,-,-,-,-,TCSWEEP_4_53,-,-,I:DUT.BGDEFTEMPCO_BGTRIMCODE_H_4_53
CPU_TDO,BGR,TRIM_CODE_GROUP_53,CODE_4,DONE,1,-,-,-,-,TCSWEEP_4_53,-,-,
CPU_TDO,BGR,TRIM_CODE_GROUP_53,CODE_4,ERROR,1,-,-,-,-,TCSWEEP_4_53,-,-,
CPU_TDO,BGR,TRIM_CODE_GROUP_53,CODE_4,MED_TRIM_CODE,8,-,-,-,-,TCSWEEP_MED_53,-,-,
CPU_TDO,BGR,TRIM_CODE_GROUP_53,CODE_4,MED_DONE,1,-,-,-,-,TCSWEEP_MED_53,-,-,
CPU_TDO,BGR,TRIM_CODE_GROUP_54,CODE_0,TRIM_CODE,8,-,-,-,-,TCSWEEP_0_54,-,-,I:DUT.BGDEFTEMPCO_BGTRIMCODE_H_0_54
CPU_TDO,BGR,TRIM_CODE_GROUP_54,CODE_0,DONE,1,-,-,-,-,TCSWEEP_0_54,-,-,
CPU_TDO,BGR,TRIM_CODE_GROUP_54,CODE_0,ERROR,1,-,-,-,-,TCSWEEP_0_54,-,-,
CPU_TDO,BGR,TRIM_CODE_GROUP_54,CODE_1,TRIM_CODE,8,-,-,-,-,TCSWEEP_1_54,-,-,I:DUT.BGDEFTEMPCO_BGTRIMCODE_H_1_54
CPU_TDO,BGR,TRIM_CODE_GROUP_54,CODE_1,DONE,1,-,-,-,-,TCSWEEP_1_54,-,-,
CPU_TDO,BGR,TRIM_CODE_GROUP_54,CODE_1,ERROR,1,-,-,-,-,TCSWEEP_1_54,-,-,
CPU_TDO,BGR,TRIM_CODE_GROUP_54,CODE_2,TRIM_CODE,8,-,-,-,-,TCSWEEP_2_54,-,-,I:DUT.BGDEFTEMPCO_BGTRIMCODE_H_2_54
CPU_TDO,BGR,TRIM_CODE_GROUP_54,CODE_2,DONE,1,-,-,-,-,TCSWEEP_2_54,-,-,
CPU_TDO,BGR,TRIM_CODE_GROUP_54,CODE_2,ERROR,1,-,-,-,-,TCSWEEP_2_54,-,-,
CPU_TDO,BGR,TRIM_CODE_GROUP_54,CODE_3,TRIM_CODE,8,-,-,-,-,TCSWEEP_3_54,-,-,I:DUT.BGDEFTEMPCO_BGTRIMCODE_H_3_54
CPU_TDO,BGR,TRIM_CODE_GROUP_54,CODE_3,DONE,1,-,-,-,-,TCSWEEP_3_54,-,-,
CPU_TDO,BGR,TRIM_CODE_GROUP_54,CODE_3,ERROR,1,-,-,-,-,TCSWEEP_3_54,-,-,
CPU_TDO,BGR,TRIM_CODE_GROUP_54,CODE_4,TRIM_CODE,8,-,-,-,-,TCSWEEP_4_54,-,-,I:DUT.BGDEFTEMPCO_BGTRIMCODE_H_4_54
CPU_TDO,BGR,TRIM_CODE_GROUP_54,CODE_4,DONE,1,-,-,-,-,TCSWEEP_4_54,-,-,
CPU_TDO,BGR,TRIM_CODE_GROUP_54,CODE_4,ERROR,1,-,-,-,-,TCSWEEP_4_54,-,-,
CPU_TDO,BGR,TRIM_CODE_GROUP_54,CODE_4,MED_TRIM_CODE,8,-,-,-,-,TCSWEEP_MED_54,-,-,
CPU_TDO,BGR,TRIM_CODE_GROUP_54,CODE_4,MED_DONE,1,-,-,-,-,TCSWEEP_MED_54,-,-,
CPU_TDO,BGR,TRIM_CODE_GROUP_55,CODE_0,TRIM_CODE,8,-,-,-,-,TCSWEEP_0_55,-,-,I:DUT.BGDEFTEMPCO_BGTRIMCODE_H_0_55
CPU_TDO,BGR,TRIM_CODE_GROUP_55,CODE_0,DONE,1,-,-,-,-,TCSWEEP_0_55,-,-,
CPU_TDO,BGR,TRIM_CODE_GROUP_55,CODE_0,ERROR,1,-,-,-,-,TCSWEEP_0_55,-,-,
CPU_TDO,BGR,TRIM_CODE_GROUP_55,CODE_1,TRIM_CODE,8,-,-,-,-,TCSWEEP_1_55,-,-,I:DUT.BGDEFTEMPCO_BGTRIMCODE_H_1_55
CPU_TDO,BGR,TRIM_CODE_GROUP_55,CODE_1,DONE,1,-,-,-,-,TCSWEEP_1_55,-,-,
CPU_TDO,BGR,TRIM_CODE_GROUP_55,CODE_1,ERROR,1,-,-,-,-,TCSWEEP_1_55,-,-,
CPU_TDO,BGR,TRIM_CODE_GROUP_55,CODE_2,TRIM_CODE,8,-,-,-,-,TCSWEEP_2_55,-,-,I:DUT.BGDEFTEMPCO_BGTRIMCODE_H_2_55
CPU_TDO,BGR,TRIM_CODE_GROUP_55,CODE_2,DONE,1,-,-,-,-,TCSWEEP_2_55,-,-,
CPU_TDO,BGR,TRIM_CODE_GROUP_55,CODE_2,ERROR,1,-,-,-,-,TCSWEEP_2_55,-,-,
CPU_TDO,BGR,TRIM_CODE_GROUP_55,CODE_3,TRIM_CODE,8,-,-,-,-,TCSWEEP_3_55,-,-,I:DUT.BGDEFTEMPCO_BGTRIMCODE_H_3_55
CPU_TDO,BGR,TRIM_CODE_GROUP_55,CODE_3,DONE,1,-,-,-,-,TCSWEEP_3_55,-,-,
CPU_TDO,BGR,TRIM_CODE_GROUP_55,CODE_3,ERROR,1,-,-,-,-,TCSWEEP_3_55,-,-,
CPU_TDO,BGR,TRIM_CODE_GROUP_55,CODE_4,TRIM_CODE,8,-,-,-,-,TCSWEEP_4_55,-,-,I:DUT.BGDEFTEMPCO_BGTRIMCODE_H_4_55
CPU_TDO,BGR,TRIM_CODE_GROUP_55,CODE_4,DONE,1,-,-,-,-,TCSWEEP_4_55,-,-,
CPU_TDO,BGR,TRIM_CODE_GROUP_55,CODE_4,ERROR,1,-,-,-,-,TCSWEEP_4_55,-,-,
CPU_TDO,BGR,TRIM_CODE_GROUP_55,CODE_4,MED_TRIM_CODE,8,-,-,-,-,TCSWEEP_MED_55,-,-,
CPU_TDO,BGR,TRIM_CODE_GROUP_55,CODE_4,MED_DONE,1,-,-,-,-,TCSWEEP_MED_55,-,-,
CPU_TDO,BGR,TRIM_CODE_GROUP_56,CODE_0,TRIM_CODE,8,-,-,-,-,TCSWEEP_0_56,-,-,I:DUT.BGDEFTEMPCO_BGTRIMCODE_H_0_56
CPU_TDO,BGR,TRIM_CODE_GROUP_56,CODE_0,DONE,1,-,-,-,-,TCSWEEP_0_56,-,-,
CPU_TDO,BGR,TRIM_CODE_GROUP_56,CODE_0,ERROR,1,-,-,-,-,TCSWEEP_0_56,-,-,
CPU_TDO,BGR,TRIM_CODE_GROUP_56,CODE_1,TRIM_CODE,8,-,-,-,-,TCSWEEP_1_56,-,-,I:DUT.BGDEFTEMPCO_BGTRIMCODE_H_1_56
CPU_TDO,BGR,TRIM_CODE_GROUP_56,CODE_1,DONE,1,-,-,-,-,TCSWEEP_1_56,-,-,
CPU_TDO,BGR,TRIM_CODE_GROUP_56,CODE_1,ERROR,1,-,-,-,-,TCSWEEP_1_56,-,-,
CPU_TDO,BGR,TRIM_CODE_GROUP_56,CODE_2,TRIM_CODE,8,-,-,-,-,TCSWEEP_2_56,-,-,I:DUT.BGDEFTEMPCO_BGTRIMCODE_H_2_56
CPU_TDO,BGR,TRIM_CODE_GROUP_56,CODE_2,DONE,1,-,-,-,-,TCSWEEP_2_56,-,-,
CPU_TDO,BGR,TRIM_CODE_GROUP_56,CODE_2,ERROR,1,-,-,-,-,TCSWEEP_2_56,-,-,
CPU_TDO,BGR,TRIM_CODE_GROUP_56,CODE_3,TRIM_CODE,8,-,-,-,-,TCSWEEP_3_56,-,-,I:DUT.BGDEFTEMPCO_BGTRIMCODE_H_3_56
CPU_TDO,BGR,TRIM_CODE_GROUP_56,CODE_3,DONE,1,-,-,-,-,TCSWEEP_3_56,-,-,
CPU_TDO,BGR,TRIM_CODE_GROUP_56,CODE_3,ERROR,1,-,-,-,-,TCSWEEP_3_56,-,-,
CPU_TDO,BGR,TRIM_CODE_GROUP_56,CODE_4,TRIM_CODE,8,-,-,-,-,TCSWEEP_4_56,-,-,I:DUT.BGDEFTEMPCO_BGTRIMCODE_H_4_56
CPU_TDO,BGR,TRIM_CODE_GROUP_56,CODE_4,DONE,1,-,-,-,-,TCSWEEP_4_56,-,-,
CPU_TDO,BGR,TRIM_CODE_GROUP_56,CODE_4,ERROR,1,-,-,-,-,TCSWEEP_4_56,-,-,
CPU_TDO,BGR,TRIM_CODE_GROUP_56,CODE_4,MED_TRIM_CODE,8,-,-,-,-,TCSWEEP_MED_56,-,-,
CPU_TDO,BGR,TRIM_CODE_GROUP_56,CODE_4,MED_DONE,1,-,-,-,-,TCSWEEP_MED_56,-,-,
CPU_TDO,BGR,TRIM_CODE_GROUP_57,CODE_0,TRIM_CODE,8,-,-,-,-,TCSWEEP_0_57,-,-,I:DUT.BGDEFTEMPCO_BGTRIMCODE_H_0_57
CPU_TDO,BGR,TRIM_CODE_GROUP_57,CODE_0,DONE,1,-,-,-,-,TCSWEEP_0_57,-,-,
CPU_TDO,BGR,TRIM_CODE_GROUP_57,CODE_0,ERROR,1,-,-,-,-,TCSWEEP_0_57,-,-,
CPU_TDO,BGR,TRIM_CODE_GROUP_57,CODE_1,TRIM_CODE,8,-,-,-,-,TCSWEEP_1_57,-,-,I:DUT.BGDEFTEMPCO_BGTRIMCODE_H_1_57
CPU_TDO,BGR,TRIM_CODE_GROUP_57,CODE_1,DONE,1,-,-,-,-,TCSWEEP_1_57,-,-,
CPU_TDO,BGR,TRIM_CODE_GROUP_57,CODE_1,ERROR,1,-,-,-,-,TCSWEEP_1_57,-,-,
CPU_TDO,BGR,TRIM_CODE_GROUP_57,CODE_2,TRIM_CODE,8,-,-,-,-,TCSWEEP_2_57,-,-,I:DUT.BGDEFTEMPCO_BGTRIMCODE_H_2_57
CPU_TDO,BGR,TRIM_CODE_GROUP_57,CODE_2,DONE,1,-,-,-,-,TCSWEEP_2_57,-,-,
CPU_TDO,BGR,TRIM_CODE_GROUP_57,CODE_2,ERROR,1,-,-,-,-,TCSWEEP_2_57,-,-,
CPU_TDO,BGR,TRIM_CODE_GROUP_57,CODE_3,TRIM_CODE,8,-,-,-,-,TCSWEEP_3_57,-,-,I:DUT.BGDEFTEMPCO_BGTRIMCODE_H_3_57
CPU_TDO,BGR,TRIM_CODE_GROUP_57,CODE_3,DONE,1,-,-,-,-,TCSWEEP_3_57,-,-,
CPU_TDO,BGR,TRIM_CODE_GROUP_57,CODE_3,ERROR,1,-,-,-,-,TCSWEEP_3_57,-,-,
CPU_TDO,BGR,TRIM_CODE_GROUP_57,CODE_4,TRIM_CODE,8,-,-,-,-,TCSWEEP_4_57,-,-,I:DUT.BGDEFTEMPCO_BGTRIMCODE_H_4_57
CPU_TDO,BGR,TRIM_CODE_GROUP_57,CODE_4,DONE,1,-,-,-,-,TCSWEEP_4_57,-,-,
CPU_TDO,BGR,TRIM_CODE_GROUP_57,CODE_4,ERROR,1,-,-,-,-,TCSWEEP_4_57,-,-,
CPU_TDO,BGR,TRIM_CODE_GROUP_57,CODE_4,MED_TRIM_CODE,8,-,-,-,-,TCSWEEP_MED_57,-,-,
CPU_TDO,BGR,TRIM_CODE_GROUP_57,CODE_4,MED_DONE,1,-,-,-,-,TCSWEEP_MED_57,-,-,
CPU_TDO,BGR,TRIM_CODE_GROUP_58,CODE_0,TRIM_CODE,8,-,-,-,-,TCSWEEP_0_58,-,-,I:DUT.BGDEFTEMPCO_BGTRIMCODE_H_0_58
CPU_TDO,BGR,TRIM_CODE_GROUP_58,CODE_0,DONE,1,-,-,-,-,TCSWEEP_0_58,-,-,
CPU_TDO,BGR,TRIM_CODE_GROUP_58,CODE_0,ERROR,1,-,-,-,-,TCSWEEP_0_58,-,-,
CPU_TDO,BGR,TRIM_CODE_GROUP_58,CODE_1,TRIM_CODE,8,-,-,-,-,TCSWEEP_1_58,-,-,I:DUT.BGDEFTEMPCO_BGTRIMCODE_H_1_58
CPU_TDO,BGR,TRIM_CODE_GROUP_58,CODE_1,DONE,1,-,-,-,-,TCSWEEP_1_58,-,-,
CPU_TDO,BGR,TRIM_CODE_GROUP_58,CODE_1,ERROR,1,-,-,-,-,TCSWEEP_1_58,-,-,
CPU_TDO,BGR,TRIM_CODE_GROUP_58,CODE_2,TRIM_CODE,8,-,-,-,-,TCSWEEP_2_58,-,-,I:DUT.BGDEFTEMPCO_BGTRIMCODE_H_2_58
CPU_TDO,BGR,TRIM_CODE_GROUP_58,CODE_2,DONE,1,-,-,-,-,TCSWEEP_2_58,-,-,
CPU_TDO,BGR,TRIM_CODE_GROUP_58,CODE_2,ERROR,1,-,-,-,-,TCSWEEP_2_58,-,-,
CPU_TDO,BGR,TRIM_CODE_GROUP_58,CODE_3,TRIM_CODE,8,-,-,-,-,TCSWEEP_3_58,-,-,I:DUT.BGDEFTEMPCO_BGTRIMCODE_H_3_58
CPU_TDO,BGR,TRIM_CODE_GROUP_58,CODE_3,DONE,1,-,-,-,-,TCSWEEP_3_58,-,-,
CPU_TDO,BGR,TRIM_CODE_GROUP_58,CODE_3,ERROR,1,-,-,-,-,TCSWEEP_3_58,-,-,
CPU_TDO,BGR,TRIM_CODE_GROUP_58,CODE_4,TRIM_CODE,8,-,-,-,-,TCSWEEP_4_58,-,-,I:DUT.BGDEFTEMPCO_BGTRIMCODE_H_4_58
CPU_TDO,BGR,TRIM_CODE_GROUP_58,CODE_4,DONE,1,-,-,-,-,TCSWEEP_4_58,-,-,
CPU_TDO,BGR,TRIM_CODE_GROUP_58,CODE_4,ERROR,1,-,-,-,-,TCSWEEP_4_58,-,-,
CPU_TDO,BGR,TRIM_CODE_GROUP_58,CODE_4,MED_TRIM_CODE,8,-,-,-,-,TCSWEEP_MED_58,-,-,
CPU_TDO,BGR,TRIM_CODE_GROUP_58,CODE_4,MED_DONE,1,-,-,-,-,TCSWEEP_MED_58,-,-,
CPU_TDO,BGR,TRIM_CODE_GROUP_59,CODE_0,TRIM_CODE,8,-,-,-,-,TCSWEEP_0_59,-,-,I:DUT.BGDEFTEMPCO_BGTRIMCODE_H_0_59
CPU_TDO,BGR,TRIM_CODE_GROUP_59,CODE_0,DONE,1,-,-,-,-,TCSWEEP_0_59,-,-,
CPU_TDO,BGR,TRIM_CODE_GROUP_59,CODE_0,ERROR,1,-,-,-,-,TCSWEEP_0_59,-,-,
CPU_TDO,BGR,TRIM_CODE_GROUP_59,CODE_1,TRIM_CODE,8,-,-,-,-,TCSWEEP_1_59,-,-,I:DUT.BGDEFTEMPCO_BGTRIMCODE_H_1_59
CPU_TDO,BGR,TRIM_CODE_GROUP_59,CODE_1,DONE,1,-,-,-,-,TCSWEEP_1_59,-,-,
CPU_TDO,BGR,TRIM_CODE_GROUP_59,CODE_1,ERROR,1,-,-,-,-,TCSWEEP_1_59,-,-,
CPU_TDO,BGR,TRIM_CODE_GROUP_59,CODE_2,TRIM_CODE,8,-,-,-,-,TCSWEEP_2_59,-,-,I:DUT.BGDEFTEMPCO_BGTRIMCODE_H_2_59
CPU_TDO,BGR,TRIM_CODE_GROUP_59,CODE_2,DONE,1,-,-,-,-,TCSWEEP_2_59,-,-,
CPU_TDO,BGR,TRIM_CODE_GROUP_59,CODE_2,ERROR,1,-,-,-,-,TCSWEEP_2_59,-,-,
CPU_TDO,BGR,TRIM_CODE_GROUP_59,CODE_3,TRIM_CODE,8,-,-,-,-,TCSWEEP_3_59,-,-,I:DUT.BGDEFTEMPCO_BGTRIMCODE_H_3_59
CPU_TDO,BGR,TRIM_CODE_GROUP_59,CODE_3,DONE,1,-,-,-,-,TCSWEEP_3_59,-,-,
CPU_TDO,BGR,TRIM_CODE_GROUP_59,CODE_3,ERROR,1,-,-,-,-,TCSWEEP_3_59,-,-,
CPU_TDO,BGR,TRIM_CODE_GROUP_59,CODE_4,TRIM_CODE,8,-,-,-,-,TCSWEEP_4_59,-,-,I:DUT.BGDEFTEMPCO_BGTRIMCODE_H_4_59
CPU_TDO,BGR,TRIM_CODE_GROUP_59,CODE_4,DONE,1,-,-,-,-,TCSWEEP_4_59,-,-,
CPU_TDO,BGR,TRIM_CODE_GROUP_59,CODE_4,ERROR,1,-,-,-,-,TCSWEEP_4_59,-,-,
CPU_TDO,BGR,TRIM_CODE_GROUP_59,CODE_4,MED_TRIM_CODE,8,-,-,-,-,TCSWEEP_MED_59,-,-,
CPU_TDO,BGR,TRIM_CODE_GROUP_59,CODE_4,MED_DONE,1,-,-,-,-,TCSWEEP_MED_59,-,-,
CPU_TDO,BGR,TRIM_CODE_GROUP_60,CODE_0,TRIM_CODE,8,-,-,-,-,TCSWEEP_0_60,-,-,I:DUT.BGDEFTEMPCO_BGTRIMCODE_H_0_60
CPU_TDO,BGR,TRIM_CODE_GROUP_60,CODE_0,DONE,1,-,-,-,-,TCSWEEP_0_60,-,-,
CPU_TDO,BGR,TRIM_CODE_GROUP_60,CODE_0,ERROR,1,-,-,-,-,TCSWEEP_0_60,-,-,
CPU_TDO,BGR,TRIM_CODE_GROUP_60,CODE_1,TRIM_CODE,8,-,-,-,-,TCSWEEP_1_60,-,-,I:DUT.BGDEFTEMPCO_BGTRIMCODE_H_1_60
CPU_TDO,BGR,TRIM_CODE_GROUP_60,CODE_1,DONE,1,-,-,-,-,TCSWEEP_1_60,-,-,
CPU_TDO,BGR,TRIM_CODE_GROUP_60,CODE_1,ERROR,1,-,-,-,-,TCSWEEP_1_60,-,-,
CPU_TDO,BGR,TRIM_CODE_GROUP_60,CODE_2,TRIM_CODE,8,-,-,-,-,TCSWEEP_2_60,-,-,I:DUT.BGDEFTEMPCO_BGTRIMCODE_H_2_60
CPU_TDO,BGR,TRIM_CODE_GROUP_60,CODE_2,DONE,1,-,-,-,-,TCSWEEP_2_60,-,-,
CPU_TDO,BGR,TRIM_CODE_GROUP_60,CODE_2,ERROR,1,-,-,-,-,TCSWEEP_2_60,-,-,
CPU_TDO,BGR,TRIM_CODE_GROUP_60,CODE_3,TRIM_CODE,8,-,-,-,-,TCSWEEP_3_60,-,-,I:DUT.BGDEFTEMPCO_BGTRIMCODE_H_3_60
CPU_TDO,BGR,TRIM_CODE_GROUP_60,CODE_3,DONE,1,-,-,-,-,TCSWEEP_3_60,-,-,
CPU_TDO,BGR,TRIM_CODE_GROUP_60,CODE_3,ERROR,1,-,-,-,-,TCSWEEP_3_60,-,-,
CPU_TDO,BGR,TRIM_CODE_GROUP_60,CODE_4,TRIM_CODE,8,-,-,-,-,TCSWEEP_4_60,-,-,I:DUT.BGDEFTEMPCO_BGTRIMCODE_H_4_60
CPU_TDO,BGR,TRIM_CODE_GROUP_60,CODE_4,DONE,1,-,-,-,-,TCSWEEP_4_60,-,-,
CPU_TDO,BGR,TRIM_CODE_GROUP_60,CODE_4,ERROR,1,-,-,-,-,TCSWEEP_4_60,-,-,
CPU_TDO,BGR,TRIM_CODE_GROUP_60,CODE_4,MED_TRIM_CODE,8,-,-,-,-,TCSWEEP_MED_60,-,-,
CPU_TDO,BGR,TRIM_CODE_GROUP_60,CODE_4,MED_DONE,1,-,-,-,-,TCSWEEP_MED_60,-,-,
CPU_TDO,BGR,TRIM_CODE_GROUP_61,CODE_0,TRIM_CODE,8,-,-,-,-,TCSWEEP_0_61,-,-,I:DUT.BGDEFTEMPCO_BGTRIMCODE_H_0_61
CPU_TDO,BGR,TRIM_CODE_GROUP_61,CODE_0,DONE,1,-,-,-,-,TCSWEEP_0_61,-,-,
CPU_TDO,BGR,TRIM_CODE_GROUP_61,CODE_0,ERROR,1,-,-,-,-,TCSWEEP_0_61,-,-,
CPU_TDO,BGR,TRIM_CODE_GROUP_61,CODE_1,TRIM_CODE,8,-,-,-,-,TCSWEEP_1_61,-,-,I:DUT.BGDEFTEMPCO_BGTRIMCODE_H_1_61
CPU_TDO,BGR,TRIM_CODE_GROUP_61,CODE_1,DONE,1,-,-,-,-,TCSWEEP_1_61,-,-,
CPU_TDO,BGR,TRIM_CODE_GROUP_61,CODE_1,ERROR,1,-,-,-,-,TCSWEEP_1_61,-,-,
CPU_TDO,BGR,TRIM_CODE_GROUP_61,CODE_2,TRIM_CODE,8,-,-,-,-,TCSWEEP_2_61,-,-,I:DUT.BGDEFTEMPCO_BGTRIMCODE_H_2_61
CPU_TDO,BGR,TRIM_CODE_GROUP_61,CODE_2,DONE,1,-,-,-,-,TCSWEEP_2_61,-,-,
CPU_TDO,BGR,TRIM_CODE_GROUP_61,CODE_2,ERROR,1,-,-,-,-,TCSWEEP_2_61,-,-,
CPU_TDO,BGR,TRIM_CODE_GROUP_61,CODE_3,TRIM_CODE,8,-,-,-,-,TCSWEEP_3_61,-,-,I:DUT.BGDEFTEMPCO_BGTRIMCODE_H_3_61
CPU_TDO,BGR,TRIM_CODE_GROUP_61,CODE_3,DONE,1,-,-,-,-,TCSWEEP_3_61,-,-,
CPU_TDO,BGR,TRIM_CODE_GROUP_61,CODE_3,ERROR,1,-,-,-,-,TCSWEEP_3_61,-,-,
CPU_TDO,BGR,TRIM_CODE_GROUP_61,CODE_4,TRIM_CODE,8,-,-,-,-,TCSWEEP_4_61,-,-,I:DUT.BGDEFTEMPCO_BGTRIMCODE_H_4_61
CPU_TDO,BGR,TRIM_CODE_GROUP_61,CODE_4,DONE,1,-,-,-,-,TCSWEEP_4_61,-,-,
CPU_TDO,BGR,TRIM_CODE_GROUP_61,CODE_4,ERROR,1,-,-,-,-,TCSWEEP_4_61,-,-,
CPU_TDO,BGR,TRIM_CODE_GROUP_61,CODE_4,MED_TRIM_CODE,8,-,-,-,-,TCSWEEP_MED_61,-,-,
CPU_TDO,BGR,TRIM_CODE_GROUP_61,CODE_4,MED_DONE,1,-,-,-,-,TCSWEEP_MED_61,-,-,
CPU_TDO,BGR,TRIM_CODE_GROUP_62,CODE_0,TRIM_CODE,8,-,-,-,-,TCSWEEP_0_62,-,-,I:DUT.BGDEFTEMPCO_BGTRIMCODE_H_0_62
CPU_TDO,BGR,TRIM_CODE_GROUP_62,CODE_0,DONE,1,-,-,-,-,TCSWEEP_0_62,-,-,
CPU_TDO,BGR,TRIM_CODE_GROUP_62,CODE_0,ERROR,1,-,-,-,-,TCSWEEP_0_62,-,-,
CPU_TDO,BGR,TRIM_CODE_GROUP_62,CODE_1,TRIM_CODE,8,-,-,-,-,TCSWEEP_1_62,-,-,I:DUT.BGDEFTEMPCO_BGTRIMCODE_H_1_62
CPU_TDO,BGR,TRIM_CODE_GROUP_62,CODE_1,DONE,1,-,-,-,-,TCSWEEP_1_62,-,-,
CPU_TDO,BGR,TRIM_CODE_GROUP_62,CODE_1,ERROR,1,-,-,-,-,TCSWEEP_1_62,-,-,
CPU_TDO,BGR,TRIM_CODE_GROUP_62,CODE_2,TRIM_CODE,8,-,-,-,-,TCSWEEP_2_62,-,-,I:DUT.BGDEFTEMPCO_BGTRIMCODE_H_2_62
CPU_TDO,BGR,TRIM_CODE_GROUP_62,CODE_2,DONE,1,-,-,-,-,TCSWEEP_2_62,-,-,
CPU_TDO,BGR,TRIM_CODE_GROUP_62,CODE_2,ERROR,1,-,-,-,-,TCSWEEP_2_62,-,-,
CPU_TDO,BGR,TRIM_CODE_GROUP_62,CODE_3,TRIM_CODE,8,-,-,-,-,TCSWEEP_3_62,-,-,I:DUT.BGDEFTEMPCO_BGTRIMCODE_H_3_62
CPU_TDO,BGR,TRIM_CODE_GROUP_62,CODE_3,DONE,1,-,-,-,-,TCSWEEP_3_62,-,-,
CPU_TDO,BGR,TRIM_CODE_GROUP_62,CODE_3,ERROR,1,-,-,-,-,TCSWEEP_3_62,-,-,
CPU_TDO,BGR,TRIM_CODE_GROUP_62,CODE_4,TRIM_CODE,8,-,-,-,-,TCSWEEP_4_62,-,-,I:DUT.BGDEFTEMPCO_BGTRIMCODE_H_4_62
CPU_TDO,BGR,TRIM_CODE_GROUP_62,CODE_4,DONE,1,-,-,-,-,TCSWEEP_4_62,-,-,
CPU_TDO,BGR,TRIM_CODE_GROUP_62,CODE_4,ERROR,1,-,-,-,-,TCSWEEP_4_62,-,-,
CPU_TDO,BGR,TRIM_CODE_GROUP_62,CODE_4,MED_TRIM_CODE,8,-,-,-,-,TCSWEEP_MED_62,-,-,
CPU_TDO,BGR,TRIM_CODE_GROUP_62,CODE_4,MED_DONE,1,-,-,-,-,TCSWEEP_MED_62,-,-,
CPU_TDO,BGR,TRIM_CODE_GROUP_63,CODE_0,TRIM_CODE,8,-,-,-,-,TCSWEEP_0_63,-,-,I:DUT.BGDEFTEMPCO_BGTRIMCODE_H_0_63
CPU_TDO,BGR,TRIM_CODE_GROUP_63,CODE_0,DONE,1,-,-,-,-,TCSWEEP_0_63,-,-,
CPU_TDO,BGR,TRIM_CODE_GROUP_63,CODE_0,ERROR,1,-,-,-,-,TCSWEEP_0_63,-,-,
CPU_TDO,BGR,TRIM_CODE_GROUP_63,CODE_1,TRIM_CODE,8,-,-,-,-,TCSWEEP_1_63,-,-,I:DUT.BGDEFTEMPCO_BGTRIMCODE_H_1_63
CPU_TDO,BGR,TRIM_CODE_GROUP_63,CODE_1,DONE,1,-,-,-,-,TCSWEEP_1_63,-,-,
CPU_TDO,BGR,TRIM_CODE_GROUP_63,CODE_1,ERROR,1,-,-,-,-,TCSWEEP_1_63,-,-,
CPU_TDO,BGR,TRIM_CODE_GROUP_63,CODE_2,TRIM_CODE,8,-,-,-,-,TCSWEEP_2_63,-,-,I:DUT.BGDEFTEMPCO_BGTRIMCODE_H_2_63
CPU_TDO,BGR,TRIM_CODE_GROUP_63,CODE_2,DONE,1,-,-,-,-,TCSWEEP_2_63,-,-,
CPU_TDO,BGR,TRIM_CODE_GROUP_63,CODE_2,ERROR,1,-,-,-,-,TCSWEEP_2_63,-,-,
CPU_TDO,BGR,TRIM_CODE_GROUP_63,CODE_3,TRIM_CODE,8,-,-,-,-,TCSWEEP_3_63,-,-,I:DUT.BGDEFTEMPCO_BGTRIMCODE_H_3_63
CPU_TDO,BGR,TRIM_CODE_GROUP_63,CODE_3,DONE,1,-,-,-,-,TCSWEEP_3_63,-,-,
CPU_TDO,BGR,TRIM_CODE_GROUP_63,CODE_3,ERROR,1,-,-,-,-,TCSWEEP_3_63,-,-,
CPU_TDO,BGR,TRIM_CODE_GROUP_63,CODE_4,TRIM_CODE,8,-,-,-,-,TCSWEEP_4_63,-,-,I:DUT.BGDEFTEMPCO_BGTRIMCODE_H_4_63
CPU_TDO,BGR,TRIM_CODE_GROUP_63,CODE_4,DONE,1,-,-,-,-,TCSWEEP_4_63,-,-,
CPU_TDO,BGR,TRIM_CODE_GROUP_63,CODE_4,ERROR,1,-,-,-,-,TCSWEEP_4_63,-,-,
CPU_TDO,BGR,TRIM_CODE_GROUP_63,CODE_4,MED_TRIM_CODE,8,-,-,-,-,TCSWEEP_MED_63,-,-,
CPU_TDO,BGR,TRIM_CODE_GROUP_63,CODE_4,MED_DONE,1,-,-,-,-,TCSWEEP_MED_63,-,-,
